ID,Category,Elements,Support_or_material,Reaction_or_application,Title,Journal,Year,Publisher,DOI,Accessible_URL,Open_PDF_URL,PDF_Status,Local_PDF_Path,Chinese_Introduction,Classification_Reason
E0001,Experimental,Pt,graphene,hydrogen evolution reaction,"Formation, Stabilities, and Electronic and Catalytic Performance of Platinum Catalyst Supported on Non-Metal-Doped Graphene",The Journal of Physical Chemistry C,2013,American Chemical Society,10.1021/jp400202e,https://doi.org/10.1021/jp400202e,,no_open_pdf_in_metadata,,"本文关注 Pt 单原子位点在 graphene 等载体上的催化行为，主要应用于hydrogen evolution reaction。 文章以材料制备、结构表征和催化性能测试为核心，通常结合谱学/显微表征确认单原子分散。 摘要要点：The geometry, electronic structure, and catalytic properties of Pt catalyst supported on the nonmetal doped-graphene (denoted as D-graphene, where D represents the B, Si, O and P dopant) substrates are investigated using the first-principles method. The nonmet",题名/摘要包含合成、制备、表征、测试或实验-理论联合研究信息，按实验论文归类；其中计算部分视作机理支持。
E0002,Experimental,Pt,graphene,hydrogen evolution reaction,Single-atom Catalysis Using Pt/Graphene Achieved through Atomic Layer Deposition,Scientific Reports,2013,Nature Portfolio,10.1038/srep01775,https://doi.org/10.1038/srep01775,https://www.nature.com/articles/srep01775.pdf,open_url_not_pdf,,"本文关注 Pt 单原子位点在 graphene 等载体上的催化行为，主要应用于hydrogen evolution reaction。 文章以材料制备、结构表征和催化性能测试为核心，通常结合谱学/显微表征确认单原子分散。 摘要要点：Platinum-nanoparticle-based catalysts are widely used in many important chemical processes and automobile industries. Downsizing catalyst nanoparticles to single atoms is highly desirable to maximize their use efficiency, however, very challenging. Here we rep",题名/摘要包含合成、制备、表征、测试或实验-理论联合研究信息，按实验论文归类；其中计算部分视作机理支持。
E0003,Experimental,Mixed_or_unclear,graphene,oxygen reduction reaction,Direct Observation of a Long-Lived Single-Atom Catalyst Chiseling Atomic Structures in Graphene,Nano Letters,2014,American Chemical Society,10.1021/nl403327u,https://doi.org/10.1021/nl403327u,,no_open_pdf_in_metadata,,"本文关注 Mixed_or_unclear 单原子位点在 graphene 等载体上的催化行为，主要应用于oxygen reduction reaction。 文章以材料制备、结构表征和催化性能测试为核心，通常结合谱学/显微表征确认单原子分散。 摘要要点：Fabricating stable functional devices at the atomic scale is an ultimate goal of nanotechnology. In biological processes, such high-precision operations are accomplished by enzymes. A counterpart molecular catalyst that binds to a solid-state substrate would b",题名/摘要包含合成、制备、表征、测试或实验-理论联合研究信息，按实验论文归类；其中计算部分视作机理支持。
E0004,Experimental,Fe,graphene,hydrogen evolution reaction,Direct in situ observations of single Fe atom catalytic processes and anomalous diffusion at graphene edges,Proceedings of the National Academy of Sciences,2014,National Academy of Sciences,10.1073/pnas.1412962111,https://doi.org/10.1073/pnas.1412962111,https://www.pnas.org/content/pnas/111/44/15641.full.pdf,download_failed: HTTPError,,"本文关注 Fe 单原子位点在 graphene 等载体上的催化行为，主要应用于hydrogen evolution reaction。 文章以材料制备、结构表征和催化性能测试为核心，通常结合谱学/显微表征确认单原子分散。 摘要要点：Single-atom catalysts are of great interest because of their high efficiency. In the case of chemically deposited sp(2) carbon, the implementation of a single transition metal atom for growth can provide crucial insight into the formation mechanisms of graphen",识别到合成、表征、电化学/催化测试或 operando/in situ 等实验关键词；若含 DFT，则视作实验论文的机理支持。
E0006,Experimental,Ir,graphene oxide,CO2 reduction/conversion,Conversion of CO 2 and C 2 H 6 to Propanoic Acid on an Iridium-Modified Graphene Oxide Surface: Quantum-Chemical Investigation,Industrial & Engineering Chemistry Research,2015,American Chemical Society,10.1021/ie503982t,https://doi.org/10.1021/ie503982t,,no_open_pdf_in_metadata,,"本文关注 Ir 单原子位点在 graphene oxide 等载体上的催化行为，主要应用于CO2 reduction/conversion。 文章以材料制备、结构表征和催化性能测试为核心，通常结合谱学/显微表征确认单原子分散。 摘要要点：Using density-functional theory, we performed calculations on a single-atom catalyst (SAC) comprising an iridium atom on a modified graphene oxide (Ir1-GO) surface to investigate the conversion of CO2 and C2H6 molecules to propanoic acid. The great catalytic a",识别到合成、表征、电化学/催化测试或 operando/in situ 等实验关键词；若含 DFT，则视作实验论文的机理支持。
E0007,Experimental,Pd,graphene,oxygen reduction reaction,"Single-Atom Pd 1 /Graphene Catalyst Achieved by Atomic Layer Deposition: Remarkable Performance in Selective Hydrogenation of 1,3-Butadiene",Journal of the American Chemical Society,2015,American Chemical Society,10.1021/jacs.5b06485,https://doi.org/10.1021/jacs.5b06485,,no_open_pdf_in_metadata,,本文关注 Pd 单原子位点在 graphene 等载体上的催化行为，主要应用于oxygen reduction reaction。 文章以材料制备、结构表征和催化性能测试为核心，通常结合谱学/显微表征确认单原子分散。 摘要要点：We reported that atomically dispersed Pd on graphene can be fabricated using the atomic layer deposition technique. Aberration-corrected high-angle annular dark-field scanning transmission electron microscopy and X-ray absorption fine structure spectroscopy bo,题名/摘要包含合成、制备、表征、测试或实验-理论联合研究信息，按实验论文归类；其中计算部分视作机理支持。
E0010,Experimental,Pt,graphene,oxygen reduction reaction,Tuning selectivity of electrochemical reactions by atomically dispersed platinum catalyst,Nature Communications,2016,Nature Portfolio,10.1038/ncomms10922,https://doi.org/10.1038/ncomms10922,https://www.nature.com/articles/ncomms10922.pdf,open_url_not_pdf,,"本文关注 Pt 单原子位点在 graphene 等载体上的催化行为，主要应用于oxygen reduction reaction。 文章以材料制备、结构表征和催化性能测试为核心，通常结合谱学/显微表征确认单原子分散。 摘要要点：Maximum atom efficiency as well as distinct chemoselectivity is expected for electrocatalysis on atomically dispersed (or single site) metal centres, but its realization remains challenging so far, because carbon, as the most widely used electrocatalyst suppor",题名/摘要包含合成、制备、表征、测试或实验-理论联合研究信息，按实验论文归类；其中计算部分视作机理支持。
E0011,Experimental,Pt,graphene,hydrogen evolution reaction,Bottom-up precise synthesis of stable platinum dimers on graphene,Nature Communications,2017,Nature Portfolio,10.1038/s41467-017-01259-z,https://doi.org/10.1038/s41467-017-01259-z,https://www.nature.com/articles/s41467-017-01259-z.pdf,open_url_not_pdf,,"本文关注 Pt 单原子位点在 graphene 等载体上的催化行为，主要应用于hydrogen evolution reaction。 文章以材料制备、结构表征和催化性能测试为核心，通常结合谱学/显微表征确认单原子分散。 摘要要点：Abstract Supported metal clusters containing only a few atoms are of great interest. Progress has been made in synthesis of metal single-atom catalysts. However, precise synthesis of metal dimers on high-surface area support remains a grand challenge. Here, we",题名/摘要包含合成、制备、表征、测试或实验-理论联合研究信息，按实验论文归类；其中计算部分视作机理支持。
E0016,Experimental,Co,graphene,hydrogen evolution reaction,Atomic engineering of high-density isolated Co atoms on graphene with proximal-atom controlled reaction selectivity,Nature Communications,2018,Nature Portfolio,10.1038/s41467-018-05754-9,https://doi.org/10.1038/s41467-018-05754-9,https://www.nature.com/articles/s41467-018-05754-9.pdf,open_url_not_pdf,,本文关注 Co 单原子位点在 graphene 等载体上的催化行为，主要应用于hydrogen evolution reaction。 文章以材料制备、结构表征和催化性能测试为核心，通常结合谱学/显微表征确认单原子分散。 摘要要点：Abstract Controllable synthesis of single atom catalysts (SACs) with high loading remains challenging due to the aggregation tendency of metal atoms as the surface coverage increases. Here we report the synthesis of graphene supported cobalt SACs (Co 1 /G) wit,题名/摘要包含合成、制备、表征、测试或实验-理论联合研究信息，按实验论文归类；其中计算部分视作机理支持。
E0018,Experimental,Fe; Co; Cu; Pt,graphene,oxygen reduction reaction,Definitive Structural Identification toward Molecule‐Type Sites within 1D and 2D Carbon‐Based Catalysts,Advanced Energy Materials,2018,Wiley,10.1002/aenm.201800436,https://doi.org/10.1002/aenm.201800436,,no_open_pdf_in_metadata,,"本文关注 Fe, Co, Cu, Pt 单原子位点在 graphene 等载体上的催化行为，主要应用于oxygen reduction reaction。 文章以材料制备、结构表征和催化性能测试为核心，通常结合谱学/显微表征确认单原子分散。 摘要要点：Abstract Developing facile preparation routes and atomic‐level characterization methods for single‐atom catalysts is highly desirable but still challenging. Herein, a general strategy is proposed to construct transition metal single atoms within 1D and 2D carb",识别到合成、表征、电化学/催化测试或 operando/in situ 等实验关键词；若含 DFT，则视作实验论文的机理支持。
E0019,Experimental,Mixed_or_unclear,graphene,catalysis,Electrocatalysis over Graphene-Defect-Coordinated Transition-Metal Single-Atom Catalysts,Chem,2018,Elsevier BV,10.1016/j.chempr.2018.01.013,https://doi.org/10.1016/j.chempr.2018.01.013,http://www.cell.com/article/S2451929418300354/pdf,download_failed: HTTPError,,本文关注 Mixed_or_unclear 单原子位点在 graphene 等载体上的催化行为，主要应用于catalysis。 文章以材料制备、结构表征和催化性能测试为核心，通常结合谱学/显微表征确认单原子分散。 摘要未在元数据源中提供，建议通过 DOI 页面查看全文摘要。,识别到合成、表征、电化学/催化测试或 operando/in situ 等实验关键词；若含 DFT，则视作实验论文的机理支持。
E0026,Experimental,Ni,graphene,catalysis,Real-time imaging of adatom-promoted graphene growth on nickel,Science,2018,American Association for the Advancement of Science,10.1126/science.aan8782,https://doi.org/10.1126/science.aan8782,,no_open_pdf_in_metadata,,"本文关注 Ni 单原子位点在 graphene 等载体上的催化行为，主要应用于catalysis。 文章以材料制备、结构表征和催化性能测试为核心，通常结合谱学/显微表征确认单原子分散。 摘要要点：Single adatoms are expected to participate in many processes occurring at solid surfaces, such as the growth of graphene on metals. We demonstrate, both experimentally and theoretically, the catalytic role played by single metal adatoms during the technologica",题名/摘要包含合成、制备、表征、测试或实验-理论联合研究信息，按实验论文归类；其中计算部分视作机理支持。
E0028,Experimental,Ti; Ni; Ir,graphene,CO2 reduction/conversion,Single-Atom Catalysis toward Efficient CO 2 Conversion to CO and Formate Products,Accounts of Chemical Research,2018,American Chemical Society,10.1021/acs.accounts.8b00478,https://doi.org/10.1021/acs.accounts.8b00478,,no_open_pdf_in_metadata,,"本文关注 Ti, Ni, Ir 单原子位点在 graphene 等载体上的催化行为，主要应用于CO2 reduction/conversion。 文章以材料制备、结构表征和催化性能测试为核心，通常结合谱学/显微表征确认单原子分散。 摘要要点：ConspectusSimply yet powerfully, single-atom catalysts (SACs) with atomically dispersed metal active centers on supports have received a growing interest in a wide range of catalytic reactions. As a specific example, SACs have exhibited distinctive performance",题名/摘要包含合成、制备、表征、测试或实验-理论联合研究信息，按实验论文归类；其中计算部分视作机理支持。
E0029,Experimental,Fe,graphene,hydrogen evolution reaction,Support effects on adsorption and catalytic activation of O 2 in single atom iron catalysts with graphene-based substrates,Physical Chemistry Chemical Physics,2018,Royal Society of Chemistry,10.1039/c7cp08301g,https://doi.org/10.1039/c7cp08301g,,no_open_pdf_in_metadata,,"本文关注 Fe 单原子位点在 graphene 等载体上的催化行为，主要应用于hydrogen evolution reaction。 文章以材料制备、结构表征和催化性能测试为核心，通常结合谱学/显微表征确认单原子分散。 摘要要点：. Furthermore, the findings can lay the foundation for the further study of graphene-based support effects and provide a guideline for the development and design of new non-noble-metal single atom catalysts.",识别到合成、表征、电化学/催化测试或 operando/in situ 等实验关键词；若含 DFT，则视作实验论文的机理支持。
E0030,Experimental,Pd,graphene,hydrogen evolution reaction,Toward Understanding of the Support Effect on Pd 1 Single-Atom-Catalyzed Hydrogenation Reactions,The Journal of Physical Chemistry C,2018,American Chemical Society,10.1021/acs.jpcc.8b07181,https://doi.org/10.1021/acs.jpcc.8b07181,,no_open_pdf_in_metadata,,"本文关注 Pd 单原子位点在 graphene 等载体上的催化行为，主要应用于hydrogen evolution reaction。 文章以材料制备、结构表征和催化性能测试为核心，通常结合谱学/显微表征确认单原子分散。 摘要要点：Metal single-atom catalysts (SACs) have received significant attention in the catalysis field due to maximized atom efficiency and their unique catalytic properties. The support could have prominent influences on the catalytic performance. However, the support",识别到合成、表征、电化学/催化测试或 operando/in situ 等实验关键词；若含 DFT，则视作实验论文的机理支持。
E0032,Experimental,V; Fe; Co; Ni; Cu; Mo; Pd; Ag,graphene oxide,CO2 reduction/conversion,A Universal Seeding Strategy to Synthesize Single Atom Catalysts on 2D Materials for Electrocatalytic Applications,Advanced Functional Materials,2019,Wiley,10.1002/adfm.201906157,https://doi.org/10.1002/adfm.201906157,https://onlinelibrary.wiley.com/doi/pdfdirect/10.1002/adfm.201906157,download_failed: HTTPError,,"本文关注 V, Fe, Co, Ni, Cu, Mo, Pd, Ag 单原子位点在 graphene oxide 等载体上的催化行为，主要应用于CO2 reduction/conversion。 文章以材料制备、结构表征和催化性能测试为核心，通常结合谱学/显微表征确认单原子分散。 摘要要点：Abstract Single‐atom catalysts (SACs) are attracting significant attention due to their exceptional catalytic performance and stability. However, the controllable, scalable, and efficient synthesis of SACs remains a significant challenge. Herein, a new and ver",题名/摘要包含合成、制备、表征、测试或实验-理论联合研究信息，按实验论文归类；其中计算部分视作机理支持。
E0033,Experimental,Ni,graphene,CO oxidation,A novel single-atom catalyst for CO oxidation in humid environmental conditions: Ni-embedded divacancy graphene,Journal of Materials Chemistry A,2019,Royal Society of Chemistry,10.1039/c9ta08525d,https://doi.org/10.1039/c9ta08525d,,no_open_pdf_in_metadata,,"本文关注 Ni 单原子位点在 graphene 等载体上的催化行为，主要应用于CO oxidation。 文章以材料制备、结构表征和催化性能测试为核心，通常结合谱学/显微表征确认单原子分散。 摘要要点：A termolecular Eley–Rideal (TER) mechanism is preferred for CO oxidation on Ni-DG in humid environments, and the energy barrier for the rate limiting step (2CO + O 2 → OCOOCO) is only 0.34 eV.",识别到合成、表征、电化学/催化测试或 operando/in situ 等实验关键词；若含 DFT，则视作实验论文的机理支持。
E0034,Experimental,Fe; Zn; Pt,graphene,oxygen reduction reaction,A pyrolysis-free path toward superiorly catalytic nitrogen-coordinated single atom,Science Advances,2019,American Association for the Advancement of Science,10.1126/sciadv.aaw2322,https://doi.org/10.1126/sciadv.aaw2322,https://www.science.org/doi/pdf/10.1126/sciadv.aaw2322?download=true,download_failed: HTTPError,,"本文关注 Fe, Zn, Pt 单原子位点在 graphene 等载体上的催化行为，主要应用于oxygen reduction reaction。 文章以材料制备、结构表征和催化性能测试为核心，通常结合谱学/显微表征确认单原子分散。 摘要要点：Nitrogen-coordinated single-atom catalysts (SACs) have emerged as a frontier for electrocatalysis (such as oxygen reduction) with maximized atom utilization and highly catalytic activity. The precise design and operable synthesis of SACs are vital for practica",题名/摘要包含合成、制备、表征、测试或实验-理论联合研究信息，按实验论文归类；其中计算部分视作机理支持。
E0039,Experimental,Cu,graphene,hydrogen evolution reaction,Anchoring Cu1 species over nanodiamond-graphene for semi-hydrogenation of acetylene,Nature Communications,2019,Nature Portfolio,10.1038/s41467-019-12460-7,https://doi.org/10.1038/s41467-019-12460-7,https://www.nature.com/articles/s41467-019-12460-7.pdf,open_url_not_pdf,,"本文关注 Cu 单原子位点在 graphene 等载体上的催化行为，主要应用于hydrogen evolution reaction。 文章以材料制备、结构表征和催化性能测试为核心，通常结合谱学/显微表征确认单原子分散。 摘要要点：The design of cheap, non-toxic, and earth-abundant transition metal catalysts for selective hydrogenation of alkynes remains a challenge in both industry and academia. Here, we report a new atomically dispersed copper (Cu) catalyst supported on a defective nan",题名/摘要包含合成、制备、表征、测试或实验-理论联合研究信息，按实验论文归类；其中计算部分视作机理支持。
E0040,Experimental,Pd,graphene,hydrogen evolution reaction,Atomic Pd on Graphdiyne/Graphene Heterostructure as Efficient Catalyst for Aromatic Nitroreduction,Advanced Functional Materials,2019,Wiley,10.1002/adfm.201905423,https://doi.org/10.1002/adfm.201905423,,no_open_pdf_in_metadata,,"本文关注 Pd 单原子位点在 graphene 等载体上的催化行为，主要应用于hydrogen evolution reaction。 文章以材料制备、结构表征和催化性能测试为核心，通常结合谱学/显微表征确认单原子分散。 摘要要点：Abstract With the maximum atom‐utilization efficiency, single atom catalysts (SACs) have attracted great research interest in catalysis science recently. To address the following key challenges for the further development of SACs: i) how to stabilize and avoid",题名/摘要包含合成、制备、表征、测试或实验-理论联合研究信息，按实验论文归类；其中计算部分视作机理支持。
E0049,Experimental,Pt,graphene,hydrogen evolution reaction,Comparative Study of C 3 N- and Graphene-Supported Single-Atom Pt,The Journal of Physical Chemistry C,2019,American Chemical Society,10.1021/acs.jpcc.8b12142,https://doi.org/10.1021/acs.jpcc.8b12142,,no_open_pdf_in_metadata,,"本文关注 Pt 单原子位点在 graphene 等载体上的催化行为，主要应用于hydrogen evolution reaction。 文章以材料制备、结构表征和催化性能测试为核心，通常结合谱学/显微表征确认单原子分散。 摘要要点：Substrate-supported single atoms have been of interest in many fields, such as magnetism, semiconductors, catalysis, and others. As far as single-atom catalysts (such as Pt, Pd, and Au atoms) are concerned, the substrates play vital roles for the stability and",题名/摘要包含合成、制备、表征、测试或实验-理论联合研究信息，按实验论文归类；其中计算部分视作机理支持。
E0052,Experimental,V; Co; Ni,graphene,oxygen reduction reaction,Defective Graphene on the Transition-Metal Surface: Formation of Efficient Bifunctional Catalysts for Oxygen Evolution/Reduction Reactions in Alkaline Media,ACS Applied Materials & Interfaces,2019,American Chemical Society,10.1021/acsami.9b02588,https://doi.org/10.1021/acsami.9b02588,,no_open_pdf_in_metadata,,"本文关注 V, Co, Ni 单原子位点在 graphene 等载体上的催化行为，主要应用于oxygen reduction reaction。 文章以材料制备、结构表征和催化性能测试为核心，通常结合谱学/显微表征确认单原子分散。 摘要要点：Supported single-atom catalysts (SACs) have attracted enormous attention because of their high selectivity, activity, and efficiency, compared to conventional nanoparticles and metal bulk catalysts. However, all of these unique merits rely on the stability of",题名/摘要包含合成、制备、表征、测试或实验-理论联合研究信息，按实验论文归类；其中计算部分视作机理支持。
E0053,Experimental,Mo,graphene,hydrogen evolution reaction,Dinitrogen Activation on Graphene Anchored Single Atom Catalysts: Local Site Activity or Surface Phenomena,The Journal of Physical Chemistry C,2019,American Chemical Society,10.1021/acs.jpcc.9b06757,https://doi.org/10.1021/acs.jpcc.9b06757,,no_open_pdf_in_metadata,,本文关注 Mo 单原子位点在 graphene 等载体上的催化行为，主要应用于hydrogen evolution reaction。 文章以材料制备、结构表征和催化性能测试为核心，通常结合谱学/显微表征确认单原子分散。 摘要要点：Catalysis on two-dimensional (2D) substrates with metal clusters or centers is generally dealt with as a surface phenomenon under the conjecture that the delocalized electron density is the driving force. When single atom catalysts (SACs) are anchored on such,题名/摘要包含合成、制备、表征、测试或实验-理论联合研究信息，按实验论文归类；其中计算部分视作机理支持。
E0054,Experimental,Ni; Rh,graphene,catalysis,Direct Oxidation of Methane to Methanol Enabled by Electronic Atomic Monolayer–Metal Support Interaction,ACS Catalysis,2019,American Chemical Society,10.1021/acscatal.9b01619,https://doi.org/10.1021/acscatal.9b01619,,no_open_pdf_in_metadata,,"本文关注 Ni, Rh 单原子位点在 graphene 等载体上的催化行为，主要应用于catalysis。 文章以材料制备、结构表征和催化性能测试为核心，通常结合谱学/显微表征确认单原子分散。 摘要要点：Direct, catalytic oxidation of methane to methanol (MTM) with molecular oxygen is a highly desirable process to valorize methane. We propose that Rh-doped graphene (GR) supported on Ni(111) can be a promising catalyst for MTM with appreciable activity and sele",识别到合成、表征、电化学/催化测试或 operando/in situ 等实验关键词；若含 DFT，则视作实验论文的机理支持。
E0057,Experimental,Co,graphene,hydrogen evolution reaction,Enhanced Activity of C 2 N-Supported Single Co Atom Catalyst by Single Atom Promoter,The Journal of Physical Chemistry Letters,2019,American Chemical Society,10.1021/acs.jpclett.9b02906,https://doi.org/10.1021/acs.jpclett.9b02906,,no_open_pdf_in_metadata,,"本文关注 Co 单原子位点在 graphene 等载体上的催化行为，主要应用于hydrogen evolution reaction。 文章以材料制备、结构表征和催化性能测试为核心，通常结合谱学/显微表征确认单原子分散。 摘要要点：The remarkable chemical activity of metal single-atom catalysts (SACs) lies in their unique electronic states associated with the low-coordination nature of single-atom sites. Yet, electronic state manipulation normally requires direct contact with other atoms",识别到合成、表征、电化学/催化测试或 operando/in situ 等实验关键词；若含 DFT，则视作实验论文的机理支持。
E0060,Experimental,Ni,graphene,hydrogenation,Gas‐Phase Dehydrogenation of Alkanes: C−H Activation by a Graphene‐Supported Nickel Single‐Atom Catalyst Model,Angewandte Chemie International Edition,2019,Wiley,10.1002/anie.201907487,https://doi.org/10.1002/anie.201907487,,no_open_pdf_in_metadata,,"本文关注 Ni 单原子位点在 graphene 等载体上的催化行为，主要应用于hydrogenation。 文章以材料制备、结构表征和催化性能测试为核心，通常结合谱学/显微表征确认单原子分散。 摘要要点：A gas-phase anionic nickel(0) fluorenyl complex is shown to effect the dehydrogenation of linear, branched, and cyclic alkanes via C-H activation. It performs dehydrogenations via a C-H insertion followed by β-hydride elimination. When given energy via collisi",题名/摘要包含合成、制备、表征、测试或实验-理论联合研究信息，按实验论文归类；其中计算部分视作机理支持。
E0061,Experimental,Mixed_or_unclear,graphene,hydrogen evolution reaction,Graphene aerogel keeps single-atom catalysts stable,C&EN Global Enterprise,2019,American Chemical Society,10.1021/cen-09732-scicon11,https://doi.org/10.1021/cen-09732-scicon11,,no_open_pdf_in_metadata,,"本文关注 Mixed_or_unclear 单原子位点在 graphene 等载体上的催化行为，主要应用于hydrogen evolution reaction。 文章以材料制备、结构表征和催化性能测试为核心，通常结合谱学/显微表征确认单原子分散。 摘要要点：To get the most out of precious metals used as industrial catalysts, researchers try to disperse the metals as finely as possible on a support material. The smaller the particle, the larger the fraction of atoms that reside at the surface, where they are expos",识别到合成、表征、电化学/催化测试或 operando/in situ 等实验关键词；若含 DFT，则视作实验论文的机理支持。
E0062,Experimental,Ni,graphene oxide,CO2 reduction/conversion,Highly Efficient Electroreduction of CO 2 on Nickel Single‐Atom Catalysts: Atom Trapping and Nitrogen Anchoring,Small,2019,Wiley,10.1002/smll.201903668,https://doi.org/10.1002/smll.201903668,,no_open_pdf_in_metadata,,"本文关注 Ni 单原子位点在 graphene oxide 等载体上的催化行为，主要应用于CO2 reduction/conversion。 文章以材料制备、结构表征和催化性能测试为核心，通常结合谱学/显微表征确认单原子分散。 摘要要点：Abstract Construction of single atom catalysts (SACs) with high activity toward electroreduction of CO 2 still remains a great challenge. A very simple and truly cost‐effective synthetic strategy is proposed to prepare SACs via a impregnation–pyrolysis method,",题名/摘要包含合成、制备、表征、测试或实验-理论联合研究信息，按实验论文归类；其中计算部分视作机理支持。
E0063,Experimental,Fe,graphene,oxygen reduction reaction,Iron Single Atoms on Graphene as Nonprecious Metal Catalysts for High‐Temperature Polymer Electrolyte Membrane Fuel Cells,Advanced Science,2019,Wiley,10.1002/advs.201802066,https://doi.org/10.1002/advs.201802066,https://onlinelibrary.wiley.com/doi/pdfdirect/10.1002/advs.201802066,download_failed: HTTPError,,"本文关注 Fe 单原子位点在 graphene 等载体上的催化行为，主要应用于oxygen reduction reaction。 文章以材料制备、结构表征和催化性能测试为核心，通常结合谱学/显微表征确认单原子分散。 摘要要点：Abstract Iron single atom catalysts (Fe SACs) are the best‐known nonprecious metal (NPM) catalysts for the oxygen reduction reaction (ORR) of polymer electrolyte membrane fuel cells (PEMFCs), but their practical application has been constrained by the low Fe S",题名/摘要包含合成、制备、表征、测试或实验-理论联合研究信息，按实验论文归类；其中计算部分视作机理支持。
E0064,Experimental,Fe,graphene,oxygen reduction reaction,Isolated Fe atoms dispersed on cellulose-derived nanocarbons as an efficient electrocatalyst for the oxygen reduction reaction,Nanoscale,2019,Royal Society of Chemistry,10.1039/c9nr07914a,https://doi.org/10.1039/c9nr07914a,,no_open_pdf_in_metadata,,"本文关注 Fe 单原子位点在 graphene 等载体上的催化行为，主要应用于oxygen reduction reaction。 文章以材料制备、结构表征和催化性能测试为核心，通常结合谱学/显微表征确认单原子分散。 摘要要点：Cost-effective preparation of efficient electrocatalysts is vitally important for energy storage and conversion. Here, a facile chemical activation strategy using biomass cellulose as the carbon feedstock to fabricate isolated Fe atoms dispersed on a nitrogen",题名/摘要包含合成、制备、表征、测试或实验-理论联合研究信息，按实验论文归类；其中计算部分视作机理支持。
E0073,Experimental,Pd,graphene,hydrogen evolution reaction,Pd Single‐Atom Catalysts on Nitrogen‐Doped Graphene for the Highly Selective Photothermal Hydrogenation of Acetylene to Ethylene,Advanced Materials,2019,,10.1002/adma.201900509,https://doi.org/10.1002/adma.201900509,,no_open_pdf_in_metadata,,"本文关注 Pd 单原子位点在 graphene 等载体上的催化行为，主要应用于hydrogen evolution reaction。 文章以材料制备、结构表征和催化性能测试为核心，通常结合谱学/显微表征确认单原子分散。 摘要要点：Abstract The selective hydrogenation of acetylene to ethylene in an ethylene‐rich gas stream is an important process in the chemical industry. Pd‐based catalysts are widely used in this reaction due to their excellent hydrogenation activity, though their selec",题名/摘要包含合成、制备、表征、测试或实验-理论联合研究信息，按实验论文归类；其中计算部分视作机理支持。
E0074,Experimental,Cu; Pt,graphene,hydrogen evolution reaction,Protecting Single Atom Catalysts with Graphene/Carbon-Nitride “Chainmail”,The Journal of Physical Chemistry Letters,2019,American Chemical Society,10.1021/acs.jpclett.9b01336,https://doi.org/10.1021/acs.jpclett.9b01336,,no_open_pdf_in_metadata,,"本文关注 Cu, Pt 单原子位点在 graphene 等载体上的催化行为，主要应用于hydrogen evolution reaction。 文章以材料制备、结构表征和催化性能测试为核心，通常结合谱学/显微表征确认单原子分散。 摘要要点：Single-atom catalysts (SACs) possess high chemical activity but suffer from structural vulnerability owing to atom aggregation or attacks from reaction intermediates. In this work, we employed first-principles simulations to propose a design of stable and effi",题名/摘要包含合成、制备、表征、测试或实验-理论联合研究信息，按实验论文归类；其中计算部分视作机理支持。
E0075,Experimental,V; Cr; Fe; Co; Ni; Rh; W,graphene,oxygen reduction reaction,Rational Design of Graphene‐Supported Single Atom Catalysts for Hydrogen Evolution Reaction,Advanced Energy Materials,2019,Wiley,10.1002/aenm.201803689,https://doi.org/10.1002/aenm.201803689,https://www.osti.gov/servlets/purl/1502877,downloaded_open_access_pdf,Experimental/V/pdfs/E0075_Rational_Design_of_Graphene_Supported_Single_Atom_Catalysts_for_Hydrogen_Evolution_Reactio.pdf,"本文关注 V, Cr, Fe, Co, Ni, Rh, W 单原子位点在 graphene 等载体上的催化行为，主要应用于oxygen reduction reaction。 文章以材料制备、结构表征和催化性能测试为核心，通常结合谱学/显微表征确认单原子分散。 摘要要点：Abstract The proper choice of nonprecious transition metals as single atom catalysts (SACs) remains unclear for designing highly efficient electrocatalysts for hydrogen evolution reaction (HER). Herein, reported is an activity correlation with catalysts, elect",题名/摘要包含合成、制备、表征、测试或实验-理论联合研究信息，按实验论文归类；其中计算部分视作机理支持。
E0078,Experimental,Sc; V; Co; Zn; Mo; W; Pt; Au,graphene,CO2 reduction/conversion,Single Atoms for Energy Applications,Small Methods,2019,Wiley,10.1002/smtd.201900523,https://doi.org/10.1002/smtd.201900523,https://onlinelibrary.wiley.com/doi/pdfdirect/10.1002/smtd.201900523,download_failed: HTTPError,,"本文关注 Sc, V, Co, Zn, Mo, W, Pt, Au 单原子位点在 graphene 等载体上的催化行为，主要应用于CO2 reduction/conversion。 文章以材料制备、结构表征和催化性能测试为核心，通常结合谱学/显微表征确认单原子分散。 摘要要点：The atom is the smallest particle to maintain chemical properties of an element. Therefore, single-atom methods are practical way to maximize the chemical properties and reduce the usage of noble/expensive elements. To date, single-atom catalysts (SACs) are of",题名/摘要包含合成、制备、表征、测试或实验-理论联合研究信息，按实验论文归类；其中计算部分视作机理支持。
E0079,Experimental,Pt,graphene,CO oxidation,Single Pt atom supported on penta-graphene as an efficient catalyst for CO oxidation,Physical Chemistry Chemical Physics,2019,Royal Society of Chemistry,10.1039/c9cp02306b,https://doi.org/10.1039/c9cp02306b,,no_open_pdf_in_metadata,,"本文关注 Pt 单原子位点在 graphene 等载体上的催化行为，主要应用于CO oxidation。 文章以材料制备、结构表征和催化性能测试为核心，通常结合谱学/显微表征确认单原子分散。 摘要要点：We performed a systematic study of CO oxidation on a single Pt atom supported on penta-graphene (Pt/PG) by utilizing spin-polarized first-principles calculations. The results manifested that Pt/PG, as a single-atom catalyst, exhibited excellent catalytic activ",题名/摘要包含合成、制备、表征、测试或实验-理论联合研究信息，按实验论文归类；其中计算部分视作机理支持。
E0080,Experimental,Fe; Co; Ni,graphene,hydrogen evolution reaction,Single-Atom Coated Separator for Robust Lithium–Sulfur Batteries,ACS Applied Materials & Interfaces,2019,American Chemical Society,10.1021/acsami.9b05628,https://doi.org/10.1021/acsami.9b05628,,no_open_pdf_in_metadata,,"本文关注 Fe, Co, Ni 单原子位点在 graphene 等载体上的催化行为，主要应用于hydrogen evolution reaction。 文章以材料制备、结构表征和催化性能测试为核心，通常结合谱学/显微表征确认单原子分散。 摘要要点：Lithium–sulfur (Li–S) batteries are strong contenders among lithium batteries due to superior capacity and energy density, but the polysulfide shuttling effect limits the cycle life and reduces energy efficiency due to a voltage gap between charge and discharg",题名/摘要包含合成、制备、表征、测试或实验-理论联合研究信息，按实验论文归类；其中计算部分视作机理支持。
E0082,Experimental,Cr,graphene,hydrogen evolution reaction,Single‐Atom Catalysis Using Chromium Embedded in Divacant Graphene for Conversion of Dinitrogen to Ammonia,ChemPhysChem,2019,Wiley,10.1002/cphc.201900519,https://doi.org/10.1002/cphc.201900519,,no_open_pdf_in_metadata,,"本文关注 Cr 单原子位点在 graphene 等载体上的催化行为，主要应用于hydrogen evolution reaction。 文章以材料制备、结构表征和催化性能测试为核心，通常结合谱学/显微表征确认单原子分散。 摘要要点：Abstract Reduction of dinitrogen to ammonia under ambient conditions is a long‐standing challenge. The few metal‐based catalysts proposed have conspicuous disadvantages such as high cost, high energy consumption, and being hazardous to the environment. Single‐",题名/摘要包含合成、制备、表征、测试或实验-理论联合研究信息，按实验论文归类；其中计算部分视作机理支持。
E0084,Experimental,Fe,graphene oxide,catalysis,Single‐Atom Catalysts: Ambient Synthesis of Single‐Atom Catalysts from Bulk Metal via Trapping of Atoms by Surface Dangling Bonds (Adv. Mater. 44/2019),Advanced Materials,2019,,10.1002/adma.201970316,https://doi.org/10.1002/adma.201970316,https://onlinelibrary.wiley.com/doi/pdfdirect/10.1002/adma.201970316,download_failed: HTTPError,,本文关注 Fe 单原子位点在 graphene oxide 等载体上的催化行为，主要应用于catalysis。 文章以材料制备、结构表征和催化性能测试为核心，通常结合谱学/显微表征确认单原子分散。 摘要要点：A facile dangling-bond trapping strategy to construct single-atom catalysts under ambient conditions from easily accessible bulk Fe is presented by Yuen Wu and co-workers in article number 1904496. Oxygen dangling bonds on graphene oxide act like four fingers,题名/摘要包含合成、制备、表征、测试或实验-理论联合研究信息，按实验论文归类；其中计算部分视作机理支持。
E0088,Experimental,Pt,graphene,hydrogen evolution reaction,Thermal Emitting Strategy to Synthesize Atomically Dispersed Pt Metal Sites from Bulk Pt Metal,Journal of the American Chemical Society,2019,American Chemical Society,10.1021/jacs.8b09834,https://doi.org/10.1021/jacs.8b09834,,no_open_pdf_in_metadata,,"本文关注 Pt 单原子位点在 graphene 等载体上的催化行为，主要应用于hydrogen evolution reaction。 文章以材料制备、结构表征和催化性能测试为核心，通常结合谱学/显微表征确认单原子分散。 摘要要点：Developing a facile route to access active and well-defined single atom sites catalysts has been a major area of focus for single atoms catalysts (SACs). Herein, we demonstrate a simple approach to generate atomically dispersed platinum via a thermal emitting",题名/摘要包含合成、制备、表征、测试或实验-理论联合研究信息，按实验论文归类；其中计算部分视作机理支持。
E0094,Experimental,Ti,graphene oxide,hydrogen evolution reaction,A Novel Single‐Atom Electrocatalyst Ti 1 /rGO for Efficient Cathodic Reduction in Hybrid Photovoltaics,Advanced Materials,2020,,10.1002/adma.202000478,https://doi.org/10.1002/adma.202000478,,no_open_pdf_in_metadata,,"本文关注 Ti 单原子位点在 graphene oxide 等载体上的催化行为，主要应用于hydrogen evolution reaction。 文章以材料制备、结构表征和催化性能测试为核心，通常结合谱学/显微表征确认单原子分散。 摘要要点：Abstract Single‐atom catalysts (SACs) are a frontier research topic in the catalysis community. Carbon materials decorated with atomically dispersed Ti are theoretically predicted with many attractive applications. However, such material has not been achieved",题名/摘要包含合成、制备、表征、测试或实验-理论联合研究信息，按实验论文归类；其中计算部分视作机理支持。
E0096,Experimental,Fe; Co; Ni,graphene oxide,oxygen reduction reaction,Atomic Filtration by Graphene Oxide Membranes to Access Atomically Dispersed Single Atom Catalysts,ACS Catalysis,2020,American Chemical Society,10.1021/acscatal.0c02203,https://doi.org/10.1021/acscatal.0c02203,,no_open_pdf_in_metadata,,"本文关注 Fe, Co, Ni 单原子位点在 graphene oxide 等载体上的催化行为，主要应用于oxygen reduction reaction。 文章以材料制备、结构表征和催化性能测试为核心，通常结合谱学/显微表征确认单原子分散。 摘要要点：Single atom catalysts (SACs) as a kind of bright star catalyst have attracted great attention, constituting a series of intriguing properties for catalytic reactions. Herein, a simple and ingenious strategy is developed for the fabrication of SACs via atomic f",题名/摘要包含合成、制备、表征、测试或实验-理论联合研究信息，按实验论文归类；其中计算部分视作机理支持。
E0098,Experimental,Fe,graphene,CO2 reduction/conversion,Atomically Dispersed Iron–Nitrogen Sites on Hierarchically Mesoporous Carbon Nanotube and Graphene Nanoribbon Networks for CO 2 Reduction,ACS Nano,2020,American Chemical Society,10.1021/acsnano.9b09658,https://doi.org/10.1021/acsnano.9b09658,,no_open_pdf_in_metadata,,"本文关注 Fe 单原子位点在 graphene 等载体上的催化行为，主要应用于CO2 reduction/conversion。 文章以材料制备、结构表征和催化性能测试为核心，通常结合谱学/显微表征确认单原子分散。 摘要要点：at a low overpotential of 650 mV, making it one of the most active M-N/C catalysts reported. This work presents an effective strategy to fabricate advanced atomistic catalysts and highlights the key roles of support architecture in single-atom electrocatalysis",识别到合成、表征、电化学/催化测试或 operando/in situ 等实验关键词；若含 DFT，则视作实验论文的机理支持。
E0106,Experimental,Fe; Co; Ni,graphene oxide,oxygen reduction reaction,Bifunctional Single Atom Electrocatalysts: Coordination–Performance Correlations and Reaction Pathways,ACS Nano,2020,American Chemical Society,10.1021/acsnano.0c05088,https://doi.org/10.1021/acsnano.0c05088,,no_open_pdf_in_metadata,,"本文关注 Fe, Co, Ni 单原子位点在 graphene oxide 等载体上的催化行为，主要应用于oxygen reduction reaction。 文章以材料制备、结构表征和催化性能测试为核心，通常结合谱学/显微表征确认单原子分散。 摘要要点：Single atom catalysts (SACs) are ideal model systems in catalysis research. Here we employ SACs to address the fundamental catalytic challenge of generating well-defined active metal centers to elucidate their interactions with coordinating atoms, which define",题名/摘要包含合成、制备、表征、测试或实验-理论联合研究信息，按实验论文归类；其中计算部分视作机理支持。
E0111,Experimental,Ni,graphene,CO2 reduction/conversion,Controlled One‐pot Synthesis of Nickel Single Atoms Embedded in Carbon Nanotube and Graphene Supports with High Loading,ChemNanoMat,2020,Wiley,10.1002/cnma.202000223,https://doi.org/10.1002/cnma.202000223,https://onlinelibrary.wiley.com/doi/pdfdirect/10.1002/cnma.202000223,download_failed: HTTPError,,"本文关注 Ni 单原子位点在 graphene 等载体上的催化行为，主要应用于CO2 reduction/conversion。 文章以材料制备、结构表征和催化性能测试为核心，通常结合谱学/显微表征确认单原子分散。 摘要要点：Abstract Single‐atom catalysts (SACs) have attracted much attentions due to the advantages of high catalysis efficiency and selectivity. However, the controllable and efficient synthesis of SACs remains a significant challenge. Herein, we report a controlled o",题名/摘要包含合成、制备、表征、测试或实验-理论联合研究信息，按实验论文归类；其中计算部分视作机理支持。
E0116,Experimental,Fe,graphene,oxygen reduction reaction,Designed Iron Single Atom Catalysts for Highly Efficient Oxygen Reduction Reaction in Alkaline and Acid Media,Advanced Materials Interfaces,2020,Wiley,10.1002/admi.202001788,https://doi.org/10.1002/admi.202001788,,no_open_pdf_in_metadata,,"本文关注 Fe 单原子位点在 graphene 等载体上的催化行为，主要应用于oxygen reduction reaction。 文章以材料制备、结构表征和催化性能测试为核心，通常结合谱学/显微表征确认单原子分散。 摘要要点：Abstract Single atom catalysts (SACs) have attracted much attentions due to their advantages of high catalysis efficiency and excellent selectivity. However, for industrial applications, synthesis of SACs in large and practical quantities is very important. Th",题名/摘要包含合成、制备、表征、测试或实验-理论联合研究信息，按实验论文归类；其中计算部分视作机理支持。
E0121,Experimental,Fe; Co; Ni; W; Sn; Bi; In,graphene,CO2 reduction/conversion,Emerging Materials for Energy Catalysis,Advanced Energy Materials,2020,Wiley,10.1002/aenm.202000484,https://doi.org/10.1002/aenm.202000484,https://onlinelibrary.wiley.com/doi/pdfdirect/10.1002/aenm.202000484,download_failed: HTTPError,,"本文关注 Fe, Co, Ni, W, Sn, Bi, In 单原子位点在 graphene 等载体上的催化行为，主要应用于CO2 reduction/conversion。 文章以材料制备、结构表征和催化性能测试为核心，通常结合谱学/显微表征确认单原子分散。 摘要要点：Renewable energy and green chemicals/solar fuels production are substantially important for the sustainable development of our society. Tremendous achievements have been made in developing sustainable energy conversion and storage devices such as fuel cells, b",题名/摘要包含合成、制备、表征、测试或实验-理论联合研究信息，按实验论文归类；其中计算部分视作机理支持。
E0131,Experimental,Fe,graphene,oxygen reduction reaction,Impact of Active Site Density on Oxygen Reduction Reactions Using Monodispersed Fe–N–C Single-Atom Catalysts,ACS Applied Materials & Interfaces,2020,American Chemical Society,10.1021/acsami.0c01206,https://doi.org/10.1021/acsami.0c01206,,no_open_pdf_in_metadata,,"本文关注 Fe 单原子位点在 graphene 等载体上的催化行为，主要应用于oxygen reduction reaction。 文章以材料制备、结构表征和催化性能测试为核心，通常结合谱学/显微表征确认单原子分散。 摘要要点：Exploring the impact of active site density on catalytic reactions is crucial for reaching a more comprehensive understanding of how single-atom catalysts work. Utilizing density functional theory calculations, we have systematically investigated the neighbori",题名/摘要包含合成、制备、表征、测试或实验-理论联合研究信息，按实验论文归类；其中计算部分视作机理支持。
E0136,Experimental,Cu,graphene,oxygen reduction reaction,Microwave-Enabled Incorporation of Single Atomic Cu Catalytic Sites in Holey Graphene: Unifying Structural Requirements of a Carbon Matrix for Simultaneous Achievement of High Activity and Long-Term Durability,ACS Applied Energy Materials,2020,American Chemical Society,10.1021/acsaem.0c00704,https://doi.org/10.1021/acsaem.0c00704,,no_open_pdf_in_metadata,,本文关注 Cu 单原子位点在 graphene 等载体上的催化行为，主要应用于oxygen reduction reaction。 文章以材料制备、结构表征和催化性能测试为核心，通常结合谱学/显微表征确认单原子分散。 摘要要点：This work reports our discoveries from the first exploration in microwave pyrolysis of a metal–organic framework. A time- and energy-efficient approach was developed for direct fabrication of electrochemical single-atom catalysts (E-SACs) without the requireme,题名/摘要包含合成、制备、表征、测试或实验-理论联合研究信息，按实验论文归类；其中计算部分视作机理支持。
E0142,Experimental,Mo; Ga,graphene,oxygen reduction reaction,Prediction of Highly Selective Electrocatalytic Nitrogen Reduction at Low Overpotential on a Mo-Doped g-GaN Monolayer,ACS Catalysis,2020,American Chemical Society,10.1021/acscatal.0c03140,https://doi.org/10.1021/acscatal.0c03140,,no_open_pdf_in_metadata,,"本文关注 Mo, Ga 单原子位点在 graphene 等载体上的催化行为，主要应用于oxygen reduction reaction。 文章以材料制备、结构表征和催化性能测试为核心，通常结合谱学/显微表征确认单原子分散。 摘要要点：Identifying efficient electrocatalysts with low overpotential and high selectivity for producing ammonia from nitrogen gas is essential for any future electrocatalytic nitrogen reduction reaction (NRR)-based ammonia synthesis. Via density functional theory cal",题名/摘要包含合成、制备、表征、测试或实验-理论联合研究信息，按实验论文归类；其中计算部分视作机理支持。
E0148,Experimental,Co,graphene,CO2 reduction/conversion,Rational Design of Single Atomic Co in CoN x Moieties on Graphene Matrix as an Ultra‐Highly Efficient Active Site for Oxygen Reduction Reaction,ChemNanoMat,2020,Wiley,10.1002/cnma.201900597,https://doi.org/10.1002/cnma.201900597,,no_open_pdf_in_metadata,,"本文关注 Co 单原子位点在 graphene 等载体上的催化行为，主要应用于CO2 reduction/conversion。 文章以材料制备、结构表征和催化性能测试为核心，通常结合谱学/显微表征确认单原子分散。 摘要要点：Abstract The sharp increase in current energy consumption needs the development of fuel cells (FCs) as one of sustainable, renewable, efficient and eco‐friendly electrochemical conversion systems of energy. The performance of electrocatalysts is crucially impo",题名/摘要包含合成、制备、表征、测试或实验-理论联合研究信息，按实验论文归类；其中计算部分视作机理支持。
E0149,Experimental,Ti; V,graphene,oxygen reduction reaction,Realizing a Not-Strong-Not-Weak Polarization Electric Field in Single-Atom Catalysts Sandwiched by Boron Nitride and Graphene Sheets for Efficient Nitrogen Fixation,Journal of the American Chemical Society,2020,American Chemical Society,10.1021/jacs.0c09527,https://doi.org/10.1021/jacs.0c09527,,no_open_pdf_in_metadata,,"本文关注 Ti, V 单原子位点在 graphene 等载体上的催化行为，主要应用于oxygen reduction reaction。 文章以材料制备、结构表征和催化性能测试为核心，通常结合谱学/显微表征确认单原子分散。 摘要要点：Developing efficient single-atom catalysts (SACs) for nitrogen fixation is of great importance while remaining a great challenge. The lack of an effective strategy to control the polarization electric field of SACs limits their activity and selectivity. Here,",题名/摘要包含合成、制备、表征、测试或实验-理论联合研究信息，按实验论文归类；其中计算部分视作机理支持。
E0151,Experimental,Mixed_or_unclear,graphene,CO2 reduction/conversion,Recent Developments on the Single Atom Supported at 2D Materials Beyond Graphene as Catalysts,ACS Catalysis,2020,American Chemical Society,10.1021/acscatal.0c02388,https://doi.org/10.1021/acscatal.0c02388,,no_open_pdf_in_metadata,,"本文关注 Mixed_or_unclear 单原子位点在 graphene 等载体上的催化行为，主要应用于CO2 reduction/conversion。 文章以材料制备、结构表征和催化性能测试为核心，通常结合谱学/显微表征确认单原子分散。 摘要要点：Two-dimensional (2D) layered materials have proven to be crucial platforms for anchored individual and isolated metal atoms acting as active single atom catalysts (SACs). Therefore, an accurate location of single atoms is essential for understanding the reacti",识别到合成、表征、电化学/催化测试或 operando/in situ 等实验关键词；若含 DFT，则视作实验论文的机理支持。
E0153,Experimental,Fe,graphene oxide,CO2 reduction/conversion,Room-Temperature Synthesis of Single Iron Site by Electrofiltration for Photoreduction of CO 2 into Tunable Syngas,ACS Nano,2020,American Chemical Society,10.1021/acsnano.0c02162,https://doi.org/10.1021/acsnano.0c02162,,no_open_pdf_in_metadata,,"本文关注 Fe 单原子位点在 graphene oxide 等载体上的催化行为，主要应用于CO2 reduction/conversion。 文章以材料制备、结构表征和催化性能测试为核心，通常结合谱学/显微表征确认单原子分散。 摘要要点：Developing a convenient and effective method to prepare single-atom catalysts at mild synthetic conditions remains a challenging task. Herein, a voltage-gauged electrofiltration method was demonstrated to synthesize single-atom site catalysts at room temperatu",题名/摘要包含合成、制备、表征、测试或实验-理论联合研究信息，按实验论文归类；其中计算部分视作机理支持。
E0159,Experimental,Co,graphene,oxygen reduction reaction,Single-Atom Cobalt Catalysts for Electrocatalytic Hydrodechlorination and Oxygen Reduction Reaction for the Degradation of Chlorinated Organic Compounds,ACS Applied Materials & Interfaces,2020,American Chemical Society,10.1021/acsami.0c05159,https://doi.org/10.1021/acsami.0c05159,,no_open_pdf_in_metadata,,本文关注 Co 单原子位点在 graphene 等载体上的催化行为，主要应用于oxygen reduction reaction。 文章以材料制备、结构表征和催化性能测试为核心，通常结合谱学/显微表征确认单原子分散。 摘要要点：Electrochemical reduction–oxidation processes with the aid of cathode catalysts are promising technologies for the decomposition of organic compounds. High-efficiency and low-cost catalysts for electrochemical reductive dechlorination and two-electron oxygen r,识别到合成、表征、电化学/催化测试或 operando/in situ 等实验关键词；若含 DFT，则视作实验论文的机理支持。
E0167,Experimental,Mixed_or_unclear,graphene,oxygen reduction reaction,Turning main-group element magnesium into a highly active electrocatalyst for oxygen reduction reaction,Nature Communications,2020,Nature Portfolio,10.1038/s41467-020-14565-w,https://doi.org/10.1038/s41467-020-14565-w,https://www.nature.com/articles/s41467-020-14565-w.pdf,open_url_not_pdf,,"本文关注 Mixed_or_unclear 单原子位点在 graphene 等载体上的催化行为，主要应用于oxygen reduction reaction。 文章以材料制备、结构表征和催化性能测试为核心，通常结合谱学/显微表征确认单原子分散。 摘要要点：It is known that the main-group metals and their related materials show poor catalytic activity due to a broadened single resonance derived from the interaction of valence orbitals of adsorbates with the broad sp-band of main-group metals. However, Mg cofactor",题名/摘要包含合成、制备、表征、测试或实验-理论联合研究信息，按实验论文归类；其中计算部分视作机理支持。
E0169,Experimental,Zn,graphene,oxygen reduction reaction,Universal Approach to Fabricating Graphene-Supported Single-Atom Catalysts from Doped ZnO Solid Solutions,ACS Central Science,2020,American Chemical Society,10.1021/acscentsci.0c00458,https://doi.org/10.1021/acscentsci.0c00458,https://pubs.acs.org/doi/pdf/10.1021/acscentsci.0c00458,download_failed: HTTPError,,"本文关注 Zn 单原子位点在 graphene 等载体上的催化行为，主要应用于oxygen reduction reaction。 文章以材料制备、结构表征和催化性能测试为核心，通常结合谱学/显微表征确认单原子分散。 摘要要点：). Both experimental analyses and theoretical calculations reveal the oxygen reduction activity sequence of M-N-Grs. Additionally, the superior performance in Fe-N-Gr is mainly attributed to its unique electron structure, rich exposed active sites, and robust",识别到合成、表征、电化学/催化测试或 operando/in situ 等实验关键词；若含 DFT，则视作实验论文的机理支持。
E0171,Experimental,Fe; Mo,graphene,catalysis,A polyoxometalate cluster-based single-atom catalyst for NH 3 synthesis via an enzymatic mechanism,Journal of Materials Chemistry A,2021,Royal Society of Chemistry,10.1039/d1ta07903d,https://doi.org/10.1039/d1ta07903d,https://pubs.rsc.org/en/content/articlepdf/2022/ta/d1ta07903d,downloaded_open_access_pdf,Experimental/Fe/pdfs/E0171_A_polyoxometalate_cluster-based_single-atom_catalyst_for_NH_3_synthesis_via_an_enzymatic_m.pdf,"本文关注 Fe, Mo 单原子位点在 graphene 等载体上的催化行为，主要应用于catalysis。 文章以材料制备、结构表征和催化性能测试为核心，通常结合谱学/显微表征确认单原子分散。 摘要要点：The proposed new non-noble-metal Mo 1 /PMASAC is potentially more efficient and more selective than the current best Mo/BN and FeN 3 /embedded graphene SAC, and the preferred mechanism is an enzymatic pathway.",识别到合成、表征、电化学/催化测试或 operando/in situ 等实验关键词；若含 DFT，则视作实验论文的机理支持。
E0172,Experimental,Fe,graphene oxide,oxygen reduction reaction,Atomic-Scale Engineered Fe Single-Atom Electrocatalyst Based on Waste Pig Blood for High-Performance AEMFCs,ACS Sustainable Chemistry & Engineering,2021,American Chemical Society,10.1021/acssuschemeng.1c01590,https://doi.org/10.1021/acssuschemeng.1c01590,,no_open_pdf_in_metadata,,"本文关注 Fe 单原子位点在 graphene oxide 等载体上的催化行为，主要应用于oxygen reduction reaction。 文章以材料制备、结构表征和催化性能测试为核心，通常结合谱学/显微表征确认单原子分散。 摘要要点：Biomass is the ideal precursor for fabricating oxygen reduction reaction (ORR) electrocatalysts due to its large-scale and low-cost production, as well as its renewability. Among various forms of biomass, especially waste pig blood is a sustainable precursor f",题名/摘要包含合成、制备、表征、测试或实验-理论联合研究信息，按实验论文归类；其中计算部分视作机理支持。
E0175,Experimental,V; Mo; Re,graphene,hydrogen evolution reaction,Cooperative Single-Atom Active Centers for Attenuating the Linear Scaling Effect in the Nitrogen Reduction Reaction,The Journal of Physical Chemistry Letters,2021,American Chemical Society,10.1021/acs.jpclett.1c01307,https://doi.org/10.1021/acs.jpclett.1c01307,,no_open_pdf_in_metadata,,"本文关注 V, Mo, Re 单原子位点在 graphene 等载体上的催化行为，主要应用于hydrogen evolution reaction。 文章以材料制备、结构表征和催化性能测试为核心，通常结合谱学/显微表征确认单原子分散。 摘要要点：Cooperative effects of adjacent active centers are critical for single-atom catalysts (SACs) as active site density matters. Yet, how it affects scaling relationships in many important reactions such as the nitrogen reduction reaction (NRR) is underexplored. H",识别到合成、表征、电化学/催化测试或 operando/in situ 等实验关键词；若含 DFT，则视作实验论文的机理支持。
E0177,Experimental,Ga,graphene,oxygen reduction reaction,Density Functional Theory Studies of Heteroatom-Doped Graphene-like GaN Monolayers as Electrocatalysts for Oxygen Evolution and Reduction,ACS Applied Nano Materials,2021,American Chemical Society,10.1021/acsanm.1c01119,https://doi.org/10.1021/acsanm.1c01119,,no_open_pdf_in_metadata,,"本文关注 Ga 单原子位点在 graphene 等载体上的催化行为，主要应用于oxygen reduction reaction。 文章以材料制备、结构表征和催化性能测试为核心，通常结合谱学/显微表征确认单原子分散。 摘要要点：Single-atom catalysts (SACs) supported on two-dimensional (2D) nanomaterials with high activity for the oxygen evolution reaction (OER) and the oxygen reduction reaction (ORR) are highly desirable for renewable energy applications. Herein, we systemically inve",题名/摘要包含合成、制备、表征、测试或实验-理论联合研究信息，按实验论文归类；其中计算部分视作机理支持。
E0180,Experimental,Mixed_or_unclear,graphene,CO2 reduction/conversion,Discovery of Single-Atom Catalyst: Customized Heteroelement Dopants on Graphene,Accounts of Materials Research,2021,American Chemical Society,10.1021/accountsmr.1c00016,https://doi.org/10.1021/accountsmr.1c00016,,no_open_pdf_in_metadata,,"本文关注 Mixed_or_unclear 单原子位点在 graphene 等载体上的催化行为，主要应用于CO2 reduction/conversion。 文章以材料制备、结构表征和催化性能测试为核心，通常结合谱学/显微表征确认单原子分散。 摘要要点：ConspectusSingle-atomic catalyst (SAC) incorporated in graphene plays an increasingly significant role in many applications, including sustainable energy conversion/storage and environmental systems. Such a synergistic structure commonly consisting of atomic m",题名/摘要包含合成、制备、表征、测试或实验-理论联合研究信息，按实验论文归类；其中计算部分视作机理支持。
E0181,Experimental,Mo,graphene,hydrogen evolution reaction,Efficient Reversible Conversion between MoS 2 and Mo/Na 2 S Enabled by Graphene‐Supported Single Atom Catalysts,Advanced Materials,2021,,10.1002/adma.202007090,https://doi.org/10.1002/adma.202007090,,no_open_pdf_in_metadata,,本文关注 Mo 单原子位点在 graphene 等载体上的催化行为，主要应用于hydrogen evolution reaction。 文章以材料制备、结构表征和催化性能测试为核心，通常结合谱学/显微表征确认单原子分散。 摘要要点：Abstract Sodium‐ion batteries (SIBs) based on conversion‐type metal sulfide (MS) anodes have attracted extraordinary attention due to relatively high capacity and intrinsic safety. The highly reversible conversion of M/Na 2 S to pristine MS in charge plays a v,识别到合成、表征、电化学/催化测试或 operando/in situ 等实验关键词；若含 DFT，则视作实验论文的机理支持。
E0183,Experimental,Pd,graphene oxide,hydrogen evolution reaction,Elucidating the Role of Single-Atom Pd for Electrocatalytic Hydrodechlorination,Environmental Science & Technology,2021,American Chemical Society,10.1021/acs.est.1c04294,https://doi.org/10.1021/acs.est.1c04294,,no_open_pdf_in_metadata,,"本文关注 Pd 单原子位点在 graphene oxide 等载体上的催化行为，主要应用于hydrogen evolution reaction。 文章以材料制备、结构表征和催化性能测试为核心，通常结合谱学/显微表征确认单原子分散。 摘要要点：In this study, we loaded Pd catalysts onto a reduced graphene oxide (rGO) support in an atomically dispersed fashion [i.e., Pd single-atom catalysts (SACs) on rGO or Pd1/rGO] via a facile and scalable synthesis based on anchor-site and photoreduction technique",题名/摘要包含合成、制备、表征、测试或实验-理论联合研究信息，按实验论文归类；其中计算部分视作机理支持。
E0184,Experimental,Ru,graphene,hydrogen evolution reaction,Exceptional Electrochemical HER Performance with Enhanced Electron Transfer between Ru Nanoparticles and Single Atoms Dispersed on a Carbon Substrate,Angewandte Chemie International Edition,2021,Wiley,10.1002/anie.202103557,https://doi.org/10.1002/anie.202103557,https://onlinelibrary.wiley.com/doi/pdfdirect/10.1002/anie.202103557,download_failed: HTTPError,,"本文关注 Ru 单原子位点在 graphene 等载体上的催化行为，主要应用于hydrogen evolution reaction。 文章以材料制备、结构表征和催化性能测试为核心，通常结合谱学/显微表征确认单原子分散。 摘要要点：Precisely regulating the electronic structures of metal active species is highly desirable for electrocatalysis. However, carbon with inert surface provide weak metal-support interaction, which is insufficient to modulate the electronic structures of metal nan",识别到合成、表征、电化学/催化测试或 operando/in situ 等实验关键词；若含 DFT，则视作实验论文的机理支持。
E0185,Experimental,Mixed_or_unclear,graphene,catalysis,General synthesis of single-atom catalysts with high metal loading using graphene quantum dots,Nature Chemistry,2021,Nature Portfolio,10.1038/s41557-021-00734-x,https://doi.org/10.1038/s41557-021-00734-x,,no_open_pdf_in_metadata,,本文关注 Mixed_or_unclear 单原子位点在 graphene 等载体上的催化行为，主要应用于catalysis。 文章以材料制备、结构表征和催化性能测试为核心，通常结合谱学/显微表征确认单原子分散。 摘要未在元数据源中提供，建议通过 DOI 页面查看全文摘要。,题名/摘要包含合成、制备、表征、测试或实验-理论联合研究信息，按实验论文归类；其中计算部分视作机理支持。
E0188,Experimental,Co,graphene,hydrogen evolution reaction,Identifying the Activity Origin of a Cobalt Single‐Atom Catalyst for Hydrogen Evolution Using Supervised Learning,Advanced Functional Materials,2021,Wiley,10.1002/adfm.202100547,https://doi.org/10.1002/adfm.202100547,,no_open_pdf_in_metadata,,"本文关注 Co 单原子位点在 graphene 等载体上的催化行为，主要应用于hydrogen evolution reaction。 文章以材料制备、结构表征和催化性能测试为核心，通常结合谱学/显微表征确认单原子分散。 摘要要点：Abstract Single‐atom catalysts (SACs) have become the forefront of energy conversion studies, but unfortunately, the origin of their activity and the interpretation of the synchrotron spectrograms of these materials remain ambiguous. Here, systematic density f",题名/摘要包含合成、制备、表征、测试或实验-理论联合研究信息，按实验论文归类；其中计算部分视作机理支持。
E0191,Experimental,Mixed_or_unclear,graphene,CO2 reduction/conversion,Intrinsic Descriptors for Coordination Environment and Synergistic Effects of Metal and Environment in Single-Atom-Catalyzed Carbon Dioxide Electroreduction,The Journal of Physical Chemistry C,2021,American Chemical Society,10.1021/acs.jpcc.1c04637,https://doi.org/10.1021/acs.jpcc.1c04637,,no_open_pdf_in_metadata,,"本文关注 Mixed_or_unclear 单原子位点在 graphene 等载体上的催化行为，主要应用于CO2 reduction/conversion。 文章以材料制备、结构表征和催化性能测试为核心，通常结合谱学/显微表征确认单原子分散。 摘要要点：Activity of heterogeneous single-atom catalysts (SACs) depends on both the active center and the coordination environment. Previous studies focus more on the former. In this study, we systematically examine CO2 reduction reaction (CO2RR) catalyzed by SACs with",题名/摘要包含合成、制备、表征、测试或实验-理论联合研究信息，按实验论文归类；其中计算部分视作机理支持。
E0194,Experimental,Pt,graphene oxide,hydrogen evolution reaction,Laser solid-phase synthesis of single-atom catalysts,Light Science & Applications,2021,Springer Nature,10.1038/s41377-021-00603-9,https://doi.org/10.1038/s41377-021-00603-9,https://www.nature.com/articles/s41377-021-00603-9.pdf,open_url_not_pdf,,"本文关注 Pt 单原子位点在 graphene oxide 等载体上的催化行为，主要应用于hydrogen evolution reaction。 文章以材料制备、结构表征和催化性能测试为核心，通常结合谱学/显微表征确认单原子分散。 摘要要点：Abstract Single-atom catalysts (SACs) with atomically dispersed catalytic sites have shown outstanding catalytic performance in a variety of reactions. However, the development of facile and high-yield techniques for the fabrication of SACs remains challenging",题名/摘要包含合成、制备、表征、测试或实验-理论联合研究信息，按实验论文归类；其中计算部分视作机理支持。
E0208,Experimental,V; Fe; Mo; Ru,graphene,hydrogen evolution reaction,Rational Design of Graphene-Supported Single-Atom Catalysts for Electroreduction of Nitrogen,Inorganic Chemistry,2021,American Chemical Society,10.1021/acs.inorgchem.1c02946,https://doi.org/10.1021/acs.inorgchem.1c02946,,no_open_pdf_in_metadata,,"本文关注 V, Fe, Mo, Ru 单原子位点在 graphene 等载体上的催化行为，主要应用于hydrogen evolution reaction。 文章以材料制备、结构表征和催化性能测试为核心，通常结合谱学/显微表征确认单原子分散。 摘要要点：Critically, the central metal atoms along with their coordination environment play a significant role in the catalytic performance of single-atom catalysts (SACs). Herein, 12 single Fe, Mo, and Ru atoms supported on defective graphene are theoretically deigned",题名/摘要包含合成、制备、表征、测试或实验-理论联合研究信息，按实验论文归类；其中计算部分视作机理支持。
E0214,Experimental,Pt,graphene,oxygen reduction reaction,Regulating coordination number in atomically dispersed Pt species on defect-rich graphene for n-butane dehydrogenation reaction,Nature Communications,2021,Nature Portfolio,10.1038/s41467-021-22948-w,https://doi.org/10.1038/s41467-021-22948-w,https://www.nature.com/articles/s41467-021-22948-w.pdf,open_url_not_pdf,,"本文关注 Pt 单原子位点在 graphene 等载体上的催化行为，主要应用于oxygen reduction reaction。 文章以材料制备、结构表征和催化性能测试为核心，通常结合谱学/显微表征确认单原子分散。 摘要要点：Abstract Metal nanoparticle (NP), cluster and isolated metal atom (or single atom, SA) exhibit different catalytic performance in heterogeneous catalysis originating from their distinct nanostructures. To maximize atom efficiency and boost activity for catalys",题名/摘要包含合成、制备、表征、测试或实验-理论联合研究信息，按实验论文归类；其中计算部分视作机理支持。
E0215,Experimental,Pt; Sn,graphene,hydrogen evolution reaction,Sacrificial Template‐Assisted Synthesis of Inorganic Nanosheets with High‐Loading Single‐Atom Catalysts: A General Approach,Advanced Functional Materials,2021,Wiley,10.1002/adfm.202110485,https://doi.org/10.1002/adfm.202110485,,no_open_pdf_in_metadata,,"本文关注 Pt, Sn 单原子位点在 graphene 等载体上的催化行为，主要应用于hydrogen evolution reaction。 文章以材料制备、结构表征和催化性能测试为核心，通常结合谱学/显微表征确认单原子分散。 摘要要点：Abstract Single‐atom catalysts (SACs) supported on inorganic materials have attracted much attention in numerous research fields for their high catalytic performance. However, such SACs have been limited by the low metal loading, especially on different types",题名/摘要包含合成、制备、表征、测试或实验-理论联合研究信息，按实验论文归类；其中计算部分视作机理支持。
E0216,Experimental,Mixed_or_unclear,graphene,catalysis,Single Atom Catalysts: Anchoring of Transition Metals to Graphene Derivatives as an Efficient Approach for Designing Single‐Atom Catalysts (Adv. Mater. Interfaces 8/2021),Advanced Materials Interfaces,2021,Wiley,10.1002/admi.202170041,https://doi.org/10.1002/admi.202170041,https://onlinelibrary.wiley.com/doi/pdfdirect/10.1002/admi.202170041,download_failed: HTTPError,,"本文关注 Mixed_or_unclear 单原子位点在 graphene 等载体上的催化行为，主要应用于catalysis。 文章以材料制备、结构表征和催化性能测试为核心，通常结合谱学/显微表征确认单原子分散。 摘要要点：Graphene derivatives can work as a suitable support anchoring metal atoms and ions, which can be utilized as stable and lightweight single-atom catalysts (SACs). Computational chemistry aids to design such graphene-based SACs, providing insights into their sta",识别到合成、表征、电化学/催化测试或 operando/in situ 等实验关键词；若含 DFT，则视作实验论文的机理支持。
E0217,Experimental,Fe,graphene,oxygen reduction reaction,Single Atom Catalysts: Designed Iron Single Atom Catalysts for Highly Efficient Oxygen Reduction Reaction in Alkaline and Acid Media (Adv. Mater. Interfaces 8/2021),Advanced Materials Interfaces,2021,Wiley,10.1002/admi.202170044,https://doi.org/10.1002/admi.202170044,,no_open_pdf_in_metadata,,"本文关注 Fe 单原子位点在 graphene 等载体上的催化行为，主要应用于oxygen reduction reaction。 文章以材料制备、结构表征和催化性能测试为核心，通常结合谱学/显微表征确认单原子分散。 摘要要点：In article number 2001788, Chang Liu, San Ping Jiang, and co-workers demonstrate a well-characterized and scalable method to synthesize atomically dispersed iron atoms coordinated with nitrogen on graphene interface with high atomic loading (≈4.6 wt%) through",识别到合成、表征、电化学/催化测试或 operando/in situ 等实验关键词；若含 DFT，则视作实验论文的机理支持。
E0218,Experimental,Co,graphene,CO2 reduction/conversion,Single Co‐Atoms as Electrocatalysts for Efficient Hydrazine Oxidation Reaction,Small,2021,Wiley,10.1002/smll.202006477,https://doi.org/10.1002/smll.202006477,,no_open_pdf_in_metadata,,"本文关注 Co 单原子位点在 graphene 等载体上的催化行为，主要应用于CO2 reduction/conversion。 文章以材料制备、结构表征和催化性能测试为核心，通常结合谱学/显微表征确认单原子分散。 摘要要点：Abstract Single‐atom catalysts (SACs) have aroused great attention due to their high atom efficiency and unprecedented catalytic properties. A remaining challenge is to anchor the single atoms individually on support materials via strong interactions. Herein,",题名/摘要包含合成、制备、表征、测试或实验-理论联合研究信息，按实验论文归类；其中计算部分视作机理支持。
E0223,Experimental,Mixed_or_unclear,graphene,catalysis,Single-atom catalytic growth of crystals using graphene as a case study,npj 2D Materials and Applications,2021,Nature Portfolio,10.1038/s41699-021-00267-4,https://doi.org/10.1038/s41699-021-00267-4,https://www.nature.com/articles/s41699-021-00267-4.pdf,open_url_not_pdf,,"本文关注 Mixed_or_unclear 单原子位点在 graphene 等载体上的催化行为，主要应用于catalysis。 文章以材料制备、结构表征和催化性能测试为核心，通常结合谱学/显微表征确认单原子分散。 摘要要点：Abstract Anchored Single-atom catalysts have emerged as a cutting-edge research field holding tremendous appeal for applications in the fields of chemicals, energy and the environment. However, single-atom-catalysts for crystal growth is a nascent field. Of th",识别到合成、表征、电化学/催化测试或 operando/in situ 等实验关键词；若含 DFT，则视作实验论文的机理支持。
E0224,Experimental,Co,graphene,hydrogen evolution reaction,Single‐Atom Catalyst Aggregates: Size‐Matching is Critical to Electrocatalytic Performance in Sulfur Cathodes,Advanced Science,2021,Wiley,10.1002/advs.202103773,https://doi.org/10.1002/advs.202103773,,no_open_pdf_in_metadata,,"本文关注 Co 单原子位点在 graphene 等载体上的催化行为，主要应用于hydrogen evolution reaction。 文章以材料制备、结构表征和催化性能测试为核心，通常结合谱学/显微表征确认单原子分散。 摘要要点：Abstract Electrocatalysis is critical to the performance displayed by sulfur cathodes. However, the constituent electrocatalysts and the sulfur reactants have vastly different molecular sizes, which ultimately restrict electrocatalysis efficiency and hamper de",题名/摘要包含合成、制备、表征、测试或实验-理论联合研究信息，按实验论文归类；其中计算部分视作机理支持。
E0228,Experimental,Cu,graphene,oxygen reduction reaction,Substrate strain tunes operando geometric distortion and oxygen reduction activity of CuN2C2 single-atom sites,Nature Communications,2021,Nature Portfolio,10.1038/s41467-021-26747-1,https://doi.org/10.1038/s41467-021-26747-1,https://www.nature.com/articles/s41467-021-26747-1.pdf,open_url_not_pdf,,"本文关注 Cu 单原子位点在 graphene 等载体上的催化行为，主要应用于oxygen reduction reaction。 文章以材料制备、结构表征和催化性能测试为核心，通常结合谱学/显微表征确认单原子分散。 摘要要点：Abstract Single-atom catalysts are becoming increasingly significant to numerous energy conversion reactions. However, their rational design and construction remain quite challenging due to the poorly understood structure–function relationship. Here we demonst",题名/摘要包含合成、制备、表征、测试或实验-理论联合研究信息，按实验论文归类；其中计算部分视作机理支持。
E0230,Experimental,Mixed_or_unclear,graphene,CO2 reduction/conversion,Support-based modulation strategies in single-atom catalysts for electrochemical CO 2 reduction: graphene and conjugated macrocyclic complexes,Journal of Materials Chemistry A,2021,Royal Society of Chemistry,10.1039/d1ta09069k,https://doi.org/10.1039/d1ta09069k,https://pubs.rsc.org/en/content/articlepdf/2022/ta/d1ta09069k,downloaded_open_access_pdf,Experimental/Mixed_or_unclear/pdfs/E0230_Support-based_modulation_strategies_in_single-atom_catalysts_for_electrochemical_CO_2_redu.pdf,本文关注 Mixed_or_unclear 单原子位点在 graphene 等载体上的催化行为，主要应用于CO2 reduction/conversion。 文章以材料制备、结构表征和催化性能测试为核心，通常结合谱学/显微表征确认单原子分散。 摘要要点：An overview of two types of SACs for the CO 2 RR and the corresponding strategies to regulate the catalytic activity.,识别到合成、表征、电化学/催化测试或 operando/in situ 等实验关键词；若含 DFT，则视作实验论文的机理支持。
E0233,Experimental,Ru,graphene,nitrogen reduction/ammonia synthesis,Synthesis of a ruthenium–graphene quantum dot–graphene hybrid as a promising single-atom catalyst for electrochemical nitrogen reduction with ultrahigh yield rate and selectivity,Journal of Materials Chemistry A,2021,Royal Society of Chemistry,10.1039/d1ta07158k,https://doi.org/10.1039/d1ta07158k,,no_open_pdf_in_metadata,,本文关注 Ru 单原子位点在 graphene 等载体上的催化行为，主要应用于nitrogen reduction/ammonia synthesis。 文章以材料制备、结构表征和催化性能测试为核心，通常结合谱学/显微表征确认单原子分散。 摘要要点：We report synthesis of single-atom Ru–graphene quantum dot–graphene catalyst. Ru single atoms are fixed on graphene sheet with high Ru loading of 5.1%. NH 3 yield rate reaches 225 μg mg −1 h −1 that is better than that with the reported catalysts.,题名/摘要包含合成、制备、表征、测试或实验-理论联合研究信息，按实验论文归类；其中计算部分视作机理支持。
E0234,Experimental,Fe; Co; Ni; Cu; Mo,graphene,nitrogen reduction/ammonia synthesis,The Activation and Reduction of N 2 by Single/Double‐Atom Electrocatalysts: A First‐Principle Study,ChemistrySelect,2021,Wiley,10.1002/slct.202100057,https://doi.org/10.1002/slct.202100057,,no_open_pdf_in_metadata,,"本文关注 Fe, Co, Ni, Cu, Mo 单原子位点在 graphene 等载体上的催化行为，主要应用于nitrogen reduction/ammonia synthesis。 文章以材料制备、结构表征和催化性能测试为核心，通常结合谱学/显微表征确认单原子分散。 摘要要点：Abstract Developing low‐cost and highly efficient electrocatalysts for nitrogen reduction reaction (NRR) is one of the most attractive challenges. In this work, we systematically investigated the catalytic properties of the single atom catalysts (SAC) and the",题名/摘要包含合成、制备、表征、测试或实验-理论联合研究信息，按实验论文归类；其中计算部分视作机理支持。
E0235,Experimental,Cu,graphene,CO2 reduction/conversion,The Hallmarks of Copper Single Atom Catalysts in Direct Alcohol Fuel Cells and Electrochemical CO 2 Fixation,Advanced Materials Interfaces,2021,Wiley,10.1002/admi.202001822,https://doi.org/10.1002/admi.202001822,https://onlinelibrary.wiley.com/doi/pdfdirect/10.1002/admi.202001822,download_failed: HTTPError,,本文关注 Cu 单原子位点在 graphene 等载体上的催化行为，主要应用于CO2 reduction/conversion。 文章以材料制备、结构表征和催化性能测试为核心，通常结合谱学/显微表征确认单原子分散。 摘要要点：Abstract Single‐atom catalysts (SACs) are highly enviable to exploit the utmost utilization of metallic catalysts; their efficiency by utilizing nearly all atoms to often exhibit high catalytic performances. To architect the isolated single atom on an ideal so,识别到合成、表征、电化学/催化测试或 operando/in situ 等实验关键词；若含 DFT，则视作实验论文的机理支持。
E0238,Experimental,Pd,graphene,oxygen reduction reaction,Tuning the selectivity of catalytic nitriles hydrogenation by structure regulation in atomically dispersed Pd catalysts,Nature Communications,2021,Nature Portfolio,10.1038/s41467-021-26542-y,https://doi.org/10.1038/s41467-021-26542-y,https://www.nature.com/articles/s41467-021-26542-y.pdf,open_url_not_pdf,,"本文关注 Pd 单原子位点在 graphene 等载体上的催化行为，主要应用于oxygen reduction reaction。 文章以材料制备、结构表征和催化性能测试为核心，通常结合谱学/显微表征确认单原子分散。 摘要要点：Abstract The product selectivity in catalytic hydrogenation of nitriles is strongly correlated with the structure of the catalyst. In this work, two types of atomically dispersed Pd species stabilized on the defect-rich nanodiamond-graphene (ND@G) hybrid suppo",题名/摘要包含合成、制备、表征、测试或实验-理论联合研究信息，按实验论文归类；其中计算部分视作机理支持。
E0241,Experimental,Mixed_or_unclear,graphene,oxygen reduction reaction,3D Nanoporous Graphene Based Single-Atom Electrocatalysts for Energy Conversion and Storage,Accounts of Materials Research,2022,American Chemical Society,10.1021/accountsmr.2c00097,https://doi.org/10.1021/accountsmr.2c00097,,no_open_pdf_in_metadata,,本文关注 Mixed_or_unclear 单原子位点在 graphene 等载体上的催化行为，主要应用于oxygen reduction reaction。 文章以材料制备、结构表征和催化性能测试为核心，通常结合谱学/显微表征确认单原子分散。 摘要要点：ConspectusThis Account will provide an overview and analysis on recent research of 3D nanoporous graphene based single-atom electrocatalysts for energy conversion and storage applications. In order to meet the increasing energy demands and assist in the transi,题名/摘要包含合成、制备、表征、测试或实验-理论联合研究信息，按实验论文归类；其中计算部分视作机理支持。
E0242,Experimental,Pd,graphene,hydrogenation,A Magnetically Separable Pd Single‐Atom Catalyst for Efficient Selective Hydrogenation of Phenylacetylene,Advanced Materials,2022,,10.1002/adma.202110455,https://doi.org/10.1002/adma.202110455,,no_open_pdf_in_metadata,,"本文关注 Pd 单原子位点在 graphene 等载体上的催化行为，主要应用于hydrogenation。 文章以材料制备、结构表征和催化性能测试为核心，通常结合谱学/显微表征确认单原子分散。 摘要要点：Abstract Selective hydrogenation of alkynes to alkenes plays a crucial role in the synthesis of fine chemicals. However, how to achieve high selectivity and effective separation of the catalyst and substrate while obtaining high activity is the key for this re",题名/摘要包含合成、制备、表征、测试或实验-理论联合研究信息，按实验论文归类；其中计算部分视作机理支持。
E0250,Experimental,Mixed_or_unclear,graphene,nitrogen reduction/ammonia synthesis,Catalytic active centers beyond transition metals: atomically dispersed alkaline-earth metals for the electroreduction of nitrate to ammonia,Journal of Materials Chemistry A,2022,Royal Society of Chemistry,10.1039/d2ta08027c,https://doi.org/10.1039/d2ta08027c,,no_open_pdf_in_metadata,,"本文关注 Mixed_or_unclear 单原子位点在 graphene 等载体上的催化行为，主要应用于nitrogen reduction/ammonia synthesis。 文章以材料制备、结构表征和催化性能测试为核心，通常结合谱学/显微表征确认单原子分散。 摘要要点：Taking an alkaline-earth (AE) metal single-atom catalyst supported on graphene as the representative, the feasibility of AE metals as active centers for the electrocatalytic nitrate reduction reaction to produce NH 3 has been theoretically explored.",题名/摘要包含合成、制备、表征、测试或实验-理论联合研究信息，按实验论文归类；其中计算部分视作机理支持。
E0257,Experimental,Mixed_or_unclear,graphene,CO2 reduction/conversion,Electric-Field-Triggered Graphene Production: From Fundamental Energy Applications to Perspectives,Accounts of Materials Research,2022,American Chemical Society,10.1021/accountsmr.1c00211,https://doi.org/10.1021/accountsmr.1c00211,,no_open_pdf_in_metadata,,"本文关注 Mixed_or_unclear 单原子位点在 graphene 等载体上的催化行为，主要应用于CO2 reduction/conversion。 文章以材料制备、结构表征和催化性能测试为核心，通常结合谱学/显微表征确认单原子分散。 摘要要点：ConspectusTwo-dimensional sp2-hybridized graphene has been seriously considered and applied in various fields, such as materials science, energy storage/conversion, catalysis, and biomedicine, on account of its unique long-range-ordered and π-conjugated struct",题名/摘要包含合成、制备、表征、测试或实验-理论联合研究信息，按实验论文归类；其中计算部分视作机理支持。
E0260,Experimental,Pt,graphene,hydrogen evolution reaction,Elucidating the Formation and Structural Evolution of Platinum Single-Site Catalysts for the Hydrogen Evolution Reaction,ACS Catalysis,2022,American Chemical Society,10.1021/acscatal.1c05958,https://doi.org/10.1021/acscatal.1c05958,https://pubs.acs.org/doi/pdf/10.1021/acscatal.1c05958,download_failed: HTTPError,,"本文关注 Pt 单原子位点在 graphene 等载体上的催化行为，主要应用于hydrogen evolution reaction。 文章以材料制备、结构表征和催化性能测试为核心，通常结合谱学/显微表征确认单原子分散。 摘要要点：Platinum single-site catalysts (SSCs) are a promising technology for the production of hydrogen from clean energy sources. They have high activity and maximal platinum-atom utilization. However, the bonding environment of platinum during operation is poorly un",题名/摘要包含合成、制备、表征、测试或实验-理论联合研究信息，按实验论文归类；其中计算部分视作机理支持。
E0263,Experimental,Mixed_or_unclear,graphene,catalysis,Formulating electronic descriptors to rationally design graphene-supported single-atom catalysts for oxygen electrocatalysis,Journal of Materials Chemistry A,2022,Royal Society of Chemistry,10.1039/d2ta05607k,https://doi.org/10.1039/d2ta05607k,,no_open_pdf_in_metadata,,本文关注 Mixed_or_unclear 单原子位点在 graphene 等载体上的催化行为，主要应用于catalysis。 文章以材料制备、结构表征和催化性能测试为核心，通常结合谱学/显微表征确认单原子分散。 摘要要点：Descriptors indicating activity and stability of G-SACs and a guideline for material design are suggested through pre hoc analysis.,识别到合成、表征、电化学/催化测试或 operando/in situ 等实验关键词；若含 DFT，则视作实验论文的机理支持。
E0266,Experimental,Co; Zn,graphene,oxygen reduction reaction,High‐Loading Co Single Atoms and Clusters Active Sites toward Enhanced Electrocatalysis of Oxygen Reduction Reaction for High‐Performance Zn–Air Battery,Advanced Functional Materials,2022,Wiley,10.1002/adfm.202209726,https://doi.org/10.1002/adfm.202209726,,no_open_pdf_in_metadata,,"本文关注 Co, Zn 单原子位点在 graphene 等载体上的催化行为，主要应用于oxygen reduction reaction。 文章以材料制备、结构表征和催化性能测试为核心，通常结合谱学/显微表征确认单原子分散。 摘要要点：Abstract The development of precious‐metal alternative electrocatalysts for oxygen reduction reaction (ORR) is highly desired for a variety of fuel cells, and single atom catalysts (SACs) have been envisaged to be the promising choice. However, there remains c",题名/摘要包含合成、制备、表征、测试或实验-理论联合研究信息，按实验论文归类；其中计算部分视作机理支持。
E0269,Experimental,Ti,graphene,oxygen reduction reaction,Hydrogen Spillover and Storage on Graphene with Single-Site Ti Catalysts,ACS Energy Letters,2022,American Chemical Society,10.1021/acsenergylett.2c00941,https://doi.org/10.1021/acsenergylett.2c00941,https://arxiv.org/pdf/2206.06638,downloaded_open_access_pdf,Experimental/Ti/pdfs/E0269_Hydrogen_Spillover_and_Storage_on_Graphene_with_Single-Site_Ti_Catalysts.pdf,"本文关注 Ti 单原子位点在 graphene 等载体上的催化行为，主要应用于oxygen reduction reaction。 文章以材料制备、结构表征和催化性能测试为核心，通常结合谱学/显微表征确认单原子分散。 摘要要点：Hydrogen spillover and storage for single-site metal catalysts, including single-atom catalysts (SACs) and single nanocluster catalysts, have been elucidated for various supports but remain poorly understood for inert carbon supports. Here, we use synchrotron-",题名/摘要包含合成、制备、表征、测试或实验-理论联合研究信息，按实验论文归类；其中计算部分视作机理支持。
E0277,Experimental,Cu; Pd,graphene,hydrogen evolution reaction,Low-Temperature Acetylene Semi-Hydrogenation over the Pd 1 –Cu 1 Dual-Atom Catalyst,Journal of the American Chemical Society,2022,American Chemical Society,10.1021/jacs.2c07208,https://doi.org/10.1021/jacs.2c07208,,no_open_pdf_in_metadata,,"本文关注 Cu, Pd 单原子位点在 graphene 等载体上的催化行为，主要应用于hydrogen evolution reaction。 文章以材料制备、结构表征和催化性能测试为核心，通常结合谱学/显微表征确认单原子分散。 摘要要点：The atomically dispersed metal catalyst or single-atom catalyst (SAC) with the utmost metal utilization efficiency shows excellent selectivity toward ethylene compared to the metal nanoparticles catalyst in the acetylene semi-hydrogenation reaction. However, t",题名/摘要包含合成、制备、表征、测试或实验-理论联合研究信息，按实验论文归类；其中计算部分视作机理支持。
E0282,Experimental,Mixed_or_unclear,graphene,oxygen reduction reaction,Modeling Hydrogen and Oxygen Evolution Reactions on Single Atom Catalysts with Density Functional Theory: Role of the Functional,Advanced Theory and Simulations,2022,Wiley,10.1002/adts.202200513,https://doi.org/10.1002/adts.202200513,,no_open_pdf_in_metadata,,"本文关注 Mixed_or_unclear 单原子位点在 graphene 等载体上的催化行为，主要应用于oxygen reduction reaction。 文章以材料制备、结构表征和催化性能测试为核心，通常结合谱学/显微表征确认单原子分散。 摘要要点：Abstract The most widely used approach to predict catalytic activity is density functional theory, whose results however depend on the adopted exchange‐correlation functional. In this work, the role played by the functional in predicting the activity of single",题名/摘要包含合成、制备、表征、测试或实验-理论联合研究信息，按实验论文归类；其中计算部分视作机理支持。
E0291,Experimental,Cu; Zn,graphene,hydrogen evolution reaction,Photocatalytic degradation of methylene blue (MB) with Cu 1 –ZnO single atom catalysts on graphene-coated flexible substrates,Journal of Materials Chemistry A,2022,Royal Society of Chemistry,10.1039/d1ta09954j,https://doi.org/10.1039/d1ta09954j,https://pubs.rsc.org/en/content/articlepdf/2022/ta/d1ta09954j,downloaded_open_access_pdf,Experimental/Cu/pdfs/E0291_Photocatalytic_degradation_of_methylene_blue_MB_with_Cu_1_ZnO_single_atom_catalysts_on_gra.pdf,"本文关注 Cu, Zn 单原子位点在 graphene 等载体上的催化行为，主要应用于hydrogen evolution reaction。 文章以材料制备、结构表征和催化性能测试为核心，通常结合谱学/显微表征确认单原子分散。 摘要要点：Single-atom catalyst of Cu 1 @ZnO/GPET synthesized via hydrothermal method is shown to exhibit excellent photocatalytic activity towards the degradation of methylene blue solution due to high electron–hole separation efficiency.",题名/摘要包含合成、制备、表征、测试或实验-理论联合研究信息，按实验论文归类；其中计算部分视作机理支持。
E0294,Experimental,Pt,graphene,hydrogen evolution reaction,Pt Single Atom Electrocatalysts at Graphene Edges for Efficient Alkaline Hydrogen Evolution,Advanced Functional Materials,2022,Wiley,10.1002/adfm.202203067,https://doi.org/10.1002/adfm.202203067,,no_open_pdf_in_metadata,,"本文关注 Pt 单原子位点在 graphene 等载体上的催化行为，主要应用于hydrogen evolution reaction。 文章以材料制备、结构表征和催化性能测试为核心，通常结合谱学/显微表征确认单原子分散。 摘要要点：Abstract Graphene edges exhibit a highly localized density of states that result in increased reactivity compared to its basal plane. However, exploiting this increased reactivity to anchor and tune the electronic states of single atom catalysts (SACs) remains",题名/摘要包含合成、制备、表征、测试或实验-理论联合研究信息，按实验论文归类；其中计算部分视作机理支持。
E0295,Experimental,Co; Zn,graphene,hydrogen evolution reaction,Quasi-solid-state Zn-air batteries with an atomically dispersed cobalt electrocatalyst and organohydrogel electrolyte,Nature Communications,2022,Nature Portfolio,10.1038/s41467-022-31383-4,https://doi.org/10.1038/s41467-022-31383-4,https://www.nature.com/articles/s41467-022-31383-4.pdf,open_url_not_pdf,,"本文关注 Co, Zn 单原子位点在 graphene 等载体上的催化行为，主要应用于hydrogen evolution reaction。 文章以材料制备、结构表征和催化性能测试为核心，通常结合谱学/显微表征确认单原子分散。 摘要要点：Abstract Quasi-solid-state Zn-air batteries are usually limited to relatively low-rate ability (<10 mA cm −2 ), which is caused in part by sluggish oxygen electrocatalysis and unstable electrochemical interfaces. Here we present a high-rate and robust quasi-so",题名/摘要包含合成、制备、表征、测试或实验-理论联合研究信息，按实验论文归类；其中计算部分视作机理支持。
E0298,Experimental,Pt,graphene,hydrogen evolution reaction,Role of N in Transition‐Metal‐Nitrides for Anchoring Platinum‐Group Metal Atoms toward Single‐Atom Catalysis,Small Methods,2022,Wiley,10.1002/smtd.202200295,https://doi.org/10.1002/smtd.202200295,https://onlinelibrary.wiley.com/doi/pdfdirect/10.1002/smtd.202200295,download_failed: HTTPError,,本文关注 Pt 单原子位点在 graphene 等载体上的催化行为，主要应用于hydrogen evolution reaction。 文章以材料制备、结构表征和催化性能测试为核心，通常结合谱学/显微表征确认单原子分散。 摘要要点：Abstract Single‐atom catalysts (SACs) with a maximum atom utilization efficiency have received growing attention in heterogeneous catalysis. The supporting substrate that provides atomic‐dispersed anchoring sites and the local electronic environment in these c,题名/摘要包含合成、制备、表征、测试或实验-理论联合研究信息，按实验论文归类；其中计算部分视作机理支持。
E0299,Experimental,Pd,graphene,hydrogen evolution reaction,SiC Monolayers as Promising Substrates for the Development of Highly Stable Palladium Single Atom Catalysts: A Density Functional Theory Study,ChemPhysChem,2022,Wiley,10.1002/cphc.202200112,https://doi.org/10.1002/cphc.202200112,,no_open_pdf_in_metadata,,"本文关注 Pd 单原子位点在 graphene 等载体上的催化行为，主要应用于hydrogen evolution reaction。 文章以材料制备、结构表征和催化性能测试为核心，通常结合谱学/显微表征确认单原子分散。 摘要要点：Abstract Single‐atom catalysts have been touted as highly efficient catalysts, but the catalytic single‐atom sites are unstable and tend to aggregate into nanoparticles during chemical reactions. In this study, we show that SiC monolayers are promising substra",题名/摘要包含合成、制备、表征、测试或实验-理论联合研究信息，按实验论文归类；其中计算部分视作机理支持。
E0300,Experimental,Pt,graphene,hydrogen evolution reaction,"Single Atom Catalysts: What Matters Most, the Active Site or The Surrounding?",ChemCatChem,2022,Wiley,10.1002/cctc.202200611,https://doi.org/10.1002/cctc.202200611,https://onlinelibrary.wiley.com/doi/pdfdirect/10.1002/cctc.202200611,download_failed: HTTPError,,"本文关注 Pt 单原子位点在 graphene 等载体上的催化行为，主要应用于hydrogen evolution reaction。 文章以材料制备、结构表征和催化性能测试为核心，通常结合谱学/显微表征确认单原子分散。 摘要要点：Abstract Single atom catalysts (SACs) consist of isolated metal atoms stabilized on a solid support. The name suggests that the catalytic activity is due to the nature of the metal atom, but of course the interaction with the substrate plays a role as well. Bu",题名/摘要包含合成、制备、表征、测试或实验-理论联合研究信息，按实验论文归类；其中计算部分视作机理支持。
E0301,Experimental,Co,graphene,oxygen reduction reaction,"Single Metal Atom Catalysts and ORR: H-Bonding, Solvation, and the Elusive Hydroperoxyl Intermediate",ACS Catalysis,2022,American Chemical Society,10.1021/acscatal.2c02029,https://doi.org/10.1021/acscatal.2c02029,https://pubs.acs.org/doi/pdf/10.1021/acscatal.2c02029,download_failed: HTTPError,,"本文关注 Co 单原子位点在 graphene 等载体上的催化行为，主要应用于oxygen reduction reaction。 文章以材料制备、结构表征和催化性能测试为核心，通常结合谱学/显微表征确认单原子分散。 摘要要点：The widely investigated oxygen reduction reaction (ORR) is well-known to proceed via two competing routes, involving two or four electrons, and yielding different reaction products, respectively. Both pathways are believed to share a common, elusive intermedia",识别到合成、表征、电化学/催化测试或 operando/in situ 等实验关键词；若含 DFT，则视作实验论文的机理支持。
E0304,Experimental,Mixed_or_unclear,graphene,CO2 reduction/conversion,Single-Atom Catalysts on Covalent Organic Frameworks for CO 2 Reduction,ACS Materials Au,2022,American Chemical Society,10.1021/acsmaterialsau.2c00061,https://doi.org/10.1021/acsmaterialsau.2c00061,https://pubs.acs.org/doi/pdf/10.1021/acsmaterialsau.2c00061,download_failed: HTTPError,,"本文关注 Mixed_or_unclear 单原子位点在 graphene 等载体上的催化行为，主要应用于CO2 reduction/conversion。 文章以材料制备、结构表征和催化性能测试为核心，通常结合谱学/显微表征确认单原子分散。 摘要要点：The long-unresolved issue of CO2 release and the resulting atmospheric change can be solved through the application of effective catalysts. Thus, single-atom catalysts (SACs) have been rapidly developed for the CO2 reduction reaction (CO2RR), as they show impr",识别到合成、表征、电化学/催化测试或 operando/in situ 等实验关键词；若含 DFT，则视作实验论文的机理支持。
E0308,Experimental,Fe,graphene,oxygen reduction reaction,Sp‐Hybridized Nitrogen as New Anchoring Sites of Iron Single Atoms to Boost the Oxygen Reduction Reaction,Angewandte Chemie International Edition,2022,Wiley,10.1002/anie.202208238,https://doi.org/10.1002/anie.202208238,,no_open_pdf_in_metadata,,"本文关注 Fe 单原子位点在 graphene 等载体上的催化行为，主要应用于oxygen reduction reaction。 文章以材料制备、结构表征和催化性能测试为核心，通常结合谱学/显微表征确认单原子分散。 摘要要点：Abstract Carbon supported single‐atom catalysts with metal‐N x configuration are considered as one of the most efficient catalysts for the oxygen reduction reaction (ORR). However, most of the metal‐N x active sites are composed by pyridinic N at the defect lo",识别到合成、表征、电化学/催化测试或 operando/in situ 等实验关键词；若含 DFT，则视作实验论文的机理支持。
E0309,Experimental,Fe,graphene,oxygen reduction reaction,Sp‐Hybridized Nitrogen as New Anchoring Sites of Iron Single Atoms to Boost the Oxygen Reduction Reaction,Angewandte Chemie,2022,Wiley,10.1002/ange.202208238,https://doi.org/10.1002/ange.202208238,,no_open_pdf_in_metadata,,"本文关注 Fe 单原子位点在 graphene 等载体上的催化行为，主要应用于oxygen reduction reaction。 文章以材料制备、结构表征和催化性能测试为核心，通常结合谱学/显微表征确认单原子分散。 摘要要点：Abstract Carbon supported single‐atom catalysts with metal‐N x configuration are considered as one of the most efficient catalysts for the oxygen reduction reaction (ORR). However, most of the metal‐N x active sites are composed by pyridinic N at the defect lo",识别到合成、表征、电化学/催化测试或 operando/in situ 等实验关键词；若含 DFT，则视作实验论文的机理支持。
E0316,Experimental,Mixed_or_unclear,graphene,CO oxidation,Tuning low-temperature CO oxidation activities via N-doping on graphene-supported three-coordinated nickle single-atom catalysts,Physical Chemistry Chemical Physics,2022,Royal Society of Chemistry,10.1039/d2cp04975a,https://doi.org/10.1039/d2cp04975a,,no_open_pdf_in_metadata,,本文关注 Mixed_or_unclear 单原子位点在 graphene 等载体上的催化行为，主要应用于CO oxidation。 文章以材料制备、结构表征和催化性能测试为核心，通常结合谱学/显微表征确认单原子分散。 摘要要点：exhibits excellent catalytic performance with the highest total reaction rate comparable to that of noble metal SACs. These findings are helpful for understanding the N-doping influence and rationalizing the art of designing novel SACs for CO oxidation at low,识别到合成、表征、电化学/催化测试或 operando/in situ 等实验关键词；若含 DFT，则视作实验论文的机理支持。
E0321,Experimental,Mixed_or_unclear,graphene,oxygen reduction reaction,Universal Principles for the Rational Design of Single Atom Electrocatalysts? Handle with Care,ACS Catalysis,2022,American Chemical Society,10.1021/acscatal.2c01011,https://doi.org/10.1021/acscatal.2c01011,https://pubs.acs.org/doi/pdf/10.1021/acscatal.2c01011,download_failed: HTTPError,,本文关注 Mixed_or_unclear 单原子位点在 graphene 等载体上的催化行为，主要应用于oxygen reduction reaction。 文章以材料制备、结构表征和催化性能测试为核心，通常结合谱学/显微表征确认单原子分散。 摘要要点：One of the objectives of electronic structure theory is to predict chemical and catalytic activities. This is a challenging target due to the large number of variables that determine the performance of a heterogeneous catalyst. The complexity of the problem ha,题名/摘要包含合成、制备、表征、测试或实验-理论联合研究信息，按实验论文归类；其中计算部分视作机理支持。
E0323,Experimental,Mixed_or_unclear,graphene,hydrogen evolution reaction,Using Coordination Chemistry Concepts to Unravel Electronic Properties of SACs in Bidimensional Materials,The Journal of Physical Chemistry C,2022,American Chemical Society,10.1021/acs.jpcc.2c02307,https://doi.org/10.1021/acs.jpcc.2c02307,,no_open_pdf_in_metadata,,"本文关注 Mixed_or_unclear 单原子位点在 graphene 等载体上的催化行为，主要应用于hydrogen evolution reaction。 文章以材料制备、结构表征和催化性能测试为核心，通常结合谱学/显微表征确认单原子分散。 摘要要点：Single atom catalysts (SACs) embedded in bidimensional (2D) materials are commonly viewed as chemically doped 2D systems whose electronic properties can be discussed in terms of solid state physics, where the doping atoms are perturbating agents to the semimet",题名/摘要包含合成、制备、表征、测试或实验-理论联合研究信息，按实验论文归类；其中计算部分视作机理支持。
E0334,Experimental,Fe,graphene,oxygen reduction reaction,Atomic Charge Schemes Comparison for Fe Single Atom in Graphitic Carbon: Insights from Quantum Simulations and Machine Learning,The Journal of Physical Chemistry C,2023,American Chemical Society,10.1021/acs.jpcc.3c02475,https://doi.org/10.1021/acs.jpcc.3c02475,,no_open_pdf_in_metadata,,"本文关注 Fe 单原子位点在 graphene 等载体上的催化行为，主要应用于oxygen reduction reaction。 文章以材料制备、结构表征和催化性能测试为核心，通常结合谱学/显微表征确认单原子分散。 摘要要点：Single-atom catalysts (SACs), where a transition-metal atom is embedded in graphitic carbon materials, have shown great potential as effective catalysts. The metal atom plays a major role in determining the catalytic reactivity, and substrate–metal interaction",题名/摘要包含合成、制备、表征、测试或实验-理论联合研究信息，按实验论文归类；其中计算部分视作机理支持。
E0336,Experimental,Mixed_or_unclear,graphene,CO2 reduction/conversion,Atomically Dispersed Alkaline‐Earth Metals as Active Centers for CO 2 Electroreduction to Exclusively Produce Formate,Small Structures,2023,Wiley,10.1002/sstr.202200358,https://doi.org/10.1002/sstr.202200358,https://onlinelibrary.wiley.com/doi/pdfdirect/10.1002/sstr.202200358,download_failed: HTTPError,,"本文关注 Mixed_or_unclear 单原子位点在 graphene 等载体上的催化行为，主要应用于CO2 reduction/conversion。 文章以材料制备、结构表征和催化性能测试为核心，通常结合谱学/显微表征确认单原子分散。 摘要要点：Electrocatalytic CO 2 reduction reaction (CO 2 RR) to produce formate (HCOOH) attracts special interest in the upgrade of waste CO 2 . For the selective CO 2 conversion into HCOOH, the preferable binding of *OCHO compared with *COOH is a prerequisite, which pr",题名/摘要包含合成、制备、表征、测试或实验-理论联合研究信息，按实验论文归类；其中计算部分视作机理支持。
E0338,Experimental,Mn,graphene,hydrogen evolution reaction,Atomically Dispersed Manganese on Graphene Nanosheets as Biocompatible Nanozyme for Glutathione Detection in Liver Tissue Lysate Using Microfluidic Paper-based Analytical Devices,ACS Applied Materials & Interfaces,2023,American Chemical Society,10.1021/acsami.3c08762,https://doi.org/10.1021/acsami.3c08762,,no_open_pdf_in_metadata,,"本文关注 Mn 单原子位点在 graphene 等载体上的催化行为，主要应用于hydrogen evolution reaction。 文章以材料制备、结构表征和催化性能测试为核心，通常结合谱学/显微表征确认单原子分散。 摘要要点：Recently, single atom catalysts (SACs) featuring M-Nx (M = metal) active sites on carbon support have drawn considerable attention due to their promising enzyme-like catalytic properties. However, typical synthesis methods of SACs often involve energy-intensiv",题名/摘要包含合成、制备、表征、测试或实验-理论联合研究信息，按实验论文归类；其中计算部分视作机理支持。
E0339,Experimental,Mixed_or_unclear,graphene,hydrogen evolution reaction,Atomically Dispersed Metals on Nanodiamond-Derived Hybrid Materials for Heterogeneous Catalysis,Accounts of Materials Research,2023,American Chemical Society,10.1021/accountsmr.2c00152,https://doi.org/10.1021/accountsmr.2c00152,,no_open_pdf_in_metadata,,"本文关注 Mixed_or_unclear 单原子位点在 graphene 等载体上的催化行为，主要应用于hydrogen evolution reaction。 文章以材料制备、结构表征和催化性能测试为核心，通常结合谱学/显微表征确认单原子分散。 摘要要点：ConspectusSupported metal catalyst, has been one of the most important systems in the field of heterogeneous catalysis. The great complexity of both the compositions and structures of such supported metal catalysts provides a great degree of freedom for tuning",题名/摘要包含合成、制备、表征、测试或实验-理论联合研究信息，按实验论文归类；其中计算部分视作机理支持。
E0350,Experimental,Fe; Cu,graphene,hydrogen evolution reaction,Can Metal–Nitrogen–Carbon Single-Atom Catalysts Boost the Electroreduction of Carbon Monoxide?,JACS Au,2023,American Chemical Society,10.1021/jacsau.3c00026,https://doi.org/10.1021/jacsau.3c00026,https://pubs.acs.org/doi/pdf/10.1021/jacsau.3c00026,download_failed: HTTPError,,"本文关注 Fe, Cu 单原子位点在 graphene 等载体上的催化行为，主要应用于hydrogen evolution reaction。 文章以材料制备、结构表征和催化性能测试为核心，通常结合谱学/显微表征确认单原子分散。 摘要要点：electroreduction. Unfortunately, the SACs generally cannot generate chemicals other than CO, while deep reduction products are more appealing because of their higher market potential, and the origin of governing CO reduction (COR) remains elusive. Here, by usi",题名/摘要包含合成、制备、表征、测试或实验-理论联合研究信息，按实验论文归类；其中计算部分视作机理支持。
E0351,Experimental,Pt,graphene,oxygen reduction reaction,Catalysis Sans Catalyst Loss: The Origins of Prolonged Stability of Graphene–Metal–Graphene Sandwich Architecture for Oxygen Reduction Reactions,Advanced Science,2023,Wiley,10.1002/advs.202304616,https://doi.org/10.1002/advs.202304616,https://onlinelibrary.wiley.com/doi/pdfdirect/10.1002/advs.202304616,download_failed: HTTPError,,"本文关注 Pt 单原子位点在 graphene 等载体上的催化行为，主要应用于oxygen reduction reaction。 文章以材料制备、结构表征和催化性能测试为核心，通常结合谱学/显微表征确认单原子分散。 摘要要点：Over the past decades, the design of active catalysts has been the subject of intense research efforts. However, there has been significantly less deliberate emphasis on rationally designing a catalyst system with a prolonged stability. A major obstacle comes",题名/摘要包含合成、制备、表征、测试或实验-理论联合研究信息，按实验论文归类；其中计算部分视作机理支持。
E0355,Experimental,Fe; Co,graphene oxide,CO2 reduction/conversion,Co Single Atom-FeCo Alloy-Carbon Nanotube Catalysts on Graphene for Lithium–Oxygen and Lithium–Carbon Dioxide Batteries,ACS Sustainable Chemistry & Engineering,2023,American Chemical Society,10.1021/acssuschemeng.3c00912,https://doi.org/10.1021/acssuschemeng.3c00912,,no_open_pdf_in_metadata,,"本文关注 Fe, Co 单原子位点在 graphene oxide 等载体上的催化行为，主要应用于CO2 reduction/conversion。 文章以材料制备、结构表征和催化性能测试为核心，通常结合谱学/显微表征确认单原子分散。 摘要要点：Lithium–oxygen (Li–O2) and lithium–carbon dioxide (Li–CO2) batteries are emerging as promising energy storage devices. Bifunctional catalysts play a crucial role in the reduction and evolution reactions for rechargeable Li–O2 and Li–CO2 batteries. In this stud",题名/摘要包含合成、制备、表征、测试或实验-理论联合研究信息，按实验论文归类；其中计算部分视作机理支持。
E0366,Experimental,V; Cr; Mn; Fe; Co; Ni; Cu,graphene,oxygen reduction reaction,Density Functional Theory Study of Single-Atom Transition Metal Catalysts Supported on Pyridine-Substituted Graphene Nanosheets for Oxygen Reduction Reaction,ACS Applied Nano Materials,2023,American Chemical Society,10.1021/acsanm.3c04535,https://doi.org/10.1021/acsanm.3c04535,,no_open_pdf_in_metadata,,"本文关注 V, Cr, Mn, Fe, Co, Ni, Cu 单原子位点在 graphene 等载体上的催化行为，主要应用于oxygen reduction reaction。 文章以材料制备、结构表征和催化性能测试为核心，通常结合谱学/显微表征确认单原子分散。 摘要要点：The oxygen reduction reaction (ORR) is of great importance due to its applications for alternative energies and environmental remediation. Therefore, controlling the selectivity toward the four-electrons pathway is of current interest. In this work, using dens",题名/摘要包含合成、制备、表征、测试或实验-理论联合研究信息，按实验论文归类；其中计算部分视作机理支持。
E0374,Experimental,Fe,graphene,hydrogen evolution reaction,Enhanced interfacial water dissociation on a hydrated iron porphyrin single-atom catalyst in graphene,Communications Chemistry,2023,Nature Portfolio,10.1038/s42004-023-01027-9,https://doi.org/10.1038/s42004-023-01027-9,https://www.nature.com/articles/s42004-023-01027-9.pdf,open_url_not_pdf,,"本文关注 Fe 单原子位点在 graphene 等载体上的催化行为，主要应用于hydrogen evolution reaction。 文章以材料制备、结构表征和催化性能测试为核心，通常结合谱学/显微表征确认单原子分散。 摘要要点：Abstract Single Atom Catalysis (SAC) is an expanding field of heterogeneous catalysis in which single metallic atoms embedded in different materials catalyze a chemical reaction, but these new catalytic materials still lack fundamental understanding when used",识别到合成、表征、电化学/催化测试或 operando/in situ 等实验关键词；若含 DFT，则视作实验论文的机理支持。
E0375,Experimental,Pd,graphene,CO2 reduction/conversion,Enhancing the activity of Pd ensembles on graphene by manipulating coordination environment,Proceedings of the National Academy of Sciences,2023,National Academy of Sciences,10.1073/pnas.2216879120,https://doi.org/10.1073/pnas.2216879120,https://www.osti.gov/servlets/purl/2282034,downloaded_open_access_pdf,Experimental/Pd/pdfs/E0375_Enhancing_the_activity_of_Pd_ensembles_on_graphene_by_manipulating_coordination_environmen.pdf,"本文关注 Pd 单原子位点在 graphene 等载体上的催化行为，主要应用于CO2 reduction/conversion。 文章以材料制备、结构表征和催化性能测试为核心，通常结合谱学/显微表征确认单原子分散。 摘要要点：Atomic dispersion of metal catalysts on a substrate accounts for the increased atomic efficiency of single-atom catalysts (SACs) in various catalytic schemes compared to the nanoparticle counterparts. However, lacking neighboring metal sites has been shown to",题名/摘要包含合成、制备、表征、测试或实验-理论联合研究信息，按实验论文归类；其中计算部分视作机理支持。
E0382,Experimental,Mixed_or_unclear,graphene,oxygen reduction reaction,Facilitating two-electron oxygen reduction with pyrrolic nitrogen sites for electrochemical hydrogen peroxide production,Nature Communications,2023,Nature Portfolio,10.1038/s41467-023-40118-y,https://doi.org/10.1038/s41467-023-40118-y,https://www.nature.com/articles/s41467-023-40118-y.pdf,open_url_not_pdf,,"本文关注 Mixed_or_unclear 单原子位点在 graphene 等载体上的催化行为，主要应用于oxygen reduction reaction。 文章以材料制备、结构表征和催化性能测试为核心，通常结合谱学/显微表征确认单原子分散。 摘要要点：Abstract Electrocatalytic hydrogen peroxide (H 2 O 2 ) production via the two-electron oxygen reduction reaction is a promising alternative to the energy-intensive and high-pollution anthraquinone oxidation process. However, developing advanced electrocatalyst",题名/摘要包含合成、制备、表征、测试或实验-理论联合研究信息，按实验论文归类；其中计算部分视作机理支持。
E0388,Experimental,Ni,graphene,catalysis,Graphene-Supported Single-Atom Ni as High-Performance Catalyst for Direct Methane-to-Methanol Conversion,The Journal of Physical Chemistry C,2023,American Chemical Society,10.1021/acs.jpcc.3c04213,https://doi.org/10.1021/acs.jpcc.3c04213,,no_open_pdf_in_metadata,,"本文关注 Ni 单原子位点在 graphene 等载体上的催化行为，主要应用于catalysis。 文章以材料制备、结构表征和催化性能测试为核心，通常结合谱学/显微表征确认单原子分散。 摘要要点：Inspired by the excellent performance of NiO+ in converting CH4 to CH3OH in the gas phase and the efficiency of single-atom catalysts, we constructed a Ni–O active site on single-vacant (SV) graphene by using O3/N2O as the oxidant. Quantum chemistry calculatio",识别到合成、表征、电化学/催化测试或 operando/in situ 等实验关键词；若含 DFT，则视作实验论文的机理支持。
E0391,Experimental,V; Ru,graphene,hydrogen evolution reaction,Hydrogen Radical-Induced Electrocatalytic N 2 Reduction at a Low Potential,Journal of the American Chemical Society,2023,American Chemical Society,10.1021/jacs.3c01319,https://doi.org/10.1021/jacs.3c01319,https://dr.ntu.edu.sg/bitstream/10356/169330/2/Hydrogen%20Radical-Induced%20Electrocatalytic%20N2%20Reduction%20at%20a%20Low%20Potential.pdf,downloaded_open_access_pdf,Experimental/V/pdfs/E0391_Hydrogen_Radical-Induced_Electrocatalytic_N_2_Reduction_at_a_Low_Potential.pdf,"本文关注 V, Ru 单原子位点在 graphene 等载体上的催化行为，主要应用于hydrogen evolution reaction。 文章以材料制备、结构表征和催化性能测试为核心，通常结合谱学/显微表征确认单原子分散。 摘要要点：Realizing efficient hydrogenation of N2 molecules in the electrocatalytic nitrogen reduction reaction (NRR) is crucial in achieving high activity at a low potential because it theoretically requires a higher equilibrium potential than other steps. Analogous to",识别到合成、表征、电化学/催化测试或 operando/in situ 等实验关键词；若含 DFT，则视作实验论文的机理支持。
E0395,Experimental,Co,graphene,oxygen reduction reaction,Langmuir–Blodgett Monolayer of Cobalt Phthalocyanine as Ultralow Loading Single-Atom Catalyst for Highly Efficient H 2 O 2 Production,ACS Nano,2023,American Chemical Society,10.1021/acsnano.3c08424,https://doi.org/10.1021/acsnano.3c08424,,no_open_pdf_in_metadata,,"本文关注 Co 单原子位点在 graphene 等载体上的催化行为，主要应用于oxygen reduction reaction。 文章以材料制备、结构表征和催化性能测试为核心，通常结合谱学/显微表征确认单原子分散。 摘要要点：The electrochemical production of H2O2 via the two-electron oxygen-reduction reaction (2e– ORR) has been actively studied using systems with atomically dispersed metal–nitrogen–carbon (M–N–C) structures. However, the development of well-defined M–N–C structure",题名/摘要包含合成、制备、表征、测试或实验-理论联合研究信息，按实验论文归类；其中计算部分视作机理支持。
E0396,Experimental,La,graphene,oxygen evolution reaction,Lanthanum-Doped Graphene for Electrocatalytic Reduction of Nitrogen Monoxide,The Journal of Physical Chemistry C,2023,American Chemical Society,10.1021/acs.jpcc.3c01366,https://doi.org/10.1021/acs.jpcc.3c01366,https://www.osti.gov/servlets/purl/2007442,downloaded_open_access_pdf,Experimental/La/pdfs/E0396_Lanthanum-Doped_Graphene_for_Electrocatalytic_Reduction_of_Nitrogen_Monoxide.pdf,"本文关注 La 单原子位点在 graphene 等载体上的催化行为，主要应用于oxygen evolution reaction。 文章以材料制备、结构表征和催化性能测试为核心，通常结合谱学/显微表征确认单原子分散。 摘要要点：Electrocatalytic conversion of nitrogen oxides is a promising approach to address nitrogen pollution in underground water. Nitrogen oxides, such as nitrate and nitrite, can be reduced to N2 and NH3 over an electrocatalyst, with NO as the key intermediate, subs",题名/摘要包含合成、制备、表征、测试或实验-理论联合研究信息，按实验论文归类；其中计算部分视作机理支持。
E0397,Experimental,Au,graphene,catalysis,Linear-Structure Single-Atom Gold(I) Catalyst for Dehydrogenative Coupling of Organosilanes with Alcohols,ACS Catalysis,2023,American Chemical Society,10.1021/acscatal.3c03937,https://doi.org/10.1021/acscatal.3c03937,https://arts.units.it/bitstream/11368/3066687/1/kadam-et-al-2023-linear-structure-single-atom-gold%28i%29-catalyst-for-dehydrogenative-coupling-of-organosilanes-with.pdf,download_failed: HTTPError,,本文关注 Au 单原子位点在 graphene 等载体上的催化行为，主要应用于catalysis。 文章以材料制备、结构表征和催化性能测试为核心，通常结合谱学/显微表征确认单原子分散。 摘要要点：A strategy for the synthesis of a gold-based single-atom catalyst (SAC) via a one-step room temperature reduction of Au(III) salt and stabilization of Au(I) ions on nitrile-functionalized graphene (cyanographene; G-CN) is described. The graphene-supported G(CN,题名/摘要包含合成、制备、表征、测试或实验-理论联合研究信息，按实验论文归类；其中计算部分视作机理支持。
E0403,Experimental,Co,graphene,hydrogen evolution reaction,Modulating Electronic Structure Engineering of Atomically Dispersed Cobalt Catalyst in Fenton-like Reaction for Efficient Degradation of Organic Pollutants,Environmental Science & Technology,2023,American Chemical Society,10.1021/acs.est.3c04712,https://doi.org/10.1021/acs.est.3c04712,,no_open_pdf_in_metadata,,"本文关注 Co 单原子位点在 graphene 等载体上的催化行为，主要应用于hydrogen evolution reaction。 文章以材料制备、结构表征和催化性能测试为核心，通常结合谱学/显微表征确认单原子分散。 摘要要点：Currently, the lack of model catalysts limits the understanding of the catalytic essence. Herein, we report the functional group modification of model single atom catalysts (SACs) with an accurately regulated electronic structure for accelerating the sluggish",题名/摘要包含合成、制备、表征、测试或实验-理论联合研究信息，按实验论文归类；其中计算部分视作机理支持。
E0406,Experimental,Ni,graphene,CO2 reduction/conversion,Ni Single Atoms Embedded in Graphene Nanoribbon Sieves for High‐Performance CO 2 Reduction to CO,Small,2023,Wiley,10.1002/smll.202303016,https://doi.org/10.1002/smll.202303016,,no_open_pdf_in_metadata,,"本文关注 Ni 单原子位点在 graphene 等载体上的催化行为，主要应用于CO2 reduction/conversion。 文章以材料制备、结构表征和催化性能测试为核心，通常结合谱学/显微表征确认单原子分散。 摘要要点：Abstract Ni single‐atom catalysts (SACs) are appealing for electrochemical reduction CO 2 reduction (CO 2 RR). However, regulating the balance between the activity and conductivity remains a challenge to Ni SACs due to the limitation of substrates structure. H",题名/摘要包含合成、制备、表征、测试或实验-理论联合研究信息，按实验论文归类；其中计算部分视作机理支持。
E0408,Experimental,Ni,graphene,CO2 reduction/conversion,Nickel Single Atom Density‐Dependent CO 2 Efficient Electroreduction,Small,2023,Wiley,10.1002/smll.202308080,https://doi.org/10.1002/smll.202308080,https://onlinelibrary.wiley.com/doi/pdfdirect/10.1002/smll.202308080,download_failed: HTTPError,,"本文关注 Ni 单原子位点在 graphene 等载体上的催化行为，主要应用于CO2 reduction/conversion。 文章以材料制备、结构表征和催化性能测试为核心，通常结合谱学/显微表征确认单原子分散。 摘要要点：Abstract The transition metal–nitrogen–carbon (M─N─C) with MNx sites has shown great potential in CO 2 electroreduction (CO 2 RR) for producing high value‐added C 1 products. However, a comprehensive and profound understanding of the intrinsic relationship bet",题名/摘要包含合成、制备、表征、测试或实验-理论联合研究信息，按实验论文归类；其中计算部分视作机理支持。
E0410,Experimental,Fe,graphene,oxygen reduction reaction,Optimizing reaction intermediate adsorption by engineering the coordination structure of single-atom Fe–N 5 –C electrocatalysts for efficient oxygen reduction,Inorganic Chemistry Frontiers,2023,Royal Society of Chemistry,10.1039/d3qi00700f,https://doi.org/10.1039/d3qi00700f,,no_open_pdf_in_metadata,,"本文关注 Fe 单原子位点在 graphene 等载体上的催化行为，主要应用于oxygen reduction reaction。 文章以材料制备、结构表征和催化性能测试为核心，通常结合谱学/显微表征确认单原子分散。 摘要要点：Guided by DFT calculation results, the FeN 5 single-atom catalyst with asymmetric coordination is fabricated by axially anchoring FeN 4 species with the N atom doped on graphene and shows extraordinary ORR catalytic performance.",题名/摘要包含合成、制备、表征、测试或实验-理论联合研究信息，按实验论文归类；其中计算部分视作机理支持。
E0418,Experimental,Fe,graphene,nitrogen reduction/ammonia synthesis,Periodic Defect Engineering of Iron–Nitrogen–Carbon Catalysts for Nitrate Electroreduction to Ammonia,Small,2023,Wiley,10.1002/smll.202307315,https://doi.org/10.1002/smll.202307315,https://pure.tue.nl/ws/files/319672538/Small_-_2023_-_Zhu_-_Periodic_Defect_Engineering_of_Iron_Nitrogen_Carbon_Catalysts_for_Nitrate_Electroreduction_to_Ammonia.pdf,downloaded_open_access_pdf,Experimental/Fe/pdfs/E0418_Periodic_Defect_Engineering_of_Iron_Nitrogen_Carbon_Catalysts_for_Nitrate_Electroreduction.pdf,"本文关注 Fe 单原子位点在 graphene 等载体上的催化行为，主要应用于nitrogen reduction/ammonia synthesis。 文章以材料制备、结构表征和催化性能测试为核心，通常结合谱学/显微表征确认单原子分散。 摘要要点：Abstract Iron–nitrogen–carbon single atom catalyst (SAC) is regarded as one of the promising electrocatalysts for NO 3 − reduction reaction (NO 3 RR) to NH 3 due to its high activity and selectivity. However, synergistic effects of topological defects and FeN",题名/摘要包含合成、制备、表征、测试或实验-理论联合研究信息，按实验论文归类；其中计算部分视作机理支持。
E0421,Experimental,Co,graphene oxide,hydrogen evolution reaction,Photothermal-enabled single-atom catalysts for high-efficiency hydrogen peroxide photosynthesis from natural seawater,Nature Communications,2023,Nature Portfolio,10.1038/s41467-023-38211-3,https://doi.org/10.1038/s41467-023-38211-3,https://www.nature.com/articles/s41467-023-38211-3.pdf,open_url_not_pdf,,"本文关注 Co 单原子位点在 graphene oxide 等载体上的催化行为，主要应用于hydrogen evolution reaction。 文章以材料制备、结构表征和催化性能测试为核心，通常结合谱学/显微表征确认单原子分散。 摘要要点：Abstract Hydrogen peroxide (H 2 O 2 ) is a powerful industrial oxidant and potential carbon-neutral liquid energy carrier. Sunlight-driven synthesis of H 2 O 2 from the most earth-abundant O 2 and seawater is highly desirable. However, the solar-to-chemical ef",题名/摘要包含合成、制备、表征、测试或实验-理论联合研究信息，按实验论文归类；其中计算部分视作机理支持。
E0445,Experimental,V; W,graphene,hydrogen evolution reaction,Single-atom catalysts supported on a hybrid structure of boron nitride/graphene for efficient nitrogen fixation via synergistic interfacial interactions,Nanoscale,2023,Royal Society of Chemistry,10.1039/d3nr05295h,https://doi.org/10.1039/d3nr05295h,,no_open_pdf_in_metadata,,"本文关注 V, W 单原子位点在 graphene 等载体上的催化行为，主要应用于hydrogen evolution reaction。 文章以材料制备、结构表征和催化性能测试为核心，通常结合谱学/显微表征确认单原子分散。 摘要要点：binding energy and further the band gap is reduced to zero. V (vanadium) and W (tungsten) SACs exhibit the best performance with limiting potentials of -0.22 and -0.41 V, respectively. This study helps in understanding the improvement of the NRR activity of BN",识别到合成、表征、电化学/催化测试或 operando/in situ 等实验关键词；若含 DFT，则视作实验论文的机理支持。
E0447,Experimental,Ni,graphene,CO2 reduction/conversion,Single‐Atom Anchored Curved Carbon Surface for Efficient CO 2 Electro‐Reduction with Nearly 100% CO Selectivity and Industrially‐Relevant Current Density,Advanced Materials,2023,,10.1002/adma.202205553,https://doi.org/10.1002/adma.202205553,https://onlinelibrary.wiley.com/doi/pdfdirect/10.1002/adma.202205553,download_failed: HTTPError,,"本文关注 Ni 单原子位点在 graphene 等载体上的催化行为，主要应用于CO2 reduction/conversion。 文章以材料制备、结构表征和催化性能测试为核心，通常结合谱学/显微表征确认单原子分散。 摘要要点：Abstract Although single metal atoms on porous carbons (PCs) are widely used in electrochemical CO 2 reduction reaction, these systems have long relied on flat graphene‐based models, which are far beyond reality because of abundant curved structures in PCs; th",题名/摘要包含合成、制备、表征、测试或实验-理论联合研究信息，按实验论文归类；其中计算部分视作机理支持。
E0450,Experimental,V; Co; Ni; Cu,graphene,hydrogen evolution reaction,Structural Self-Regulation-Promoted NO Electroreduction on Single Atoms,Journal of the American Chemical Society,2023,American Chemical Society,10.1021/jacs.3c08936,https://doi.org/10.1021/jacs.3c08936,,no_open_pdf_in_metadata,,"本文关注 V, Co, Ni, Cu 单原子位点在 graphene 等载体上的催化行为，主要应用于hydrogen evolution reaction。 文章以材料制备、结构表征和催化性能测试为核心，通常结合谱学/显微表征确认单原子分散。 摘要要点：Simultaneously elevating loading and activity of single atoms (SAs) is desirable for SA-containing catalysts, including single-atom catalysts (SACs). However, the fast self-nucleation of SAs limits the loading, and the activity is confined by the adsorption-en",题名/摘要包含合成、制备、表征、测试或实验-理论联合研究信息，按实验论文归类；其中计算部分视作机理支持。
E0458,Experimental,Fe; Co; Ni; Zn,graphene,oxygen reduction reaction,"Transition Metal (Fe, Zn, Co, and Ni) Single-Atom Catalysts Anchored on N,S-Codoped Hybrid Nanocarbons for Oxygen Reduction Reaction",ACS Applied Nano Materials,2023,American Chemical Society,10.1021/acsanm.3c00827,https://doi.org/10.1021/acsanm.3c00827,,no_open_pdf_in_metadata,,"本文关注 Fe, Co, Ni, Zn 单原子位点在 graphene 等载体上的催化行为，主要应用于oxygen reduction reaction。 文章以材料制备、结构表征和催化性能测试为核心，通常结合谱学/显微表征确认单原子分散。 摘要要点：Atomically dispersed transition metal catalysts have served as promising candidates to substitute noble metals in energy conversion. A majority of carbon-supported transition metal single-atom catalysts (SACs) have been synthesized via the high-temperature sin",题名/摘要包含合成、制备、表征、测试或实验-理论联合研究信息，按实验论文归类；其中计算部分视作机理支持。
E0464,Experimental,Zn,graphene oxide,oxygen reduction reaction,Zn Single Atoms/Clusters/Nanoparticles Embedded in the Hybrid Carbon Aerogels for High-Performance ORR Electrocatalysis,Inorganic Chemistry,2023,American Chemical Society,10.1021/acs.inorgchem.3c02417,https://doi.org/10.1021/acs.inorgchem.3c02417,,no_open_pdf_in_metadata,,本文关注 Zn 单原子位点在 graphene oxide 等载体上的催化行为，主要应用于oxygen reduction reaction。 文章以材料制备、结构表征和催化性能测试为核心，通常结合谱学/显微表征确认单原子分散。 摘要要点：Carbon-supported zinc single-atom catalysts have received considerable attention in the electrocatalytic oxygen reduction reaction (ORR) owing to the strong reduction capacity of zinc atoms and the abundant reserves of zinc elements. The common preparation met,题名/摘要包含合成、制备、表征、测试或实验-理论联合研究信息，按实验论文归类；其中计算部分视作机理支持。
E0470,Experimental,Co; Ni; Pt,graphene oxide,oxygen evolution reaction,A universal and scalable transformation of bulk metals into single-atom catalysts in ionic liquids,Proceedings of the National Academy of Sciences,2024,National Academy of Sciences,10.1073/pnas.2319136121,https://doi.org/10.1073/pnas.2319136121,https://pmc.ncbi.nlm.nih.gov/articles/PMC10927526/pdf/pnas.202319136.pdf,open_url_not_pdf,,"本文关注 Co, Ni, Pt 单原子位点在 graphene oxide 等载体上的催化行为，主要应用于oxygen evolution reaction。 文章以材料制备、结构表征和催化性能测试为核心，通常结合谱学/显微表征确认单原子分散。 摘要要点：Single-atom catalysts (SACs) with maximized metal atom utilization and intriguing properties are of utmost importance for energy conversion and catalysis science. However, the lack of a straightforward and scalable synthesis strategy of SACs on diverse support",题名/摘要包含合成、制备、表征、测试或实验-理论联合研究信息，按实验论文归类；其中计算部分视作机理支持。
E0474,Experimental,Mixed_or_unclear,graphene,hydrogen evolution reaction,"Allying interfacial engineering of 2D carbon nanosheet‐, graphene‐, and graphdiyne‐based heterostructured electrocatalysts toward hydrogen evolution and overall water splitting",Electron,2024,Wiley,10.1002/elt2.20,https://doi.org/10.1002/elt2.20,,no_open_pdf_in_metadata,,本文关注 Mixed_or_unclear 单原子位点在 graphene 等载体上的催化行为，主要应用于hydrogen evolution reaction。 文章以材料制备、结构表征和催化性能测试为核心，通常结合谱学/显微表征确认单原子分散。 摘要要点：Abstract Electrochemical hydrogen evolution reaction (HER) and overall water splitting (OWS) for renewable energy generation have recently become a highly promising and sustainable strategy to tackle energy crisis and global warming arising from our overrelian,题名/摘要包含合成、制备、表征、测试或实验-理论联合研究信息，按实验论文归类；其中计算部分视作机理支持。
E0478,Experimental,Pt,graphene,hydrogen evolution reaction,Atomic-Layer Deposition of the Single-Atom Pt Catalyst on Vertical Graphene for H 2 Sensing,ACS Applied Nano Materials,2024,American Chemical Society,10.1021/acsanm.4c03416,https://doi.org/10.1021/acsanm.4c03416,,no_open_pdf_in_metadata,,"本文关注 Pt 单原子位点在 graphene 等载体上的催化行为，主要应用于hydrogen evolution reaction。 文章以材料制备、结构表征和催化性能测试为核心，通常结合谱学/显微表征确认单原子分散。 摘要要点：Single-atom catalysts have the advantage of high chemical efficiency, which requires atomic-scale control during catalyst formation. In order to address this challenge, this work explores the synthesis of single-atom platinum (SA-Pt) catalysts using atomic-lay",题名/摘要包含合成、制备、表征、测试或实验-理论联合研究信息，按实验论文归类；其中计算部分视作机理支持。
E0483,Experimental,Pt,graphene,hydrogen evolution reaction,Atomically Dispersed Platinum Supported on Crumpled Graphene Supports for Highly Efficient Hydrogen Evolution Reaction,International Journal of Energy Research,2024,Wiley,10.1155/2024/8700573,https://doi.org/10.1155/2024/8700573,https://onlinelibrary.wiley.com/doi/pdfdirect/10.1155/2024/8700573,download_failed: HTTPError,,"本文关注 Pt 单原子位点在 graphene 等载体上的催化行为，主要应用于hydrogen evolution reaction。 文章以材料制备、结构表征和催化性能测试为核心，通常结合谱学/显微表征确认单原子分散。 摘要要点：Platinum (Pt) single‐atom catalysts (SACs) are a promising alternative to commercial Pt/carbon (C) catalysts because of their tunable catalytic activity with maximum atomic efficiency for the hydrogen evolution reaction (HER). Herein, we report a nitrogen (N)‐",题名/摘要包含合成、制备、表征、测试或实验-理论联合研究信息，按实验论文归类；其中计算部分视作机理支持。
E0497,Experimental,Rh,graphene,catalysis,Catalytic kinetic growth of a half-metallic hexagonal boron nitride-graphene lateral heterostructure using transition metal single-atom catalysts on Rh(111),Journal of Materials Chemistry A,2024,Royal Society of Chemistry,10.1039/d4ta05741d,https://doi.org/10.1039/d4ta05741d,,no_open_pdf_in_metadata,,"本文关注 Rh 单原子位点在 graphene 等载体上的催化行为，主要应用于catalysis。 文章以材料制备、结构表征和催化性能测试为核心，通常结合谱学/显微表征确认单原子分散。 摘要要点：Transition metal single-atom catalysts (TM = Mn, Zr, Nb, Mo, Hf, Ta, and W) promote growth of a h-BN-G heterostructure on C-dimer-unpreferred Rh(111).",识别到合成、表征、电化学/催化测试或 operando/in situ 等实验关键词；若含 DFT，则视作实验论文的机理支持。
E0500,Experimental,Cu,graphene,hydrogen evolution reaction,Constructing Nitrogen‐Coordinated Single Atom Catalysts via Bond‐Plucking Strategy for Oxidation of Benzene,Small,2024,Wiley,10.1002/smll.202407804,https://doi.org/10.1002/smll.202407804,https://onlinelibrary.wiley.com/doi/pdfdirect/10.1002/smll.202407804,download_failed: HTTPError,,本文关注 Cu 单原子位点在 graphene 等载体上的催化行为，主要应用于hydrogen evolution reaction。 文章以材料制备、结构表征和催化性能测试为核心，通常结合谱学/显微表征确认单原子分散。 摘要要点：Abstract Single‐atom catalysts (SACs) with nitrogen‐coordinated active centers feature unique electronic and geometric structures and thus show high catalytic activity for various industrial reactions. Searching for operable synthesis protocols to accurately d,识别到合成、表征、电化学/催化测试或 operando/in situ 等实验关键词；若含 DFT，则视作实验论文的机理支持。
E0516,Experimental,Fe; Cu,graphene,oxygen reduction reaction,Dual single-atom sites coupled with graphene-encapsulated core–shell Fe–Cu nanoalloy for boosting the oxygen reduction reaction,Journal of Materials Chemistry A,2024,Royal Society of Chemistry,10.1039/d4ta05015k,https://doi.org/10.1039/d4ta05015k,,no_open_pdf_in_metadata,,"本文关注 Fe, Cu 单原子位点在 graphene 等载体上的催化行为，主要应用于oxygen reduction reaction。 文章以材料制备、结构表征和催化性能测试为核心，通常结合谱学/显微表征确认单原子分散。 摘要要点：The strategic integration of Cu–N x sites and graphene-encapsulated Fe–Cu core–shell nanoalloys near Fe–N x sites significantly enhances the performance of Fe single-atom catalysts for the oxygen reduction reaction.",识别到合成、表征、电化学/催化测试或 operando/in situ 等实验关键词；若含 DFT，则视作实验论文的机理支持。
E0525,Experimental,Fe,graphene oxide,oxygen reduction reaction,FeN 4 S 1 Single-Atom Sites Anchored on Three-Dimensional Porous Carbon for Highly Efficient and Durable Oxygen Electrocatalysis,ACS Nano,2024,American Chemical Society,10.1021/acsnano.4c15410,https://doi.org/10.1021/acsnano.4c15410,,no_open_pdf_in_metadata,,"本文关注 Fe 单原子位点在 graphene oxide 等载体上的催化行为，主要应用于oxygen reduction reaction。 文章以材料制备、结构表征和催化性能测试为核心，通常结合谱学/显微表征确认单原子分散。 摘要要点：Precisely designing asymmetric active centers and exploring their electronic regulation effects to prepare efficient bifunctional single-atom catalysts (SACs) is important for boosting the practical applications of zinc–air batteries (ZABs). Herein, an effecti",识别到合成、表征、电化学/催化测试或 operando/in situ 等实验关键词；若含 DFT，则视作实验论文的机理支持。
E0535,Experimental,Fe,graphene,oxygen reduction reaction,Instantaneous Thermal Energy for Swift Synthesis of Single‐Atom Catalysts for Unparalleled Performance in Metal–Air Batteries and Fuel Cells (Adv. Mater. 32/2024),Advanced Materials,2024,,10.1002/adma.202470257,https://doi.org/10.1002/adma.202470257,https://onlinelibrary.wiley.com/doi/pdfdirect/10.1002/adma.202470257,download_failed: HTTPError,,"本文关注 Fe 单原子位点在 graphene 等载体上的催化行为，主要应用于oxygen reduction reaction。 文章以材料制备、结构表征和催化性能测试为核心，通常结合谱学/显微表征确认单原子分散。 摘要要点：Single-Atom Catalysts This image depicts the key step in the synthesis process of our innovative FeN4-O-graphene catalyst for the electrochemical oxygen reduction reaction. During the thermal decomposition of DMF, CO is formed and combines with FePc to create",题名/摘要包含合成、制备、表征、测试或实验-理论联合研究信息，按实验论文归类；其中计算部分视作机理支持。
E0537,Experimental,Mn; Fe; Co; Ni; Cu; Pt,graphene,oxygen reduction reaction,Investigation of Single Atom Catalysts by X‐Ray Absorption Spectroscopy,physica status solidi (a),2024,Wiley,10.1002/pssa.202400606,https://doi.org/10.1002/pssa.202400606,https://onlinelibrary.wiley.com/doi/pdfdirect/10.1002/pssa.202400606,download_failed: HTTPError,,"本文关注 Mn, Fe, Co, Ni, Cu, Pt 单原子位点在 graphene 等载体上的催化行为，主要应用于oxygen reduction reaction。 文章以材料制备、结构表征和催化性能测试为核心，通常结合谱学/显微表征确认单原子分散。 摘要要点：Recently, Pt‐free and highly efficient, nanostructured M–N–C catalysts employing earth‐abundant metals (M = Fe, Co, Ni, Mn, Cu, etc.) have been recognized as a very promising alternative to noble metal (in particular platinum)‐ based oxygen reduction reaction",题名/摘要包含合成、制备、表征、测试或实验-理论联合研究信息，按实验论文归类；其中计算部分视作机理支持。
E0540,Experimental,Sn,graphene,hydrogen evolution reaction,Low-Temperature Chemical Vapor Deposition of 2D Materials via Single-Atom Catalysis on Liquid Bimetallic Substrates: A Case Study of Graphene Synthesis on Liquid Tin Alloys,The Journal of Physical Chemistry C,2024,American Chemical Society,10.1021/acs.jpcc.4c02245,https://doi.org/10.1021/acs.jpcc.4c02245,,no_open_pdf_in_metadata,,"本文关注 Sn 单原子位点在 graphene 等载体上的催化行为，主要应用于hydrogen evolution reaction。 文章以材料制备、结构表征和催化性能测试为核心，通常结合谱学/显微表征确认单原子分散。 摘要要点：Current synthesis and transfer methods of 2D materials (2DMs) have fallen short of realizing their promised high-end applications on an industrial scale. In addressing this gap, the method of chemical vapor deposition (CVD) on a liquid substrate envisions cost",题名/摘要包含合成、制备、表征、测试或实验-理论联合研究信息，按实验论文归类；其中计算部分视作机理支持。
E0541,Experimental,Mixed_or_unclear,graphene,oxygen reduction reaction,Machine Learning-Assisted Study of REN x C 6– x -Doped Graphene as Potential Electrocatalysts for Oxygen Electrode Reactions,Langmuir,2024,American Chemical Society,10.1021/acs.langmuir.4c00803,https://doi.org/10.1021/acs.langmuir.4c00803,,no_open_pdf_in_metadata,,"本文关注 Mixed_or_unclear 单原子位点在 graphene 等载体上的催化行为，主要应用于oxygen reduction reaction。 文章以材料制备、结构表征和催化性能测试为核心，通常结合谱学/显微表征确认单原子分散。 摘要要点：In the application of renewable energy, the oxidation–reduction reaction (ORR) and oxygen evolution reaction (OER) are two crucial reactions. Single-atom catalysts (SACs) based on metal-doped graphene have been widely employed due to their high activity and hi",题名/摘要包含合成、制备、表征、测试或实验-理论联合研究信息，按实验论文归类；其中计算部分视作机理支持。
E0543,Experimental,V,graphene,hydrogen evolution reaction,Main‐Group Elements Enhance Electrochemical Nitrogen Reduction Reaction of Vanadium‐Based Single Atom Catalysts Through d‐p Orbital Hybridization,ChemSusChem,2024,Wiley,10.1002/cssc.202400808,https://doi.org/10.1002/cssc.202400808,https://onlinelibrary.wiley.com/doi/pdfdirect/10.1002/cssc.202400808,download_failed: HTTPError,,"本文关注 V 单原子位点在 graphene 等载体上的催化行为，主要应用于hydrogen evolution reaction。 文章以材料制备、结构表征和催化性能测试为核心，通常结合谱学/显微表征确认单原子分散。 摘要要点：Abstract Developing active sites with flexibility and diversity is crucial for single atom catalysts (SACs) towards sustainable nitrogen fixation at ambient conditions. Herein, the effects of doping main group metal elements (MGM) on the stability, catalytic a",题名/摘要包含合成、制备、表征、测试或实验-理论联合研究信息，按实验论文归类；其中计算部分视作机理支持。
E0547,Experimental,Mn,graphene,oxygen reduction reaction,Modulating Spin of Atomic Manganese Center for High‐Performance Oxygen Reduction Reaction,Angewandte Chemie International Edition,2024,Wiley,10.1002/anie.202412245,https://doi.org/10.1002/anie.202412245,https://onlinelibrary.wiley.com/doi/pdfdirect/10.1002/anie.202412245,download_failed: HTTPError,,"本文关注 Mn 单原子位点在 graphene 等载体上的催化行为，主要应用于oxygen reduction reaction。 文章以材料制备、结构表征和催化性能测试为核心，通常结合谱学/显微表征确认单原子分散。 摘要要点：Abstract Single atom catalysts (SACs) are promising non‐precious catalysts for oxygen reduction reaction (ORR). Unfortunately, the ORR SACs usually suffer from unsatisfactory activity and in particular poor stability. Herein, we report atomically dispersed man",题名/摘要包含合成、制备、表征、测试或实验-理论联合研究信息，按实验论文归类；其中计算部分视作机理支持。
E0548,Experimental,Mn,graphene,oxygen reduction reaction,Modulating Spin of Atomic Manganese Center for High‐Performance Oxygen Reduction Reaction,Angewandte Chemie,2024,Wiley,10.1002/ange.202412245,https://doi.org/10.1002/ange.202412245,,no_open_pdf_in_metadata,,"本文关注 Mn 单原子位点在 graphene 等载体上的催化行为，主要应用于oxygen reduction reaction。 文章以材料制备、结构表征和催化性能测试为核心，通常结合谱学/显微表征确认单原子分散。 摘要要点：Abstract Single atom catalysts (SACs) are promising non‐precious catalysts for oxygen reduction reaction (ORR). Unfortunately, the ORR SACs usually suffer from unsatisfactory activity and in particular poor stability. Herein, we report atomically dispersed man",题名/摘要包含合成、制备、表征、测试或实验-理论联合研究信息，按实验论文归类；其中计算部分视作机理支持。
E0568,Experimental,Ti; V; Zn,graphene,oxygen reduction reaction,Regulating d ‐Orbital Hybridization of Subgroup‐IVB Single Atoms for Efficient Oxygen Reduction Reaction,Advanced Materials,2024,,10.1002/adma.202312117,https://doi.org/10.1002/adma.202312117,https://rgu-repository.worktribe.com/file/2262191/1/ZHAO%202024%20Regulating%20d-orbital%20hybridization%20%28AAM%29,download_failed: HTTPError,,"本文关注 Ti, V, Zn 单原子位点在 graphene 等载体上的催化行为，主要应用于oxygen reduction reaction。 文章以材料制备、结构表征和催化性能测试为核心，通常结合谱学/显微表征确认单原子分散。 摘要要点：Abstract Highly active single‐atom electrocatalysts for the oxygen reduction reaction are crucial for improving the energy conversion efficiency, but they suffer from a limited choice of metal centers and unsatisfactory stabilities. Here, this work reports tha",题名/摘要包含合成、制备、表征、测试或实验-理论联合研究信息，按实验论文归类；其中计算部分视作机理支持。
E0571,Experimental,Co,graphene,hydrogen evolution reaction,Reverse Spillover Dominating CO Adsorption on Single Cobalt Atoms in Graphene Divacancies,The Journal of Physical Chemistry C,2024,American Chemical Society,10.1021/acs.jpcc.4c07088,https://doi.org/10.1021/acs.jpcc.4c07088,https://pmc.ncbi.nlm.nih.gov/articles/PMC11912467/pdf/jp4c07088.pdf,open_url_not_pdf,,"本文关注 Co 单原子位点在 graphene 等载体上的催化行为，主要应用于hydrogen evolution reaction。 文章以材料制备、结构表征和催化性能测试为核心，通常结合谱学/显微表征确认单原子分散。 摘要要点：The kinetics of molecular adsorption and desorption can unveil the details of the adsorption potential that impact, for instance, the overall sticking probability. This information is of particular importance for catalysis and gas sensing. We investigate the r",题名/摘要包含合成、制备、表征、测试或实验-理论联合研究信息，按实验论文归类；其中计算部分视作机理支持。
E0575,Experimental,Co; Ni,graphene,catalysis,Scalable bottom-up synthesis of Co-Ni–doped graphene,Science Advances,2024,American Association for the Advancement of Science,10.1126/sciadv.ado8956,https://doi.org/10.1126/sciadv.ado8956,https://orbilu.uni.lu/bitstream/10993/62504/1/SciAdv-ado8956-2024.pdf,downloaded_open_access_pdf,Experimental/Co/pdfs/E0575_Scalable_bottom-up_synthesis_of_Co-Ni_doped_graphene.pdf,"本文关注 Co, Ni 单原子位点在 graphene 等载体上的催化行为，主要应用于catalysis。 文章以材料制备、结构表征和催化性能测试为核心，通常结合谱学/显微表征确认单原子分散。 摘要要点：Introducing heteroatoms into graphene is a powerful strategy to modulate its catalytic, electronic, and magnetic properties. At variance with the cases of nitrogen (N)- and boron (B)-doped graphene, a scalable method for incorporating transition metal atoms in",题名/摘要包含合成、制备、表征、测试或实验-理论联合研究信息，按实验论文归类；其中计算部分视作机理支持。
E0582,Experimental,Pt,graphene,hydrogen evolution reaction,Single-atom platinum with asymmetric coordination environment on fully conjugated covalent organic framework for efficient electrocatalysis,Nature Communications,2024,Nature Portfolio,10.1038/s41467-024-46872-x,https://doi.org/10.1038/s41467-024-46872-x,https://www.nature.com/articles/s41467-024-46872-x.pdf,open_url_not_pdf,,"本文关注 Pt 单原子位点在 graphene 等载体上的催化行为，主要应用于hydrogen evolution reaction。 文章以材料制备、结构表征和催化性能测试为核心，通常结合谱学/显微表征确认单原子分散。 摘要要点：Abstract Two-dimensional (2D) covalent organic frameworks (COFs) and their derivatives have been widely applied as electrocatalysts owing to their unique nanoscale pore configurations, stable periodic structures, abundant coordination sites and high surface ar",识别到合成、表征、电化学/催化测试或 operando/in situ 等实验关键词；若含 DFT，则视作实验论文的机理支持。
E0590,Experimental,Co; Ru,graphene oxide,hydrogen evolution reaction,Symmetry‐Broken Ru Nanoparticles with Parasitic Ru‐Co Dual‐Single Atoms Overcome the Volmer Step of Alkaline Hydrogen Oxidation,Angewandte Chemie International Edition,2024,Wiley,10.1002/anie.202319618,https://doi.org/10.1002/anie.202319618,https://onlinelibrary.wiley.com/doi/pdfdirect/10.1002/anie.202319618,download_failed: HTTPError,,"本文关注 Co, Ru 单原子位点在 graphene oxide 等载体上的催化行为，主要应用于hydrogen evolution reaction。 文章以材料制备、结构表征和催化性能测试为核心，通常结合谱学/显微表征确认单原子分散。 摘要要点：Abstract Efficient dual‐single‐atom catalysts are crucial for enhancing atomic efficiency and promoting the commercialization of fuel cells, but addressing the sluggish kinetics of hydrogen oxidation reaction (HOR) in alkaline media and the facile dual‐single‐",识别到合成、表征、电化学/催化测试或 operando/in situ 等实验关键词；若含 DFT，则视作实验论文的机理支持。
E0591,Experimental,Co; Ru,graphene oxide,hydrogen evolution reaction,Symmetry‐Broken Ru Nanoparticles with Parasitic Ru‐Co Dual‐Single Atoms Overcome the Volmer Step of Alkaline Hydrogen Oxidation,Angewandte Chemie,2024,Wiley,10.1002/ange.202319618,https://doi.org/10.1002/ange.202319618,,no_open_pdf_in_metadata,,"本文关注 Co, Ru 单原子位点在 graphene oxide 等载体上的催化行为，主要应用于hydrogen evolution reaction。 文章以材料制备、结构表征和催化性能测试为核心，通常结合谱学/显微表征确认单原子分散。 摘要要点：Abstract Efficient dual‐single‐atom catalysts are crucial for enhancing atomic efficiency and promoting the commercialization of fuel cells, but addressing the sluggish kinetics of hydrogen oxidation reaction (HOR) in alkaline media and the facile dual‐single‐",识别到合成、表征、电化学/催化测试或 operando/in situ 等实验关键词；若含 DFT，则视作实验论文的机理支持。
E0601,Experimental,Cu,graphene,CO2 reduction/conversion,Ultra‐Fast Pulsed Discharge Preparation of Coordinatively Unsaturated Asymmetric Copper Single‐Atom Catalysts for CO 2 Reduction,Advanced Functional Materials,2024,Wiley,10.1002/adfm.202312589,https://doi.org/10.1002/adfm.202312589,,no_open_pdf_in_metadata,,"本文关注 Cu 单原子位点在 graphene 等载体上的催化行为，主要应用于CO2 reduction/conversion。 文章以材料制备、结构表征和催化性能测试为核心，通常结合谱学/显微表征确认单原子分散。 摘要要点：Abstract Single‐atom catalysts possess great potential for applications in electrochemical carbon dioxide reduction reactions. Recently, the fast and low‐cost preparation of highly efficient single‐atom catalysts remains a challenge. Herein, a high‐density cur",识别到合成、表征、电化学/催化测试或 operando/in situ 等实验关键词；若含 DFT，则视作实验论文的机理支持。
E0604,Experimental,Ni,graphene,hydrogen evolution reaction,Uniting Synergistic Effect of Single‐Ni Site and Electric Field of B‐ Bridged‐N for Boosted Electrocatalytic Nitrate Reduction to Ammonia,Small,2024,Wiley,10.1002/smll.202310082,https://doi.org/10.1002/smll.202310082,,no_open_pdf_in_metadata,,"本文关注 Ni 单原子位点在 graphene 等载体上的催化行为，主要应用于hydrogen evolution reaction。 文章以材料制备、结构表征和催化性能测试为核心，通常结合谱学/显微表征确认单原子分散。 摘要要点：Abstract Electrochemical conversion of nitrate, a prevalent water pollutant, to ammonia (NH 3 ) is a delocalized and green path for NH 3 production. Despite the existence of different nitrate reduction pathways, selectively directing the reaction pathway on th",识别到合成、表征、电化学/催化测试或 operando/in situ 等实验关键词；若含 DFT，则视作实验论文的机理支持。
E0608,Experimental,Fe; Co,graphene,oxygen reduction reaction,Unravelling Species‐Specific Loading Effects on Oxygen Reduction Activity of Heteronuclear Single Atom Catalysts,Small Methods,2024,Wiley,10.1002/smtd.202401333,https://doi.org/10.1002/smtd.202401333,,no_open_pdf_in_metadata,,"本文关注 Fe, Co 单原子位点在 graphene 等载体上的催化行为，主要应用于oxygen reduction reaction。 文章以材料制备、结构表征和催化性能测试为核心，通常结合谱学/显微表征确认单原子分散。 摘要要点：Abstract Toward high‐density single atom catalysts (SACs), the interaction between neighboring SACs and the induced non‐linear loading effect become crucial for their intrinsic catalytic performance. Despite recent investigations on homonuclear SACs, understan",题名/摘要包含合成、制备、表征、测试或实验-理论联合研究信息，按实验论文归类；其中计算部分视作机理支持。
E0612,Experimental,V,graphene,oxygen reduction reaction,Activity Descriptors of Nonmetal Doped Xene-Based Single-Atom Catalysts for Enhanced NO Electroreduction via Hetero-Xene-Layer Integration,The Journal of Physical Chemistry C,2025,American Chemical Society,10.1021/acs.jpcc.5c05703,https://doi.org/10.1021/acs.jpcc.5c05703,,no_open_pdf_in_metadata,,"本文关注 V 单原子位点在 graphene 等载体上的催化行为，主要应用于oxygen reduction reaction。 文章以材料制备、结构表征和催化性能测试为核心，通常结合谱学/显微表征确认单原子分散。 摘要要点：Electrochemical NO reduction reaction (NORR) holds promise for sustainable NH3 synthesis but requires an efficient catalyst. Using first-principles calculations, we propose a strategic framework of 12 nonmetal (B/P)-doped single-atom catalysts (SACs), featurin",题名/摘要包含合成、制备、表征、测试或实验-理论联合研究信息，按实验论文归类；其中计算部分视作机理支持。
E0621,Experimental,Fe; Zn,graphene,oxygen reduction reaction,Atomically Dispersed Fe Anchored on Nitrogen‐Doped Graphene as Advanced Bifunctional Electrocatalyst for Oxygen Electrode in Rechargeable Zn–Air Battery,ChemCatChem,2025,Wiley,10.1002/cctc.202500731,https://doi.org/10.1002/cctc.202500731,https://onlinelibrary.wiley.com/doi/pdfdirect/10.1002/cctc.202500731,download_failed: HTTPError,,"本文关注 Fe, Zn 单原子位点在 graphene 等载体上的催化行为，主要应用于oxygen reduction reaction。 文章以材料制备、结构表征和催化性能测试为核心，通常结合谱学/显微表征确认单原子分散。 摘要要点：Abstract Developing nonprecious metal oxygen reduction reaction (ORR) and oxygen evolution reaction (OER) electrocatalysts with both high activity and stability remains a critical challenge for advanced metal–air battery. In this work, we develop a ball‐millin",题名/摘要包含合成、制备、表征、测试或实验-理论联合研究信息，按实验论文归类；其中计算部分视作机理支持。
E0629,Experimental,Zn,graphene,oxygen reduction reaction,Cascade Limiting Strategy for Constructing Single‐Atomic Catalysts on Self‐Supporting Hydrophobic Edge‐Rich Graphene Membrane as Zn‐Air Battery Cathode,Small,2025,Wiley,10.1002/smll.202503448,https://doi.org/10.1002/smll.202503448,,no_open_pdf_in_metadata,,"本文关注 Zn 单原子位点在 graphene 等载体上的催化行为，主要应用于oxygen reduction reaction。 文章以材料制备、结构表征和催化性能测试为核心，通常结合谱学/显微表征确认单原子分散。 摘要要点：Abstract Despite the great potential of Fe single‐atom catalysts (SACs) to replace platinum‐based materials for oxygen reduction reaction (ORR), their synthesis is hindered by the strong tendency of atomic migration/aggregation and uncontrollable substrate etc",题名/摘要包含合成、制备、表征、测试或实验-理论联合研究信息，按实验论文归类；其中计算部分视作机理支持。
E0631,Experimental,Ti,graphene,CO2 reduction/conversion,Catalytic Promotion of Transition-Metal-Doped Graphene Cathodes in Li-CO 2 Batteries,The Journal of Physical Chemistry C,2025,American Chemical Society,10.1021/acs.jpcc.4c06763,https://doi.org/10.1021/acs.jpcc.4c06763,,no_open_pdf_in_metadata,,"本文关注 Ti 单原子位点在 graphene 等载体上的催化行为，主要应用于CO2 reduction/conversion。 文章以材料制备、结构表征和催化性能测试为核心，通常结合谱学/显微表征确认单原子分散。 摘要要点：The Li-CO2 battery is a promising energy storage system with impressive theoretical specific energy and discharge capacity. Graphene-based single-atom catalysts (SACs) provide high surface area and long-term electrochemical reactivity and stability, making SAC",题名/摘要包含合成、制备、表征、测试或实验-理论联合研究信息，按实验论文归类；其中计算部分视作机理支持。
E0633,Experimental,Mixed_or_unclear,graphene,hydrogen evolution reaction,Confined Assembly of Well-Defined Single-Unit Chain with Charge Delocalization for Boosting Catalysis,Journal of the American Chemical Society,2025,American Chemical Society,10.1021/jacs.5c09743,https://doi.org/10.1021/jacs.5c09743,,no_open_pdf_in_metadata,,"本文关注 Mixed_or_unclear 单原子位点在 graphene 等载体上的催化行为，主要应用于hydrogen evolution reaction。 文章以材料制备、结构表征和催化性能测试为核心，通常结合谱学/显微表征确认单原子分散。 摘要要点：The ultimate miniaturization of catalysts to single-atomic dimensions offers a promising route to maximize the catalytic performance through fully exposed active sites and precisely tailored electronic structures. However, the synthesis of atomically precise o",题名/摘要包含合成、制备、表征、测试或实验-理论联合研究信息，按实验论文归类；其中计算部分视作机理支持。
E0634,Experimental,Co,graphene,oxygen reduction reaction,Confining Asymmetrically Coordinated Cobalt Single‐Atoms/Clusters on Holey MXene for Ultrafast Fenton‐Like Catalysis,Angewandte Chemie International Edition,2025,Wiley,10.1002/anie.202511266,https://doi.org/10.1002/anie.202511266,https://onlinelibrary.wiley.com/doi/pdfdirect/10.1002/anie.202511266,download_failed: HTTPError,,"本文关注 Co 单原子位点在 graphene 等载体上的催化行为，主要应用于oxygen reduction reaction。 文章以材料制备、结构表征和催化性能测试为核心，通常结合谱学/显微表征确认单原子分散。 摘要要点：Abstract Developing single‐atom catalysts (SACs) with asymmetric coordination configurations is essential for enhancing peroxymonosulfate (PMS) activation in Fenton‐like reactions. However, precisely regulating the electronic structure and coordination environ",题名/摘要包含合成、制备、表征、测试或实验-理论联合研究信息，按实验论文归类；其中计算部分视作机理支持。
E0635,Experimental,Co,graphene,oxygen reduction reaction,Confining Asymmetrically Coordinated Cobalt Single‐Atoms/Clusters on Holey MXene for Ultrafast Fenton‐Like Catalysis,Angewandte Chemie,2025,Wiley,10.1002/ange.202511266,https://doi.org/10.1002/ange.202511266,,no_open_pdf_in_metadata,,"本文关注 Co 单原子位点在 graphene 等载体上的催化行为，主要应用于oxygen reduction reaction。 文章以材料制备、结构表征和催化性能测试为核心，通常结合谱学/显微表征确认单原子分散。 摘要要点：Abstract Developing single‐atom catalysts (SACs) with asymmetric coordination configurations is essential for enhancing peroxymonosulfate (PMS) activation in Fenton‐like reactions. However, precisely regulating the electronic structure and coordination environ",题名/摘要包含合成、制备、表征、测试或实验-理论联合研究信息，按实验论文归类；其中计算部分视作机理支持。
E0639,Experimental,Cu,graphene,hydrogen evolution reaction,Copper Single‐Atom Decorated Microfibrous Catalysts for Continuous‐Flow Reduction of Nitroarenes,Advanced Functional Materials,2025,Wiley,10.1002/adfm.202521090,https://doi.org/10.1002/adfm.202521090,https://onlinelibrary.wiley.com/doi/pdfdirect/10.1002/adfm.202521090,download_failed: HTTPError,,"本文关注 Cu 单原子位点在 graphene 等载体上的催化行为，主要应用于hydrogen evolution reaction。 文章以材料制备、结构表征和催化性能测试为核心，通常结合谱学/显微表征确认单原子分散。 摘要要点：Abstract Continuous‐flow fixed‐bed reactors effectively bridge laboratory research and industrial production. As the key component, the catalyst module must demonstrate high catalytic activity and rapid reactant distribution to maximize the catalytic turnover.",识别到合成、表征、电化学/催化测试或 operando/in situ 等实验关键词；若含 DFT，则视作实验论文的机理支持。
E0652,Experimental,Co,graphene,catalysis,Efficient and Long-Lasting Removal of High-Level Formaldehyde at Room Temperature over a Cobalt Single-Atom Catalyst Anchored on Graphene-like Carbon Nanosheets,ACS ES&T Engineering,2025,American Chemical Society,10.1021/acsestengg.5c00086,https://doi.org/10.1021/acsestengg.5c00086,,no_open_pdf_in_metadata,,"本文关注 Co 单原子位点在 graphene 等载体上的催化行为，主要应用于catalysis。 文章以材料制备、结构表征和催化性能测试为核心，通常结合谱学/显微表征确认单原子分散。 摘要要点：The single-atom strategy has proven to be an effective approach for improving the catalytic performance of supported metal catalysts. In this study, we synthesized a Co single atom supported on an ultrathin carbon nanosheet (Co-SAs/NCS) to remove high-concentr",题名/摘要包含合成、制备、表征、测试或实验-理论联合研究信息，按实验论文归类；其中计算部分视作机理支持。
E0655,Experimental,Fe,graphene,oxygen reduction reaction,Electronic Complexity of Active Site Models for FeNC Catalysts: A Systematic Study of Truncation Effects in Molecular and Periodic Models,The Journal of Physical Chemistry C,2025,American Chemical Society,10.1021/acs.jpcc.5c02746,https://doi.org/10.1021/acs.jpcc.5c02746,,no_open_pdf_in_metadata,,"本文关注 Fe 单原子位点在 graphene 等载体上的催化行为，主要应用于oxygen reduction reaction。 文章以材料制备、结构表征和催化性能测试为核心，通常结合谱学/显微表征确认单原子分散。 摘要要点：While single-atom catalysts have been widely studied experimentally and computationally due to their high potential for small molecule activation reactions, the structures and electronic details of their active sites remain elusive. Much progress has been made",题名/摘要包含合成、制备、表征、测试或实验-理论联合研究信息，按实验论文归类；其中计算部分视作机理支持。
E0657,Experimental,Fe,graphene,hydrogen evolution reaction,Enhanced Electric Field via Multicomponent Synergistic Coordination on Single-Atom Catalysts for Antibiotic Mineralization in Water,Environmental Science & Technology,2025,American Chemical Society,10.1021/acs.est.5c03405,https://doi.org/10.1021/acs.est.5c03405,,no_open_pdf_in_metadata,,"本文关注 Fe 单原子位点在 graphene 等载体上的催化行为，主要应用于hydrogen evolution reaction。 文章以材料制备、结构表征和催化性能测试为核心，通常结合谱学/显微表征确认单原子分散。 摘要要点：The persistence of antibiotics in aquatic ecosystems poses significant long-term ecological and public health risks. Nevertheless, current remediation approaches face critical limitations, including high energy consumption and interference from dissolved organ",题名/摘要包含合成、制备、表征、测试或实验-理论联合研究信息，按实验论文归类；其中计算部分视作机理支持。
E0661,Experimental,Fe,graphene oxide,catalysis,Fe single-atom catalysts embedded in reduced graphene oxide for the electrochemical detection of uric acid and hydrogen peroxide,New Journal of Chemistry,2025,Royal Society of Chemistry,10.1039/d5nj03219a,https://doi.org/10.1039/d5nj03219a,,no_open_pdf_in_metadata,,本文关注 Fe 单原子位点在 graphene oxide 等载体上的催化行为，主要应用于catalysis。 文章以材料制备、结构表征和催化性能测试为核心，通常结合谱学/显微表征确认单原子分散。 摘要要点：FeSACs@RGO/SPE for the electrochemical detection of UA and H 2 O 2 .,识别到合成、表征、电化学/催化测试或 operando/in situ 等实验关键词；若含 DFT，则视作实验论文的机理支持。
E0663,Experimental,Fe,graphene,hydrogen evolution reaction,Fine-Tuning the Activity Volcano of Single-Atom Iron Catalysts in NH 3 –SCR Regulated by Local Coordination Environment,Energy & Fuels,2025,American Chemical Society,10.1021/acs.energyfuels.4c06055,https://doi.org/10.1021/acs.energyfuels.4c06055,,no_open_pdf_in_metadata,,"本文关注 Fe 单原子位点在 graphene 等载体上的催化行为，主要应用于hydrogen evolution reaction。 文章以材料制备、结构表征和催化性能测试为核心，通常结合谱学/显微表征确认单原子分散。 摘要要点：Although advanced single-atom catalysts (SACs) have demonstrated remarkable performance in various catalytic fields, their application in selective catalytic reduction with ammonia (NH3–SCR) remains challenging due to the lack of fundamental theoretical guidan",题名/摘要包含合成、制备、表征、测试或实验-理论联合研究信息，按实验论文归类；其中计算部分视作机理支持。
E0664,Experimental,W,graphene,hydrogen evolution reaction,Fine‐tuning coordination from WO to WN in graphene gel based single‐atom W for hydrogenation of p ‐chloronitrobenzene,AIChE Journal,2025,Wiley,10.1002/aic.18792,https://doi.org/10.1002/aic.18792,,no_open_pdf_in_metadata,,本文关注 W 单原子位点在 graphene 等载体上的催化行为，主要应用于hydrogen evolution reaction。 文章以材料制备、结构表征和催化性能测试为核心，通常结合谱学/显微表征确认单原子分散。 摘要要点：Abstract The rational design of single‐atom catalysts (SACs) with controllable coordination environments is indispensable for various target reactions. It is still a challenge due to the difficulty in understanding atomic behavior specifically in complex synth,题名/摘要包含合成、制备、表征、测试或实验-理论联合研究信息，按实验论文归类；其中计算部分视作机理支持。
E0669,Experimental,Fe; Co; Ni,graphene,oxygen reduction reaction,Graphene‐Based Phthalocyanine‐Assembled Synergistic Fe‐Co‐Ni Trimetallic Single‐Atomic Bifunctional Electrocatalysts by Rational Design for Boosting Oxygen Reduction/Evolution Reactions,Carbon Energy,2025,Wiley,10.1002/cey2.70062,https://doi.org/10.1002/cey2.70062,https://onlinelibrary.wiley.com/doi/pdfdirect/10.1002/cey2.70062,download_failed: HTTPError,,"本文关注 Fe, Co, Ni 单原子位点在 graphene 等载体上的催化行为，主要应用于oxygen reduction reaction。 文章以材料制备、结构表征和催化性能测试为核心，通常结合谱学/显微表征确认单原子分散。 摘要要点：ABSTRACT Development of high‐efficiency bifunctional oxygen reduction reaction (ORR) and oxygen evolution reaction (OER) electrocatalysts is vital for the widespread application of zinc–air batteries (ZABs). However, it still remains a great challenge to avoid",题名/摘要包含合成、制备、表征、测试或实验-理论联合研究信息，按实验论文归类；其中计算部分视作机理支持。
E0682,Experimental,Co; Pt,graphene oxide,CO2 reduction/conversion,Laser Solid‐Phase Synthesis of Robust Single‐Atom Catalysts for CO 2 Hydrogenation to Methanol,Carbon Energy,2025,Wiley,10.1002/cey2.70035,https://doi.org/10.1002/cey2.70035,https://onlinelibrary.wiley.com/doi/pdfdirect/10.1002/cey2.70035,download_failed: HTTPError,,"本文关注 Co, Pt 单原子位点在 graphene oxide 等载体上的催化行为，主要应用于CO2 reduction/conversion。 文章以材料制备、结构表征和催化性能测试为核心，通常结合谱学/显微表征确认单原子分散。 摘要要点：ABSTRACT The robustness of single‐atom catalysts (SACs) is a critical concern for practical applications, especially for thermal catalysis at elevated temperatures under reductive conditions. In this study, a laser solid‐phase synthesis technique is reported t",题名/摘要包含合成、制备、表征、测试或实验-理论联合研究信息，按实验论文归类；其中计算部分视作机理支持。
E0685,Experimental,Co,graphene,oxygen reduction reaction,Mechanism of Singlet Oxygen Generation Catalyzed by CoN 4 -Graphene: Insights from Embedded Multi-Configurational Theory,JACS Au,2025,American Chemical Society,10.1021/jacsau.5c01188,https://doi.org/10.1021/jacsau.5c01188,,no_open_pdf_in_metadata,,"本文关注 Co 单原子位点在 graphene 等载体上的催化行为，主要应用于oxygen reduction reaction。 文章以材料制备、结构表征和催化性能测试为核心，通常结合谱学/显微表征确认单原子分散。 摘要要点：Efficient generation of singlet oxygen (1O2) underpins critical applications in photodynamic therapy, selective oxidation, and environmental remediation. Single-atom catalysts (SACs), particularly transition-metal–nitrogen–carbon single-atom catalysts (TM–N-C",题名/摘要包含合成、制备、表征、测试或实验-理论联合研究信息，按实验论文归类；其中计算部分视作机理支持。
E0687,Experimental,V; Fe; Zn; Pt,graphene,oxygen reduction reaction,Microporous Hard Carbon Support Provokes Exceptional Performance of Single Atom Electrocatalysts for Advanced Air Cathodes,Angewandte Chemie International Edition,2025,Wiley,10.1002/anie.202501307,https://doi.org/10.1002/anie.202501307,,no_open_pdf_in_metadata,,"本文关注 V, Fe, Zn, Pt 单原子位点在 graphene 等载体上的催化行为，主要应用于oxygen reduction reaction。 文章以材料制备、结构表征和催化性能测试为核心，通常结合谱学/显微表征确认单原子分散。 摘要要点：Abstract Single atom catalysts embracing metal‐nitrogen (MN x ) moieties show promising performance for oxygen reduction reaction (ORR). The modification on spatially confined microenvironments, which won copious attention with respect to achieving efficient c",题名/摘要包含合成、制备、表征、测试或实验-理论联合研究信息，按实验论文归类；其中计算部分视作机理支持。
E0688,Experimental,V; Fe; Zn; Pt,graphene,oxygen reduction reaction,Microporous Hard Carbon Support Provokes Exceptional Performance of Single Atom Electrocatalysts for Advanced Air Cathodes,Angewandte Chemie,2025,Wiley,10.1002/ange.202501307,https://doi.org/10.1002/ange.202501307,,no_open_pdf_in_metadata,,"本文关注 V, Fe, Zn, Pt 单原子位点在 graphene 等载体上的催化行为，主要应用于oxygen reduction reaction。 文章以材料制备、结构表征和催化性能测试为核心，通常结合谱学/显微表征确认单原子分散。 摘要要点：Abstract Single atom catalysts embracing metal‐nitrogen (MN x ) moieties show promising performance for oxygen reduction reaction (ORR). The modification on spatially confined microenvironments, which won copious attention with respect to achieving efficient c",题名/摘要包含合成、制备、表征、测试或实验-理论联合研究信息，按实验论文归类；其中计算部分视作机理支持。
E0697,Experimental,Co; Zn,graphene,oxygen reduction reaction,Oxygen Reduction Reaction Catalysts for Zinc‐Air Batteries Featuring Single Cobalt Atoms in a Nitrogen‐Doped 3D‐Interconnected Porous Graphene Framework,Small,2025,Wiley,10.1002/smll.202409506,https://doi.org/10.1002/smll.202409506,https://onlinelibrary.wiley.com/doi/pdfdirect/10.1002/smll.202409506,download_failed: HTTPError,,"本文关注 Co, Zn 单原子位点在 graphene 等载体上的催化行为，主要应用于oxygen reduction reaction。 文章以材料制备、结构表征和催化性能测试为核心，通常结合谱学/显微表征确认单原子分散。 摘要要点：Abstract Single‐atom catalysts (SACs) with high activity and efficient atom utilization for oxygen reduction reactions (ORRs) are imperative for rechargeable Zinc‐air batteries (ZABs). However, it is still a prominent challenge to construct a noble‐metal‐free",题名/摘要包含合成、制备、表征、测试或实验-理论联合研究信息，按实验论文归类；其中计算部分视作机理支持。
E0698,Experimental,Fe,graphene,oxygen reduction reaction,Oxygen coordination engineering in Fe–N–O–graphene single-atom catalysts for enhanced bifunctional oxygen electrocatalysis,Reaction Chemistry & Engineering,2025,Royal Society of Chemistry,10.1039/d5re00292c,https://doi.org/10.1039/d5re00292c,,no_open_pdf_in_metadata,,"本文关注 Fe 单原子位点在 graphene 等载体上的催化行为，主要应用于oxygen reduction reaction。 文章以材料制备、结构表征和催化性能测试为核心，通常结合谱学/显微表征确认单原子分散。 摘要要点：Study shows FeN 3 O configuration in Fe–N–O–graphene optimizes Fe–O bonding and electronic coupling, enabling low overpotentials for both ORR and OER.",识别到合成、表征、电化学/催化测试或 operando/in situ 等实验关键词；若含 DFT，则视作实验论文的机理支持。
E0703,Experimental,Pt,graphene,oxygen reduction reaction,Pt Single Atom Deposition by Direct Current Sputtering in the Gas‐Scattering Regime—A Simple Approach to Controlled Single Atom Loading,ChemSusChem,2025,Wiley,10.1002/cssc.202500489,https://doi.org/10.1002/cssc.202500489,https://open.fau.de/bitstreams/0cd976a6-2dae-4eeb-99db-f22586dc2f10/download,open_url_not_pdf,,"本文关注 Pt 单原子位点在 graphene 等载体上的催化行为，主要应用于oxygen reduction reaction。 文章以材料制备、结构表征和催化性能测试为核心，通常结合谱学/显微表征确认单原子分散。 摘要要点：Supported single atoms represent a new frontier in many catalytic fields, and noble metal single atoms in particular have been reported to be a highly effective cocatalyst in photocatalysis or electrocatalysis. Herein, it is described that direct current sputt",识别到合成、表征、电化学/催化测试或 operando/in situ 等实验关键词；若含 DFT，则视作实验论文的机理支持。
E0711,Experimental,Fe,graphene,oxygen reduction reaction,Role of Water in Modulating the Fe 3+ /Fe 2+ Redox Couple in Iron-Based Complexes and Single-Atom Catalysts,The Journal of Physical Chemistry Letters,2025,American Chemical Society,10.1021/acs.jpclett.5c02424,https://doi.org/10.1021/acs.jpclett.5c02424,https://boa.unimib.it/bitstream/10281/604301/1/Bonardi%20et%20al-2025-Journal%20of%20Physical%20Chemistry%20Letters-VoR.pdf,download_failed: HTTPError,,"本文关注 Fe 单原子位点在 graphene 等载体上的催化行为，主要应用于oxygen reduction reaction。 文章以材料制备、结构表征和催化性能测试为核心，通常结合谱学/显微表征确认单原子分散。 摘要要点：A key challenge in modeling electrocatalysis with single-atom catalysts (SACs) is accurately capturing the redox behavior of transition metals across oxidation states. This is particularly true for iron, a widely used element in such systems. Iron phthalocyani",题名/摘要包含合成、制备、表征、测试或实验-理论联合研究信息，按实验论文归类；其中计算部分视作机理支持。
E0730,Experimental,Pd,graphene,CO2 reduction/conversion,Superatoms as Superior Catalysts: ZrO versus Pd,Small,2025,Wiley,10.1002/smll.202409289,https://doi.org/10.1002/smll.202409289,https://onlinelibrary.wiley.com/doi/pdfdirect/10.1002/smll.202409289,download_failed: HTTPError,,"本文关注 Pd 单原子位点在 graphene 等载体上的催化行为，主要应用于CO2 reduction/conversion。 文章以材料制备、结构表征和催化性能测试为核心，通常结合谱学/显微表征确认单原子分散。 摘要要点：Abstract Single‐atom catalysts are the focus of studies for over a decade due to their enhanced reactivity at smaller sizes. However, they have limitations as they offer only one active site, which may not be sufficient for reactions requiring the co‐adsorptio",识别到合成、表征、电化学/催化测试或 operando/in situ 等实验关键词；若含 DFT，则视作实验论文的机理支持。
E0736,Experimental,Fe; Co,graphene,hydrogen evolution reaction,Synthesis of Bimetallic (Iron–Cobalt) Single Atom Catalysts for Electrochemical Detection of Nitrites,Advanced Materials Technologies,2025,Wiley,10.1002/admt.202401484,https://doi.org/10.1002/admt.202401484,https://onlinelibrary.wiley.com/doi/pdfdirect/10.1002/admt.202401484,download_failed: HTTPError,,"本文关注 Fe, Co 单原子位点在 graphene 等载体上的催化行为，主要应用于hydrogen evolution reaction。 文章以材料制备、结构表征和催化性能测试为核心，通常结合谱学/显微表征确认单原子分散。 摘要要点：Abstract Nitrite (NO 2 − ) is responsible for several physiological processes but can be harmful in excess. With rising exposure from food preservatives, fertilizers, and pollutants, accurate nitrite assessment is crucial for health and environmental safety. D",题名/摘要包含合成、制备、表征、测试或实验-理论联合研究信息，按实验论文归类；其中计算部分视作机理支持。
E0741,Experimental,Cu,graphene oxide,CO2 reduction/conversion,The Proximal Protonation Source in Cu−NH x −C Single Atom Catalysts Selectively Boosts CO 2 to Methane Electroreduction,Angewandte Chemie International Edition,2025,Wiley,10.1002/anie.202424098,https://doi.org/10.1002/anie.202424098,https://onlinelibrary.wiley.com/doi/pdfdirect/10.1002/anie.202424098,download_failed: HTTPError,,"本文关注 Cu 单原子位点在 graphene oxide 等载体上的催化行为，主要应用于CO2 reduction/conversion。 文章以材料制备、结构表征和催化性能测试为核心，通常结合谱学/显微表征确认单原子分散。 摘要要点：Abstract Regulating the coordination environment of active sites has proved powerful for tapping into their catalytic activity and selectivity in homogeneous catalysis, yet the heterogeneous nature of copper single‐atom catalysts (SACs) makes it challenging. T",题名/摘要包含合成、制备、表征、测试或实验-理论联合研究信息，按实验论文归类；其中计算部分视作机理支持。
E0742,Experimental,Cu,graphene oxide,CO2 reduction/conversion,The Proximal Protonation Source in Cu−NH x −C Single Atom Catalysts Selectively Boosts CO 2 to Methane Electroreduction,Angewandte Chemie,2025,Wiley,10.1002/ange.202424098,https://doi.org/10.1002/ange.202424098,https://onlinelibrary.wiley.com/doi/pdfdirect/10.1002/ange.202424098,download_failed: HTTPError,,"本文关注 Cu 单原子位点在 graphene oxide 等载体上的催化行为，主要应用于CO2 reduction/conversion。 文章以材料制备、结构表征和催化性能测试为核心，通常结合谱学/显微表征确认单原子分散。 摘要要点：Abstract Regulating the coordination environment of active sites has proved powerful for tapping into their catalytic activity and selectivity in homogeneous catalysis, yet the heterogeneous nature of copper single‐atom catalysts (SACs) makes it challenging. T",题名/摘要包含合成、制备、表征、测试或实验-理论联合研究信息，按实验论文归类；其中计算部分视作机理支持。
E0744,Experimental,Fe,graphene,hydrogen evolution reaction,Transforming Plastics to Single Atom Catalysts for Peroxymonosulfate Activation: Axial Chloride Coordination Intensified Electron Transfer Pathway,Advanced Materials,2025,,10.1002/adma.202415339,https://doi.org/10.1002/adma.202415339,,no_open_pdf_in_metadata,,"本文关注 Fe 单原子位点在 graphene 等载体上的催化行为，主要应用于hydrogen evolution reaction。 文章以材料制备、结构表征和催化性能测试为核心，通常结合谱学/显微表征确认单原子分散。 摘要要点：Abstract Transforming plastics into single‐atom catalysts is a promising strategy for upcycling waste plastics into value‐added functional materials. Herein, a graphene‐based single‐atom catalyst with atomically dispersed FeN 4 Cl sites (Fe─N/Cl─C) is produced",题名/摘要包含合成、制备、表征、测试或实验-理论联合研究信息，按实验论文归类；其中计算部分视作机理支持。
E0746,Experimental,Co; Ni; Rh; Pd; Ir; Pt,graphene,hydrogen evolution reaction,Understanding stability and reactivity of transition metal single-atoms on graphene,Scientific Reports,2025,Nature Portfolio,10.1038/s41598-025-00126-y,https://doi.org/10.1038/s41598-025-00126-y,https://www.nature.com/articles/s41598-025-00126-y.pdf,open_url_not_pdf,,"本文关注 Co, Ni, Rh, Pd, Ir, Pt 单原子位点在 graphene 等载体上的催化行为，主要应用于hydrogen evolution reaction。 文章以材料制备、结构表征和催化性能测试为核心，通常结合谱学/显微表征确认单原子分散。 摘要要点：Recently, single-atom catalysts (SACs) based on transition metals (TMs) have been identified as highly active catalysts with excellent atomic efficiency, reduced consumption of expensive materials, well-defined active centers, and tunable activity and selectiv",题名/摘要包含合成、制备、表征、测试或实验-理论联合研究信息，按实验论文归类；其中计算部分视作机理支持。
E0750,Experimental,Au,graphene,oxygen reduction reaction,Workflow-driven catalytic modulation from single-atom catalysts to Au–alloy clusters on graphene,Scientific Reports,2025,Nature Portfolio,10.1038/s41598-025-85891-6,https://doi.org/10.1038/s41598-025-85891-6,https://www.nature.com/articles/s41598-025-85891-6.pdf,open_url_not_pdf,,"本文关注 Au 单原子位点在 graphene 等载体上的催化行为，主要应用于oxygen reduction reaction。 文章以材料制备、结构表征和催化性能测试为核心，通常结合谱学/显微表征确认单原子分散。 摘要要点：Gold-based (Au) nanostructures are efficient catalysts for CO oxidation, hydrogen evolution (HER), and oxygen evolution (OER) reactions, but stabilizing them on graphene (Gr) is challenging due to weak affinity from delocalized [Formula: see text] carbon orbit",题名/摘要包含合成、制备、表征、测试或实验-理论联合研究信息，按实验论文归类；其中计算部分视作机理支持。
E0752,Experimental,Fe; Co; Ni; Cu,graphene,oxygen reduction reaction,p -Band Center as the Key Descriptor: Coordination Engineering of Single-Atom Catalysts for Optimized Oxygen Electrocatalysis,Industrial & Engineering Chemistry Research,2025,American Chemical Society,10.1021/acs.iecr.5c03392,https://doi.org/10.1021/acs.iecr.5c03392,,no_open_pdf_in_metadata,,"本文关注 Fe, Co, Ni, Cu 单原子位点在 graphene 等载体上的催化行为，主要应用于oxygen reduction reaction。 文章以材料制备、结构表征和催化性能测试为核心，通常结合谱学/显微表征确认单原子分散。 摘要要点：The sluggish kinetics of the oxygen evolution/reduction reaction limit clean energy technologies. Single-atom catalysts (SACs) offer promise but require rational design guided by mechanistic understanding of metal–support interactions. This study employs densi",题名/摘要包含合成、制备、表征、测试或实验-理论联合研究信息，按实验论文归类；其中计算部分视作机理支持。
E0754,Experimental,Pt,graphene oxide,hydrogen evolution reaction,Asymmetric Pt1C3-Pt1O1C3 catalytic pairs for efficient transfer hydrogenation of azobenzene,Nature Communications,2026,Nature Portfolio,10.1038/s41467-026-68759-9,https://doi.org/10.1038/s41467-026-68759-9,https://www.nature.com/articles/s41467-026-68759-9_reference.pdf,open_url_not_pdf,,"本文关注 Pt 单原子位点在 graphene oxide 等载体上的催化行为，主要应用于hydrogen evolution reaction。 文章以材料制备、结构表征和催化性能测试为核心，通常结合谱学/显微表征确认单原子分散。 摘要要点：Atomic catalytic pairs (CPs) have shown great promise in driving multi-step catalytic transformations, yet the influence of spatial arrangement and coordination asymmetry on homonuclear CPs remain poorly understood. Herein, we construct atomically dispersed ho",识别到合成、表征、电化学/催化测试或 operando/in situ 等实验关键词；若含 DFT，则视作实验论文的机理支持。
E0761,Experimental,Ni,graphene,CO2 reduction/conversion,Breaking π Electron Network in Carbon Planes Enables Electron‐Localized NiN 4 Moieties for Efficient Electrochemical CO 2 Reduction,Advanced Functional Materials,2026,Wiley,10.1002/adfm.75678,https://doi.org/10.1002/adfm.75678,,no_open_pdf_in_metadata,,"本文关注 Ni 单原子位点在 graphene 等载体上的催化行为，主要应用于CO2 reduction/conversion。 文章以材料制备、结构表征和催化性能测试为核心，通常结合谱学/显微表征确认单原子分散。 摘要要点：ABSTRACT Graphene‐based metal‐nitrogen‐carbon single atom catalysts (M−NC SACs) have been used extensively for electrochemical CO 2 reduction reaction (eCO 2 RR). Yet, CO 2 adsorption and activation on the metal sites are hindered by the intense electron confi",题名/摘要包含合成、制备、表征、测试或实验-理论联合研究信息，按实验论文归类；其中计算部分视作机理支持。
E0763,Experimental,Co; Rh,graphene,hydrogen evolution reaction,Dual-atom Rh-Co catalysts for synergistically boosting nitrile hydrogenation,Nature Communications,2026,Nature Portfolio,10.1038/s41467-026-69778-2,https://doi.org/10.1038/s41467-026-69778-2,https://www.nature.com/articles/s41467-026-69778-2_reference.pdf,open_url_not_pdf,,"本文关注 Co, Rh 单原子位点在 graphene 等载体上的催化行为，主要应用于hydrogen evolution reaction。 文章以材料制备、结构表征和催化性能测试为核心，通常结合谱学/显微表征确认单原子分散。 摘要要点：Single-atom catalysts have found widespread application in selective hydrogenation reactions partially due to their well-defined active site structures, which ensure exceptional chemical selectivity. However, the limited binding sites on single-atom catalysts",识别到合成、表征、电化学/催化测试或 operando/in situ 等实验关键词；若含 DFT，则视作实验论文的机理支持。
E0766,Experimental,Mn,graphene,oxygen reduction reaction,Electrocatalytic Reduction of NO on the MnN 4 Single‐Atom Catalyst Interfacing With Metal Supports: A First‐Principles Study,ChemCatChem,2026,Wiley,10.1002/cctc.202501268,https://doi.org/10.1002/cctc.202501268,,no_open_pdf_in_metadata,,本文关注 Mn 单原子位点在 graphene 等载体上的催化行为，主要应用于oxygen reduction reaction。 文章以材料制备、结构表征和催化性能测试为核心，通常结合谱学/显微表征确认单原子分散。 摘要要点：ABSTRACT The electrocatalytic nitric oxide reduction reaction (NORR) presents a promising route for sustainable ammonia production. Transition metal (TM) single atoms coordinated with four pyridinic nitrogen atoms in a carbon matrix (denoted as TMN 4 –C) have,题名/摘要包含合成、制备、表征、测试或实验-理论联合研究信息，按实验论文归类；其中计算部分视作机理支持。
E0771,Experimental,Fe; Cu,graphene,hydrogen evolution reaction,Graphene-Based Single-Atom Catalyst Nanobots for Advanced Water Treatment,ACS Applied Nano Materials,2026,American Chemical Society,10.1021/acsanm.5c05798,https://doi.org/10.1021/acsanm.5c05798,,no_open_pdf_in_metadata,,"本文关注 Fe, Cu 单原子位点在 graphene 等载体上的催化行为，主要应用于hydrogen evolution reaction。 文章以材料制备、结构表征和催化性能测试为核心，通常结合谱学/显微表征确认单原子分散。 摘要要点：Self-propelled micro/nanobots, combining miniaturization and autonomous swimming capabilities, are emerging as powerful tools for enhancing pollutant removal in water, offering significant advantages over traditional static mechanisms. The dynamic nature of th",题名/摘要包含合成、制备、表征、测试或实验-理论联合研究信息，按实验论文归类；其中计算部分视作机理支持。
E0774,Experimental,Mixed_or_unclear,graphene,hydrogen evolution reaction,Intense Pulsed Light-Driven Flash Thermal-Shock Synthesis: A Frontier Strategy for Ultrafast Nanomaterial Design,Accounts of Materials Research,2026,American Chemical Society,10.1021/accountsmr.6c00058,https://doi.org/10.1021/accountsmr.6c00058,,no_open_pdf_in_metadata,,"本文关注 Mixed_or_unclear 单原子位点在 graphene 等载体上的催化行为，主要应用于hydrogen evolution reaction。 文章以材料制备、结构表征和催化性能测试为核心，通常结合谱学/显微表征确认单原子分散。 摘要要点：ConspectusUltrafast annealing represents a paradigm shift in materials synthesis, compressing thermal processing into millisecond-to-subsecond time scales. This approach establishes a unique kinetic-control regime that can enable metastable phases, defect-rich",题名/摘要包含合成、制备、表征、测试或实验-理论联合研究信息，按实验论文归类；其中计算部分视作机理支持。
E0775,Experimental,Fe; Co; Ni; Cu,graphene,hydrogen evolution reaction,Metal Identity and Coordination Environment Modulate Single-Atom Catalyst Stability During Electrocatalysis,ACS Catalysis,2026,American Chemical Society,10.1021/acscatal.6c02142,https://doi.org/10.1021/acscatal.6c02142,,no_open_pdf_in_metadata,,"本文关注 Fe, Co, Ni, Cu 单原子位点在 graphene 等载体上的催化行为，主要应用于hydrogen evolution reaction。 文章以材料制备、结构表征和催化性能测试为核心，通常结合谱学/显微表征确认单原子分散。 摘要要点：A major hurdle to the implementation of single-atom catalysts (SACs) in real-world systems is a poor understanding of their stability under operating conditions, which is particularly relevant due to the high surface free energy of SACs. Here, we evaluated the",题名/摘要包含合成、制备、表征、测试或实验-理论联合研究信息，按实验论文归类；其中计算部分视作机理支持。
E0780,Experimental,Cu,graphene,oxygen reduction reaction,Nitrogenated Graphene Quantum Dot-Derived Copper Single-Atom Catalyst for Oxygen Reduction Reaction,ACS Omega,2026,American Chemical Society,10.1021/acsomega.5c12972,https://doi.org/10.1021/acsomega.5c12972,,no_open_pdf_in_metadata,,"本文关注 Cu 单原子位点在 graphene 等载体上的催化行为，主要应用于oxygen reduction reaction。 文章以材料制备、结构表征和催化性能测试为核心，通常结合谱学/显微表征确认单原子分散。 摘要要点：Despite the promise of fuel cells as sustainable energy conversion technologies, their widespread adoption is hindered by the high cost of platinum group metal (PGM) catalysts, particularly for catalyzing the oxygen reduction reaction (ORR) at the cathode. Her",题名/摘要包含合成、制备、表征、测试或实验-理论联合研究信息，按实验论文归类；其中计算部分视作机理支持。
E0781,Experimental,Pt,graphene,hydrogen evolution reaction,Nonequilibrium pulsed heating freezes sintering of supported metal nanocatalysts,Nature Communications,2026,Nature Portfolio,10.1038/s41467-026-68539-5,https://doi.org/10.1038/s41467-026-68539-5,https://www.nature.com/articles/s41467-026-68539-5_reference.pdf,open_url_not_pdf,,"本文关注 Pt 单原子位点在 graphene 等载体上的催化行为，主要应用于hydrogen evolution reaction。 文章以材料制备、结构表征和催化性能测试为核心，通常结合谱学/显微表征确认单原子分散。 摘要要点：Supported metal nanoparticles always experience thermal-induced sintering that severely depresses their catalytic performance and durability. Recently, ultrafast heating technology has been widely adopted in synthesizing diverse metal nanoparticles or even sin",识别到合成、表征、电化学/催化测试或 operando/in situ 等实验关键词；若含 DFT，则视作实验论文的机理支持。
E0783,Experimental,Pd; Au,graphene,hydrogen evolution reaction,Pd 1 Au l /Graphene: Highly Efficient Bimetallic Single-Atom Catalysts for C–C Coupling from C–B Bond Activation,ACS Nano,2026,American Chemical Society,10.1021/acsnano.6c01027,https://doi.org/10.1021/acsnano.6c01027,,no_open_pdf_in_metadata,,"本文关注 Pd, Au 单原子位点在 graphene 等载体上的催化行为，主要应用于hydrogen evolution reaction。 文章以材料制备、结构表征和催化性能测试为核心，通常结合谱学/显微表征确认单原子分散。 摘要要点：/graphene, where adjacent Pd and Au atoms form a synergistic active center. This promotes simultaneous aromatic boronic acid substrate activation and significantly reduces the reaction energy barrier of the oxidative addition step, thereby enabling a pathway i",识别到合成、表征、电化学/催化测试或 operando/in situ 等实验关键词；若含 DFT，则视作实验论文的机理支持。
E0786,Experimental,Pt,graphene,catalysis,Single atom platinum catalyst construction based on graphene defects,Physical Chemistry Chemical Physics,2026,Royal Society of Chemistry,10.1039/d5cp04859a,https://doi.org/10.1039/d5cp04859a,,no_open_pdf_in_metadata,,本文关注 Pt 单原子位点在 graphene 等载体上的催化行为，主要应用于catalysis。 文章以材料制备、结构表征和催化性能测试为核心，通常结合谱学/显微表征确认单原子分散。 摘要要点：A platinum single-atom catalyst supported on defective graphene exhibits enhanced migration stability and superior catalytic activity for H 2 O dissociation.,识别到合成、表征、电化学/催化测试或 operando/in situ 等实验关键词；若含 DFT，则视作实验论文的机理支持。
E0790,Experimental,Fe; Zn,graphene,oxygen reduction reaction,Structure-Engineered Biomass-Derived Carbon Nanosheets Hosting Atomically Dispersed Iron for Efficient Zn-air Batteries,Energy & Fuels,2026,American Chemical Society,10.1021/acs.energyfuels.5c05901,https://doi.org/10.1021/acs.energyfuels.5c05901,,no_open_pdf_in_metadata,,"本文关注 Fe, Zn 单原子位点在 graphene 等载体上的催化行为，主要应用于oxygen reduction reaction。 文章以材料制备、结构表征和催化性能测试为核心，通常结合谱学/显微表征确认单原子分散。 摘要要点：Rechargeable zinc-air batteries (ZABs) are attractive for energy storage, but their efficiency is limited by the slow kinetics of the oxygen reduction reaction (ORR) and oxygen evolution reaction (OER). Here, we report a bifunctional single-atom catalyst consi",题名/摘要包含合成、制备、表征、测试或实验-理论联合研究信息，按实验论文归类；其中计算部分视作机理支持。
E0794,Experimental,Co; Zn,graphene oxide,oxygen reduction reaction,Tailoring Coordination and Pore Structure of MOF‐Derived Co Single‐Atom Catalysts Anchored on Graphene for Rechargeable Zinc–Air Batteries,Small,2026,Wiley,10.1002/smll.202512098,https://doi.org/10.1002/smll.202512098,https://onlinelibrary.wiley.com/doi/pdfdirect/10.1002/smll.202512098,download_failed: HTTPError,,"本文关注 Co, Zn 单原子位点在 graphene oxide 等载体上的催化行为，主要应用于oxygen reduction reaction。 文章以材料制备、结构表征和催化性能测试为核心，通常结合谱学/显微表征确认单原子分散。 摘要要点：ABSTRACT Achieving high‐performance single‐atom catalysts (SACs) for rechargeable Zn–air batteries (ZABs) requires simultaneous optimization of pore structure and coordination environment. However, MOF‐derived SACs typically feature micropore‐dominated carbon",识别到合成、表征、电化学/催化测试或 operando/in situ 等实验关键词；若含 DFT，则视作实验论文的机理支持。
E0796,Experimental,Mo; Pt,graphene,hydrogen evolution reaction,The Charge State of Adsorbed H*: A Missing Kinetic Descriptor for Hydrogen Evolution Reaction,ACS Catalysis,2026,American Chemical Society,10.1021/acscatal.6c00895,https://doi.org/10.1021/acscatal.6c00895,,no_open_pdf_in_metadata,,"本文关注 Mo, Pt 单原子位点在 graphene 等载体上的催化行为，主要应用于hydrogen evolution reaction。 文章以材料制备、结构表征和催化性能测试为核心，通常结合谱学/显微表征确认单原子分散。 摘要要点：The free energy of hydrogen adsorption (ΔGH*) is widely used as a descriptor for the hydrogen evolution reaction (HER), yet its exclusive focus on thermodynamics may fail to capture reaction kinetics, thereby limiting its predictive power. Here, taking the exp",题名/摘要包含合成、制备、表征、测试或实验-理论联合研究信息，按实验论文归类；其中计算部分视作机理支持。
T0001,Theoretical,Mixed_or_unclear,graphene,hydrogenation,Single-Atom Catalysts: A New Frontier in Heterogeneous Catalysis,Accounts of Chemical Research,2013,American Chemical Society,10.1021/ar300361m,https://doi.org/10.1021/ar300361m,,no_open_pdf_in_metadata,,"本文关注 Mixed_or_unclear 单原子位点在 graphene 等载体上的催化行为，主要应用于hydrogenation。 文章以理论计算、稳定性分析或反应路径筛选为主，可用于建立结构-活性关系和筛选候选催化剂。 摘要要点：Supported metal nanostructures are the most widely used type of heterogeneous catalyst in industrial processes. The size of metal particles is a key factor in determining the performance of such catalysts. In particular, because low-coordinated metal atoms oft",计算关键词占主导，按纯理论计算归类。
T0004,Theoretical,Co,graphene,oxygen reduction reaction,CO oxidation catalyzed by the single Co atom embedded hexagonal boron nitride nanosheet: a DFT-D study,Physical Chemistry Chemical Physics,2016,Royal Society of Chemistry,10.1039/c6cp02221a,https://doi.org/10.1039/c6cp02221a,,no_open_pdf_in_metadata,,本文关注 Co 单原子位点在 graphene 等载体上的催化行为，主要应用于oxygen reduction reaction。 文章以理论计算、稳定性分析或反应路径筛选为主，可用于建立结构-活性关系和筛选候选催化剂。 摘要要点：A single metal atom stabilized on two dimensional materials (such as graphene and h-BN) exhibits extraordinary activity in the oxidation of CO. The oxidation of CO by molecular O2 on a single cobalt atom embedded in a hexagonal boron nitride monolayer (h-BN) i,题名明确包含 computational、DFT、screening、theoretical 或 first-principles 等词，按纯理论计算归类。
T0006,Theoretical,Mixed_or_unclear,graphene,CO2 reduction/conversion,Electrochemical reduction of CO 2 on graphene supported transition metals – towards single atom catalysts,Physical Chemistry Chemical Physics,2017,Royal Society of Chemistry,10.1039/c7cp00915a,https://doi.org/10.1039/c7cp00915a,,no_open_pdf_in_metadata,,本文关注 Mixed_or_unclear 单原子位点在 graphene 等载体上的催化行为，主要应用于CO2 reduction/conversion。 文章以理论计算、稳定性分析或反应路径筛选为主，可用于建立结构-活性关系和筛选候选催化剂。 摘要要点：Graphene supported single atoms show improved reactivity towards electrochemical CO 2 reduction with the best candidates identified for producing CH 4 by computational screening.,题名/摘要明确显示 DFT、第一性原理、理论洞察或计算筛选为主，按纯理论计算归类。
T0008,Theoretical,V; W,graphene,hydrogen evolution reaction,A General Two‐Step Strategy–Based High‐Throughput Screening of Single Atom Catalysts for Nitrogen Fixation,Small Methods,2018,Wiley,10.1002/smtd.201800376,https://doi.org/10.1002/smtd.201800376,,no_open_pdf_in_metadata,,"本文关注 V, W 单原子位点在 graphene 等载体上的催化行为，主要应用于hydrogen evolution reaction。 文章以理论计算、稳定性分析或反应路径筛选为主，可用于建立结构-活性关系和筛选候选催化剂。 摘要要点：Abstract Electrocatalytic or photocatalytic N 2 reduction holds great promise for green and sustainable NH 3 production under ambient conditions, where an efficient catalyst plays a crucial role but remains a long‐standing challenge. Here, a high‐throughput sc",题名明确包含 computational、DFT、screening、theoretical 或 first-principles 等词，按纯理论计算归类。
T0009,Theoretical,Ti; V; Mn; Fe; Co; Ni; Ru,graphene,CO2 reduction/conversion,C 2 N-graphene supported single-atom catalysts for CO 2 electrochemical reduction reaction: mechanistic insight and catalyst screening,Nanoscale,2018,Royal Society of Chemistry,10.1039/c8nr04961k,https://doi.org/10.1039/c8nr04961k,,no_open_pdf_in_metadata,,"本文关注 Ti, V, Mn, Fe, Co, Ni, Ru 单原子位点在 graphene 等载体上的催化行为，主要应用于CO2 reduction/conversion。 文章以理论计算、稳定性分析或反应路径筛选为主，可用于建立结构-活性关系和筛选候选催化剂。 摘要要点：Single-atom catalysts (SACs) have emerged as an excellent platform for enhancing catalytic performance. Inspired by the recent experimental synthesis of nitrogenated holey 2D graphene (C2N-h2D) (Mahmood et al., Nat. Commun., 2015, 6, 6486-6493), we report dens",题名明确包含 computational、DFT、screening、theoretical 或 first-principles 等词，按纯理论计算归类。
T0010,Theoretical,Fe,graphene,catalysis,Cooperative Spin Transition of Monodispersed FeN 3 Sites within Graphene Induced by CO Adsorption,Journal of the American Chemical Society,2018,American Chemical Society,10.1021/jacs.8b07816,https://doi.org/10.1021/jacs.8b07816,,no_open_pdf_in_metadata,,"本文关注 Fe 单原子位点在 graphene 等载体上的催化行为，主要应用于catalysis。 文章以理论计算、稳定性分析或反应路径筛选为主，可用于建立结构-活性关系和筛选候选催化剂。 摘要要点：The significance of identifying the fundamental mechanism of interactions between adjacent catalytic active centers has long been underestimated. Utilizing density functional theory calculations, we demonstrate controllable cooperative interaction between two",题名/摘要明确显示 DFT、第一性原理、理论洞察或计算筛选为主，按纯理论计算归类。
T0012,Theoretical,Ti; V; Ru,graphene,hydrogen evolution reaction,Suppression of Hydrogen Evolution Reaction in Electrochemical N 2 Reduction Using Single-Atom Catalysts: A Computational Guideline,ACS Catalysis,2018,American Chemical Society,10.1021/acscatal.8b00905,https://doi.org/10.1021/acscatal.8b00905,,no_open_pdf_in_metadata,,"本文关注 Ti, V, Ru 单原子位点在 graphene 等载体上的催化行为，主要应用于hydrogen evolution reaction。 文章以理论计算、稳定性分析或反应路径筛选为主，可用于建立结构-活性关系和筛选候选催化剂。 摘要要点：We studied electrochemical nitrogen reduction reactions (NRR) to ammonia on single atom catalysts (SACs) anchored on defective graphene derivatives by density functional calculations. We find significantly improved NRR selectivity on SACs compared to that on t",题名明确包含 computational、DFT、screening、theoretical 或 first-principles 等词，按纯理论计算归类。
T0013,Theoretical,Co,graphene,oxygen reduction reaction,A single-atom catalyst of cobalt supported on a defective two-dimensional boron nitride material as a promising electrocatalyst for the oxygen reduction reaction: a DFT study,Physical Chemistry Chemical Physics,2019,Royal Society of Chemistry,10.1039/c9cp00452a,https://doi.org/10.1039/c9cp00452a,,no_open_pdf_in_metadata,,"本文关注 Co 单原子位点在 graphene 等载体上的催化行为，主要应用于oxygen reduction reaction。 文章以理论计算、稳定性分析或反应路径筛选为主，可用于建立结构-活性关系和筛选候选催化剂。 摘要要点：Single-atom catalysts present extraordinary catalytic performance towards various reactions. In this work, the possibility of single Co atoms supported by the experimentally available defective two-dimensional boron nitride material (2D-BN) with boron vacancie",题名明确包含 computational、DFT、screening、theoretical 或 first-principles 等词，按纯理论计算归类。
T0017,Theoretical,Fe; Cu,graphene,hydrogen evolution reaction,Mixed‐Valence Single‐Atom Catalyst Derived from Functionalized Graphene,Advanced Materials,2019,,10.1002/adma.201900323,https://doi.org/10.1002/adma.201900323,,no_open_pdf_in_metadata,,"本文关注 Fe, Cu 单原子位点在 graphene 等载体上的催化行为，主要应用于hydrogen evolution reaction。 文章以理论计算、稳定性分析或反应路径筛选为主，可用于建立结构-活性关系和筛选候选催化剂。 摘要要点：Abstract Single‐atom catalysts (SACs) aim at bridging the gap between homogeneous and heterogeneous catalysis. The challenge is the development of materials with ligands enabling coordination of metal atoms in different valence states, and preventing leaching",题名/摘要显示以 DFT、第一性原理或计算筛选为主，未识别到实验合成/表征关键词。
T0019,Theoretical,Pt,graphene,oxygen reduction reaction,Platinum single-atom adsorption on graphene: a density functional theory study,Nanoscale Advances,2019,Royal Society of Chemistry,10.1039/c8na00236c,https://doi.org/10.1039/c8na00236c,https://pubs.rsc.org/en/content/articlepdf/2019/na/c8na00236c,downloaded_open_access_pdf,Theoretical/Pt/pdfs/T0019_Platinum_single-atom_adsorption_on_graphene_a_density_functional_theory_study.pdf,"本文关注 Pt 单原子位点在 graphene 等载体上的催化行为，主要应用于oxygen reduction reaction。 文章以理论计算、稳定性分析或反应路径筛选为主，可用于建立结构-活性关系和筛选候选催化剂。 摘要要点：methanol oxidation in direct methanol fuel cells. However, the precise atomic structure, the key to understand the origin of the improved catalytic activity, is yet to be clarified. Here, we present a computational study to investigate the structure of platinu",题名/摘要明确显示 DFT、第一性原理、理论洞察或计算筛选为主，按纯理论计算归类。
T0021,Theoretical,Sn,graphene,oxygen reduction reaction,The mechanism and activity of oxygen reduction reaction on single atom doped graphene: a DFT method,RSC Advances,2019,Royal Society of Chemistry,10.1039/c9ra00167k,https://doi.org/10.1039/c9ra00167k,https://pubs.rsc.org/en/content/articlepdf/2019/ra/c9ra00167k,downloaded_open_access_pdf,Theoretical/Sn/pdfs/T0021_The_mechanism_and_activity_of_oxygen_reduction_reaction_on_single_atom_doped_graphene_a_DF.pdf,"本文关注 Sn 单原子位点在 graphene 等载体上的催化行为，主要应用于oxygen reduction reaction。 文章以理论计算、稳定性分析或反应路径筛选为主，可用于建立结构-活性关系和筛选候选催化剂。 摘要要点：O, the reaction energy barriers are lower than 0.8 eV for Te-SV, Sb-DV, Pb-SV, Pb-DV, As-SV, As-DV, B-SV, Sn-SV and N-SV. Our result provides a theoretical basis for further exploration of carbon-based single-atom catalysts for ORR.",题名明确包含 computational、DFT、screening、theoretical 或 first-principles 等词，按纯理论计算归类。
T0022,Theoretical,V,graphene,hydrogen evolution reaction,Theoretical Calculation Guided Design of Single-Atom Catalysts toward Fast Kinetic and Long-Life Li–S Batteries,Nano Letters,2019,American Chemical Society,10.1021/acs.nanolett.9b04719,https://doi.org/10.1021/acs.nanolett.9b04719,,no_open_pdf_in_metadata,,"本文关注 V 单原子位点在 graphene 等载体上的催化行为，主要应用于hydrogen evolution reaction。 文章以理论计算、稳定性分析或反应路径筛选为主，可用于建立结构-活性关系和筛选候选催化剂。 摘要要点：Lithium–sulfur (Li–S) batteries are promising next-generation energy storage technologies due to their high theoretical energy density, environmental friendliness, and low cost. However, low conductivity of sulfur species, dissolution of polysulfides, poor con",题名明确包含 computational、DFT、screening、theoretical 或 first-principles 等词，按纯理论计算归类。
T0024,Theoretical,Mixed_or_unclear,graphene,hydrogen evolution reaction,Accurate prediction of binding energies for two‐dimensional catalytic materials using machine learning,ChemCatChem,2020,Wiley,10.1002/cctc.202000536,https://doi.org/10.1002/cctc.202000536,,no_open_pdf_in_metadata,,"本文关注 Mixed_or_unclear 单原子位点在 graphene 等载体上的催化行为，主要应用于hydrogen evolution reaction。 文章以理论计算、稳定性分析或反应路径筛选为主，可用于建立结构-活性关系和筛选候选催化剂。 摘要要点：Abstract The binding energy of small molecules on two‐dimensional (2D) single atom catalysts influences their reaction efficiency and suitability for different applications. In this study, the binding energy on single metal atoms to N‐doped graphene defects wa",题名/摘要明确显示 DFT、第一性原理、理论洞察或计算筛选为主，按纯理论计算归类。
T0030,Theoretical,Cr; Mn; Fe; Ru; Pt,graphene,oxygen reduction reaction,How Noninnocent Spectator Species Improve the Oxygen Reduction Activity of Single-Atom Catalysts: Microkinetic Models from First-Principles Calculations,ACS Catalysis,2020,American Chemical Society,10.1021/acscatal.0c01642,https://doi.org/10.1021/acscatal.0c01642,,no_open_pdf_in_metadata,,"本文关注 Cr, Mn, Fe, Ru, Pt 单原子位点在 graphene 等载体上的催化行为，主要应用于oxygen reduction reaction。 文章以理论计算、稳定性分析或反应路径筛选为主，可用于建立结构-活性关系和筛选候选催化剂。 摘要要点：Graphene-based single-atom catalysts are promising alternatives to platinum-based catalysts for fuel cell applications. Different transition metals have been screened using electronic structure methods by estimating onset potentials from the most endergonic el",题名明确包含 computational、DFT、screening、theoretical 或 first-principles 等词，按纯理论计算归类。
T0031,Theoretical,Pt,graphene,hydrogen evolution reaction,Hydrogen Evolution Reaction over Single-Atom Catalysts Based on Metal Adatoms at Defected Graphene and h-BN,The Journal of Physical Chemistry C,2020,American Chemical Society,10.1021/acs.jpcc.0c01151,https://doi.org/10.1021/acs.jpcc.0c01151,,no_open_pdf_in_metadata,,"本文关注 Pt 单原子位点在 graphene 等载体上的催化行为，主要应用于hydrogen evolution reaction。 文章以理论计算、稳定性分析或反应路径筛选为主，可用于建立结构-活性关系和筛选候选催化剂。 摘要要点：In small transition and noble metal particles, commonly used as active parts of heterogeneous industrial catalysts, only a tiny fraction of metal atoms at their surfaces are utilized in relevant chemical reactions. In an effort to use precious metal atoms much",题名/摘要明确显示 DFT、第一性原理、理论洞察或计算筛选为主，按纯理论计算归类。
T0033,Theoretical,V; Fe; Cu; Rh; Ir,graphene,oxygen reduction reaction,"Rational prediction of multifunctional bilayer single atom catalysts for the hydrogen evolution, oxygen evolution and oxygen reduction reactions",Nanoscale,2020,Royal Society of Chemistry,10.1039/d0nr05202g,https://doi.org/10.1039/d0nr05202g,,no_open_pdf_in_metadata,,"本文关注 V, Fe, Cu, Rh, Ir 单原子位点在 graphene 等载体上的催化行为，主要应用于oxygen reduction reaction。 文章以理论计算、稳定性分析或反应路径筛选为主，可用于建立结构-活性关系和筛选候选催化剂。 摘要要点：Bimetallic atom catalysts (BACs), which can exhibit remarkable catalytic performance compared with single atom catalysts (SACs) due to their higher metal loading and the synergy between two metal atoms, have attracted great attention in research. Herein, by me",题名/摘要明确显示 DFT、第一性原理、理论洞察或计算筛选为主，按纯理论计算归类。
T0035,Theoretical,Ni; Cu; Ru; Rh; Pd; Ag; Ir; Pt; Au,graphene,hydrogen evolution reaction,Reactivity Screening of Single Atoms on Modified Graphene Surface: From Formation and Scaling Relations to Catalytic Activity,Advanced Materials Interfaces,2020,Wiley,10.1002/admi.202001814,https://doi.org/10.1002/admi.202001814,https://arxiv.org/pdf/2101.02922,downloaded_open_access_pdf,Theoretical/Ni/pdfs/T0035_Reactivity_Screening_of_Single_Atoms_on_Modified_Graphene_Surface_From_Formation_and_Scali.pdf,"本文关注 Ni, Cu, Ru, Rh, Pd, Ag, Ir, Pt, Au 单原子位点在 graphene 等载体上的催化行为，主要应用于hydrogen evolution reaction。 文章以理论计算、稳定性分析或反应路径筛选为主，可用于建立结构-活性关系和筛选候选催化剂。 摘要要点：Abstract Single atom catalysts (SACs) present the ultimate level of catalyst utilization, which puts them in the focus of current research. Using density functional theory calculations, model SACs consisting of nine metals (Ni, Cu, Ru, Rh, Pd, Ag, Ir, Pt, and",题名明确包含 computational、DFT、screening、theoretical 或 first-principles 等词，按纯理论计算归类。
T0037,Theoretical,Fe,graphene,oxygen reduction reaction,Single-Iron Supported on Defective Graphene as Efficient Catalysts for Oxygen Reduction Reaction,The Journal of Physical Chemistry C,2020,American Chemical Society,10.1021/acs.jpcc.0c03930,https://doi.org/10.1021/acs.jpcc.0c03930,,no_open_pdf_in_metadata,,"本文关注 Fe 单原子位点在 graphene 等载体上的催化行为，主要应用于oxygen reduction reaction。 文章以理论计算、稳定性分析或反应路径筛选为主，可用于建立结构-活性关系和筛选候选催化剂。 摘要要点：Essentially, the performance of single-atom catalysts (SACs) has been strongly affected by their supports. Herein, the structural, electronic, and catalytic properties of single-iron catalysts over defective graphene have been investigated under the scheme of",题名/摘要明确显示 DFT、第一性原理、理论洞察或计算筛选为主，按纯理论计算归类。
T0038,Theoretical,Pd,graphene,hydrogen evolution reaction,Superior Catalytic Performance of Atomically Dispersed Palladium on Graphene in CO Oxidation,ACS Catalysis,2020,American Chemical Society,10.1021/acscatal.9b04840,https://doi.org/10.1021/acscatal.9b04840,,no_open_pdf_in_metadata,,"本文关注 Pd 单原子位点在 graphene 等载体上的催化行为，主要应用于hydrogen evolution reaction。 文章以理论计算、稳定性分析或反应路径筛选为主，可用于建立结构-活性关系和筛选候选催化剂。 摘要要点：Although substantial advances have been made in a few reactions of industrial significance over single-atom catalysts (SACs), the origin of the superior catalytic performance, the nature of the active sites, and the reaction pathways are still the subject of d",题名/摘要明确显示 DFT、第一性原理、理论洞察或计算筛选为主，按纯理论计算归类。
T0039,Theoretical,Cr; Co; Rh,graphene,CO2 reduction/conversion,Theoretical investigation on graphene-supported single-atom catalysts for electrochemical CO 2 reduction,Catalysis Science & Technology,2020,Royal Society of Chemistry,10.1039/d0cy01870h,https://doi.org/10.1039/d0cy01870h,,no_open_pdf_in_metadata,,"本文关注 Cr, Co, Rh 单原子位点在 graphene 等载体上的催化行为，主要应用于CO2 reduction/conversion。 文章以理论计算、稳定性分析或反应路径筛选为主，可用于建立结构-活性关系和筛选候选催化剂。 摘要要点：TM atoms supported on the graphene sheet (TM@Gr s ) as promising CO 2 catalysts were investigated by first-principles calculations. Cr-, Co- and Rh@Gr s show remarkable performance with the low limiting potentials for CO 2 RR.",题名明确包含 computational、DFT、screening、theoretical 或 first-principles 等词，按纯理论计算归类。
T0040,Theoretical,Ni,graphene,CO2 reduction/conversion,Unveiling the Active Structure of Single Nickel Atom Catalysis: Critical Roles of Charge Capacity and Hydrogen Bonding,Journal of the American Chemical Society,2020,American Chemical Society,10.1021/jacs.9b13872,https://doi.org/10.1021/jacs.9b13872,,no_open_pdf_in_metadata,,"本文关注 Ni 单原子位点在 graphene 等载体上的催化行为，主要应用于CO2 reduction/conversion。 文章以理论计算、稳定性分析或反应路径筛选为主，可用于建立结构-活性关系和筛选候选催化剂。 摘要要点：A single nickel atom embedded in graphene is one of the most representative single-atom catalysts, and it has a high activity and selectivity for electrochemical CO2 reduction (CO2R) to CO. However, the catalytic origin, especially the coordination structure o",题名/摘要明确显示 DFT、第一性原理、理论洞察或计算筛选为主，按纯理论计算归类。
T0043,Theoretical,Pd,graphene,hydrogen evolution reaction,Computational Design of Pd Nanoclusters and Pd Single-Atom Catalysts Supported on O-Functionalized Graphene,ACS Applied Nano Materials,2021,American Chemical Society,10.1021/acsanm.1c02743,https://doi.org/10.1021/acsanm.1c02743,,no_open_pdf_in_metadata,,"本文关注 Pd 单原子位点在 graphene 等载体上的催化行为，主要应用于hydrogen evolution reaction。 文章以理论计算、稳定性分析或反应路径筛选为主，可用于建立结构-活性关系和筛选候选催化剂。 摘要要点：A crucial step in the preparation of supported metal catalysts is related to the choice of support, since it regulates the anchoring of the metal species in an environment of strong interactions. In this sense, the binding on the support, which may present def",题名明确包含 computational、DFT、screening、theoretical 或 first-principles 等词，按纯理论计算归类。
T0045,Theoretical,Mn; Fe; Co; Ni; Cu; Zn,graphene,CO2 reduction/conversion,Electrochemical CO 2 Reduction Reaction on 3d Transition Metal Single-Atom Catalysts Supported on Graphdiyne: A DFT Study,The Journal of Physical Chemistry C,2021,American Chemical Society,10.1021/acs.jpcc.1c07681,https://doi.org/10.1021/acs.jpcc.1c07681,,no_open_pdf_in_metadata,,"本文关注 Mn, Fe, Co, Ni, Cu, Zn 单原子位点在 graphene 等载体上的催化行为，主要应用于CO2 reduction/conversion。 文章以理论计算、稳定性分析或反应路径筛选为主，可用于建立结构-活性关系和筛选候选催化剂。 摘要要点：In the electrochemical CO2 reduction reaction (CO2RR), single atom catalysts (SACs) supported on carbon materials have exhibited high activity and selectivity. However, the carbon supports are mainly graphene and carbon nanotubes, which are composed of sp2-hyb",题名明确包含 computational、DFT、screening、theoretical 或 first-principles 等词，按纯理论计算归类。
T0047,Theoretical,Fe; Co; Ni; Cu; Pd; Pt,graphene,oxygen reduction reaction,Graphene-Based Dual-Metal Sites for Oxygen Reduction Reaction: A Theoretical Study,The Journal of Physical Chemistry C,2021,American Chemical Society,10.1021/acs.jpcc.0c10617,https://doi.org/10.1021/acs.jpcc.0c10617,,no_open_pdf_in_metadata,,"本文关注 Fe, Co, Ni, Cu, Pd, Pt 单原子位点在 graphene 等载体上的催化行为，主要应用于oxygen reduction reaction。 文章以理论计算、稳定性分析或反应路径筛选为主，可用于建立结构-活性关系和筛选候选催化剂。 摘要要点：Single-atom catalysts have expanded the design paradigm for oxygen reduction reaction (ORR) relying on nonplatinum group metals (non-PGM). Here, density functional theory calculations were performed on a variety of dual-metal active centers, consisting of both",题名明确包含 computational、DFT、screening、theoretical 或 first-principles 等词，按纯理论计算归类。
T0051,Theoretical,Mixed_or_unclear,graphene,hydrogen evolution reaction,Single Atom Catalysts: Reactivity Screening of Single Atoms on Modified Graphene Surface: From Formation and Scaling Relations to Catalytic Activity (Adv. Mater. Interfaces 8/2021),Advanced Materials Interfaces,2021,Wiley,10.1002/admi.202170042,https://doi.org/10.1002/admi.202170042,,no_open_pdf_in_metadata,,"本文关注 Mixed_or_unclear 单原子位点在 graphene 等载体上的催化行为，主要应用于hydrogen evolution reaction。 文章以理论计算、稳定性分析或反应路径筛选为主，可用于建立结构-活性关系和筛选候选催化剂。 摘要要点：Graphene seems to be a perfect platform for single atom catalysts. However, a comprehensive picture requires considering not only single metal anchoring to different graphene surfaces but also their thermodynamic stability under different conditions, the tende",题名明确包含 computational、DFT、screening、theoretical 或 first-principles 等词，按纯理论计算归类。
T0054,Theoretical,V; Fe; Co; W; Sn,graphene,catalysis,Single-Atom Catalysts as Promising Cathode Materials for Lithium–Sulfur Batteries,The Journal of Physical Chemistry C,2021,American Chemical Society,10.1021/acs.jpcc.1c04491,https://doi.org/10.1021/acs.jpcc.1c04491,,no_open_pdf_in_metadata,,"本文关注 V, Fe, Co, W, Sn 单原子位点在 graphene 等载体上的催化行为，主要应用于catalysis。 文章以理论计算、稳定性分析或反应路径筛选为主，可用于建立结构-活性关系和筛选候选催化剂。 摘要要点：A major challenge toward the practical application of lithium–sulfur (Li–S) batteries is the lithium polysulphide (LiPS) shuttling, caused by the rapid LiPS migration in the electrolyte and slow reaction kinetics. Single-atom catalyst (SAC) materials hold the",题名/摘要明确显示 DFT、第一性原理、理论洞察或计算筛选为主，按纯理论计算归类。
T0057,Theoretical,Pt,graphene,hydrogen evolution reaction,Tailoring the catalytic performance of single platinum anchored on graphene by vacancy engineering for propane dehydrogenation: a theoretical study,Physical Chemistry Chemical Physics,2021,Royal Society of Chemistry,10.1039/d1cp02631c,https://doi.org/10.1039/d1cp02631c,,no_open_pdf_in_metadata,,"本文关注 Pt 单原子位点在 graphene 等载体上的催化行为，主要应用于hydrogen evolution reaction。 文章以理论计算、稳定性分析或反应路径筛选为主，可用于建立结构-活性关系和筛选候选催化剂。 摘要要点：Propane dehydrogenation (PDH) is an effective approach to produce propylene. Downsizing the Pt species to single atom catalysts (SACs) has become a hotspot, owing to the maximum utilization and excellent catalytic behavior. However, the agglomeration of SACs i",题名明确包含 computational、DFT、screening、theoretical 或 first-principles 等词，按纯理论计算归类。
T0058,Theoretical,Fe,graphene,CO2 reduction/conversion,The formation and evolution of carbonate species in CO oxidation over mono-dispersed Fe on graphene,Physical Chemistry Chemical Physics,2021,Royal Society of Chemistry,10.1039/d1cp00814e,https://doi.org/10.1039/d1cp00814e,https://pubs.rsc.org/en/content/articlepdf/2021/cp/d1cp00814e,downloaded_open_access_pdf,Theoretical/Fe/pdfs/T0058_The_formation_and_evolution_of_carbonate_species_in_CO_oxidation_over_mono-dispersed_Fe_on.pdf,本文关注 Fe 单原子位点在 graphene 等载体上的催化行为，主要应用于CO2 reduction/conversion。 文章以理论计算、稳定性分析或反应路径筛选为主，可用于建立结构-活性关系和筛选候选催化剂。 摘要要点：Fe is not only the most abundant metal on the planet but is also the key component of many enzymes in organisms that are capable of catalyzing many chemical conversions. Mono-dispersed Fe atoms on carbonaceous materials are single atom catalysts (SACs) that fu,题名/摘要明确显示 DFT、第一性原理、理论洞察或计算筛选为主，按纯理论计算归类。
T0061,Theoretical,Pt,graphene,hydrogen evolution reaction,Computational Study of Low-Energy Pt-Ion Implantation into Graphene for Single-Atom Catalysis,ACS Applied Nano Materials,2022,American Chemical Society,10.1021/acsanm.2c02051,https://doi.org/10.1021/acsanm.2c02051,,no_open_pdf_in_metadata,,"本文关注 Pt 单原子位点在 graphene 等载体上的催化行为，主要应用于hydrogen evolution reaction。 文章以理论计算、稳定性分析或反应路径筛选为主，可用于建立结构-活性关系和筛选候选催化剂。 摘要要点：Single-atom catalysts (SACs) represent the ultimate goal of nanocatalysis fields. However, complex synthesis processes and pyrolysis inactivation problems are the two main challenges that plague the development of SACs. In this work, we propose that the ultral",题名明确包含 computational、DFT、screening、theoretical 或 first-principles 等词，按纯理论计算归类。
T0062,Theoretical,Fe,graphene oxide,oxygen reduction reaction,Creating Hybrid Coordination Environment in Fe‐Based Single Atom Catalyst for Efficient Oxygen Reduction,ChemSusChem,2022,Wiley,10.1002/cssc.202200195,https://doi.org/10.1002/cssc.202200195,https://onlinelibrary.wiley.com/doi/pdfdirect/10.1002/cssc.202200195,download_failed: HTTPError,,"本文关注 Fe 单原子位点在 graphene oxide 等载体上的催化行为，主要应用于oxygen reduction reaction。 文章以理论计算、稳定性分析或反应路径筛选为主，可用于建立结构-活性关系和筛选候选催化剂。 摘要要点：Abstract Tailoring the local chemistry environment to optimize the geometric and electronic properties of single atom catalysts has received much attention recently. Yet, most efforts have been devoted to establishing the preferable binding between the solid s",题名/摘要明确显示 DFT、第一性原理、理论洞察或计算筛选为主，按纯理论计算归类。
T0065,Theoretical,V,graphene,nitrogen reduction/ammonia synthesis,Effect of oxygen coordination on the electrocatalytic nitrogen fixation of a vanadium single-atom catalyst embedded in graphene,New Journal of Chemistry,2022,Royal Society of Chemistry,10.1039/d2nj04716k,https://doi.org/10.1039/d2nj04716k,,no_open_pdf_in_metadata,,本文关注 V 单原子位点在 graphene 等载体上的催化行为，主要应用于nitrogen reduction/ammonia synthesis。 文章以理论计算、稳定性分析或反应路径筛选为主，可用于建立结构-活性关系和筛选候选催化剂。 摘要要点：The effect of oxygen coordination on the electrocatalytic nitrogen reduction conversion into NH 3 on a VO 4 /G single-atom catalyst was theoretically investigated.,题名/摘要显示以 DFT、第一性原理或计算筛选为主，未识别到实验合成/表征关键词。
T0067,Theoretical,Mixed_or_unclear,graphene,hydrogen evolution reaction,High-Throughput Computational Discovery and Intelligent Design of Two-Dimensional Functional Materials for Various Applications,Accounts of Materials Research,2022,American Chemical Society,10.1021/accountsmr.1c00246,https://doi.org/10.1021/accountsmr.1c00246,,no_open_pdf_in_metadata,,"本文关注 Mixed_or_unclear 单原子位点在 graphene 等载体上的催化行为，主要应用于hydrogen evolution reaction。 文章以理论计算、稳定性分析或反应路径筛选为主，可用于建立结构-活性关系和筛选候选催化剂。 摘要要点：ConspectusNovel technologies and new materials are in high demand for future various applications to overcome the fundamental limitations of current techniques. For example, the nanomaterials are in high demand for the miniaturization of electric devices. Spin",题名明确包含 computational、DFT、screening、theoretical 或 first-principles 等词，按纯理论计算归类。
T0069,Theoretical,Ni; Cu; Zn; Pd; Pt; Au,graphene,hydrogen evolution reaction,Investigation of glucose electrooxidation mechanism over N‐modified metal‐doped graphene electrode by density functional theory approach,Journal of Computational Chemistry,2022,Wiley,10.1002/jcc.26981,https://doi.org/10.1002/jcc.26981,https://onlinelibrary.wiley.com/doi/pdfdirect/10.1002/jcc.26981,download_failed: HTTPError,,"本文关注 Ni, Cu, Zn, Pd, Pt, Au 单原子位点在 graphene 等载体上的催化行为，主要应用于hydrogen evolution reaction。 文章以理论计算、稳定性分析或反应路径筛选为主，可用于建立结构-活性关系和筛选候选催化剂。 摘要要点：In this work, various precious and non-precious metals reported in the literature as the most effective catalysts for glucose electrooxidation reaction were investigated by the density functional theory (DFT) approach in order to reveal the mechanisms taking p",题名/摘要明确显示 DFT、第一性原理、理论洞察或计算筛选为主，按纯理论计算归类。
T0070,Theoretical,Ga,graphene,oxygen reduction reaction,Main-group metal elements as promising active centers for single-atom catalyst toward nitric oxide reduction reaction,npj 2D Materials and Applications,2022,Nature Portfolio,10.1038/s41699-022-00326-4,https://doi.org/10.1038/s41699-022-00326-4,https://www.nature.com/articles/s41699-022-00326-4.pdf,open_url_not_pdf,,"本文关注 Ga 单原子位点在 graphene 等载体上的催化行为，主要应用于oxygen reduction reaction。 文章以理论计算、稳定性分析或反应路径筛选为主，可用于建立结构-活性关系和筛选候选催化剂。 摘要要点：Abstract Current research efforts on single-atom catalysts (SACs) exclusively focus on nonmetal or transition-metal atoms as active centers, while employing main-group metal elements is seemingly excluded because their delocalized s/p-bands are prone to yield",题名/摘要明确显示 DFT、第一性原理、理论洞察或计算筛选为主，按纯理论计算归类。
T0072,Theoretical,Zn,graphene,oxygen reduction reaction,Modulation of Ligand Fields in a Single-Atom Site by the Molten Salt Strategy for Enhanced Oxygen Bifunctional Activity for Zinc-Air Batteries,ACS Nano,2022,American Chemical Society,10.1021/acsnano.2c01748,https://doi.org/10.1021/acsnano.2c01748,,no_open_pdf_in_metadata,,"本文关注 Zn 单原子位点在 graphene 等载体上的催化行为，主要应用于oxygen reduction reaction。 文章以理论计算、稳定性分析或反应路径筛选为主，可用于建立结构-活性关系和筛选候选催化剂。 摘要要点：Achieving full utilization of active sites and optimization of the electronic structure of metal centers is the key to improving the intrinsic activity of single-atom catalysts (SACs) but still remains a challenge to date. Herein, a versatile molten salt-assis",计算关键词占主导，按纯理论计算归类。
T0075,Theoretical,Fe; Co; Ni,graphene,CO2 reduction/conversion,On the Sensitivity to Density‐Functional Approximations for CO Binding Energies of Single‐Atom Catalysts in Nitrogen‐Doped Graphene,ChemPhysChem,2022,Wiley,10.1002/cphc.202100787,https://doi.org/10.1002/cphc.202100787,https://www.osti.gov/servlets/purl/1854501,downloaded_open_access_pdf,Theoretical/Fe/pdfs/T0075_On_the_Sensitivity_to_Density_Functional_Approximations_for_CO_Binding_Energies_of_Single_.pdf,"本文关注 Fe, Co, Ni 单原子位点在 graphene 等载体上的催化行为，主要应用于CO2 reduction/conversion。 文章以理论计算、稳定性分析或反应路径筛选为主，可用于建立结构-活性关系和筛选候选催化剂。 摘要要点：Abstract Density functional theory (DFT) methods are the working horse in screening new catalytic materials. They are widely used to predict trends in binding energies, which are then used to compare the activity of different materials. The binding strength of",题名/摘要明确显示 DFT、第一性原理、理论洞察或计算筛选为主，按纯理论计算归类。
T0077,Theoretical,Ru; Pt; Au,graphene,hydrogen evolution reaction,Single Atoms Anchored in Hexagonal Boron Nitride for Propane Dehydrogenation from First Principles,ChemCatChem,2022,Wiley,10.1002/cctc.202200133,https://doi.org/10.1002/cctc.202200133,https://www.osti.gov/servlets/purl/1881074,downloaded_open_access_pdf,Theoretical/Ru/pdfs/T0077_Single_Atoms_Anchored_in_Hexagonal_Boron_Nitride_for_Propane_Dehydrogenation_from_First_Pr.pdf,"本文关注 Ru, Pt, Au 单原子位点在 graphene 等载体上的催化行为，主要应用于hydrogen evolution reaction。 文章以理论计算、稳定性分析或反应路径筛选为主，可用于建立结构-活性关系和筛选候选催化剂。 摘要要点：Abstract Single‐atom catalysts embedded in N‐doped graphene have attracted great interest recently, but the hexagonal boron nitride (h‐BN) is much less explored as a support. Using first principles density function theory and molecular dynamics, here we invest",题名明确包含 computational、DFT、screening、theoretical 或 first-principles 等词，按纯理论计算归类。
T0078,Theoretical,Mixed_or_unclear,graphene,hydrogen evolution reaction,Single-Atom Catalysts Supported by Graphene and Hexagonal Boron Nitride: Structural Stability in the Oxygen Environment,The Journal of Physical Chemistry C,2022,American Chemical Society,10.1021/acs.jpcc.2c01823,https://doi.org/10.1021/acs.jpcc.2c01823,,no_open_pdf_in_metadata,,"本文关注 Mixed_or_unclear 单原子位点在 graphene 等载体上的催化行为，主要应用于hydrogen evolution reaction。 文章以理论计算、稳定性分析或反应路径筛选为主，可用于建立结构-活性关系和筛选候选催化剂。 摘要要点：Despite ample studies devoted to single-atom catalysts (SACs) based on two-dimensional materials, their structural robustness under atmospheric conditions has not been addressed so far. Using density functional theory, we examined the structural stability of m",题名/摘要明确显示 DFT、第一性原理、理论洞察或计算筛选为主，按纯理论计算归类。
T0085,Theoretical,Pt,graphene,catalysis,Theoretical insight into mercury species adsorption on graphene-based Pt single-atom catalysts,RSC Advances,2022,Royal Society of Chemistry,10.1039/d1ra08891b,https://doi.org/10.1039/d1ra08891b,https://pubs.rsc.org/en/content/articlepdf/2022/ra/d1ra08891b,downloaded_open_access_pdf,Theoretical/Pt/pdfs/T0085_Theoretical_insight_into_mercury_species_adsorption_on_graphene-based_Pt_single-atom_catal.pdf,"本文关注 Pt 单原子位点在 graphene 等载体上的催化行为，主要应用于catalysis。 文章以理论计算、稳定性分析或反应路径筛选为主，可用于建立结构-活性关系和筛选候选催化剂。 摘要要点：Adsorption mechanism: all mercury species can chemically adsorb on Pt/SV-GN and Pt/3N-GN. The charge decomposition analysis confirmed that s, p orbitals of Hg hybridized with d, s orbitals of Pt SACs. Pt/3N-GN is more superior for mercury removal.",题名明确包含 computational、DFT、screening、theoretical 或 first-principles 等词，按纯理论计算归类。
T0086,Theoretical,Mixed_or_unclear,graphene,nitrogen reduction/ammonia synthesis,Theoretical insights into the electroreduction of nitrate to ammonia on graphene-based single-atom catalysts,Nanoscale,2022,Royal Society of Chemistry,10.1039/d2nr02813a,https://doi.org/10.1039/d2nr02813a,,no_open_pdf_in_metadata,,"本文关注 Mixed_or_unclear 单原子位点在 graphene 等载体上的催化行为，主要应用于nitrogen reduction/ammonia synthesis。 文章以理论计算、稳定性分析或反应路径筛选为主，可用于建立结构-活性关系和筛选候选催化剂。 摘要要点：The catalytic mechanism, activity trend, and activity origin of electroreduction of nitrate to ammonia on graphene-based single-atom catalysts was systematically studied and unrevealed.",题名明确包含 computational、DFT、screening、theoretical 或 first-principles 等词，按纯理论计算归类。
T0089,Theoretical,V,graphene,hydrogen evolution reaction,V (Nb) Single Atoms Anchored by the Edge of a Graphene Armchair Nanoribbon for Efficient Electrocatalytic Nitrogen Reduction: A Theoretical Study,Inorganic Chemistry,2022,American Chemical Society,10.1021/acs.inorgchem.2c03204,https://doi.org/10.1021/acs.inorgchem.2c03204,,no_open_pdf_in_metadata,,"本文关注 V 单原子位点在 graphene 等载体上的催化行为，主要应用于hydrogen evolution reaction。 文章以理论计算、稳定性分析或反应路径筛选为主，可用于建立结构-活性关系和筛选候选催化剂。 摘要要点：Efficient and low-cost electrocatalysts are urgently required for the electrocatalytic N2 reduction reaction (NRR) to produce valuable NH3. Single-atom catalysts (SACs) represent one class of promising candidates. Besides the defects on the basal plane, very r",题名明确包含 computational、DFT、screening、theoretical 或 first-principles 等词，按纯理论计算归类。
T0091,Theoretical,V; Fe,graphene,CO2 reduction/conversion,A Surrogate Machine Learning Model for the Design of Single-Atom Catalyst on Carbon and Porphyrin Supports towards Electrochemistry,The Journal of Physical Chemistry C,2023,American Chemical Society,10.1021/acs.jpcc.3c00765,https://doi.org/10.1021/acs.jpcc.3c00765,,no_open_pdf_in_metadata,,"本文关注 V, Fe 单原子位点在 graphene 等载体上的催化行为，主要应用于CO2 reduction/conversion。 文章以理论计算、稳定性分析或反应路径筛选为主，可用于建立结构-活性关系和筛选候选催化剂。 摘要要点：We apply the machine learning (ML) tool to calculate the Gibbs free energy (ΔG) of reaction intermediates rapidly and accurately as a guide for designing porphyrin- and graphene-supported single-atom catalysts (SACs) toward electrochemical reactions. Based on",计算关键词占主导，按纯理论计算归类。
T0092,Theoretical,V; Mn; Fe; Co,graphene,oxygen reduction reaction,Activity And Stability of Single‐ And Di‐Atom Catalysts for the O 2 Reduction Reaction,Angewandte Chemie International Edition,2023,Wiley,10.1002/anie.202311113,https://doi.org/10.1002/anie.202311113,https://onlinelibrary.wiley.com/doi/pdfdirect/10.1002/anie.202311113,download_failed: HTTPError,,"本文关注 V, Mn, Fe, Co 单原子位点在 graphene 等载体上的催化行为，主要应用于oxygen reduction reaction。 文章以理论计算、稳定性分析或反应路径筛选为主，可用于建立结构-活性关系和筛选候选催化剂。 摘要要点：reduction reaction (ORR) are needed for the advancement of renewable energy technologies. In this study, we designed a computational catalyst-screening method to identify single and di-atom metal dopants from first-row transition elements supported on defect-c",计算关键词占主导，按纯理论计算归类。
T0094,Theoretical,Sc; Ti; Cr; Pt; La,graphene,hydrogen evolution reaction,Comprehensive Mechanism and Microkinetic Model-Driven Rational Screening of 3N-Modulated Single-Atom Catalysts for Propane Dehydrogenation,ACS Catalysis,2023,American Chemical Society,10.1021/acscatal.3c00889,https://doi.org/10.1021/acscatal.3c00889,,no_open_pdf_in_metadata,,"本文关注 Sc, Ti, Cr, Pt, La 单原子位点在 graphene 等载体上的催化行为，主要应用于hydrogen evolution reaction。 文章以理论计算、稳定性分析或反应路径筛选为主，可用于建立结构-活性关系和筛选候选催化剂。 摘要要点：Direct propane dehydrogenation (PDH) is an economically competitive and environmentally friendly industrial scheme used to produce propylene. Beyond the traditional Pt or Cr oxide catalyst, in this study, we focus on 3N-coordinated transition-metal single-atom",题名明确包含 computational、DFT、screening、theoretical 或 first-principles 等词，按纯理论计算归类。
T0098,Theoretical,Mixed_or_unclear,graphene,oxygen reduction reaction,Exploring the catalytic activity of graphene-based TM-N x C 4- x single atom catalysts for the oxygen reduction reaction via density functional theory calculation,Physical Chemistry Chemical Physics,2023,Royal Society of Chemistry,10.1039/d3cp01168b,https://doi.org/10.1039/d3cp01168b,,no_open_pdf_in_metadata,,"本文关注 Mixed_or_unclear 单原子位点在 graphene 等载体上的催化行为，主要应用于oxygen reduction reaction。 文章以理论计算、稳定性分析或反应路径筛选为主，可用于建立结构-活性关系和筛选候选催化剂。 摘要要点：SACs by tuning the coordination environment, which may have potential implication in the high-performance fuel cell development.",题名/摘要明确显示 DFT、第一性原理、理论洞察或计算筛选为主，按纯理论计算归类。
T0099,Theoretical,Mn; Fe; Co; Ni; Cu; Ru; Rh; Pd; Ag; Ir; Pt; Au,graphene,oxygen reduction reaction,Fine-Tuning Dual Single-Atom Metal Sites on Graphene toward Enhanced Oxygen Reduction Reaction Activity,The Journal of Physical Chemistry Letters,2023,American Chemical Society,10.1021/acs.jpclett.3c02273,https://doi.org/10.1021/acs.jpclett.3c02273,,no_open_pdf_in_metadata,,"本文关注 Mn, Fe, Co, Ni, Cu, Ru, Rh, Pd, Ag, Ir, Pt, Au 单原子位点在 graphene 等载体上的催化行为，主要应用于oxygen reduction reaction。 文章以理论计算、稳定性分析或反应路径筛选为主，可用于建立结构-活性关系和筛选候选催化剂。 摘要要点：The oxygen reduction reaction (ORR) remains at the forefront of research in diverse energy and sustainability domains. While graphene-supported single-atom catalysts (SACs) have garnered attention for optimizing ORR efficiency, tailoring the interactions betwe",题名/摘要明确显示 DFT、第一性原理、理论洞察或计算筛选为主，按纯理论计算归类。
T0100,Theoretical,Sn,graphene,CO2 reduction/conversion,Graphene-Supported Tin Single-Atom Catalysts for CO 2 Hydrogenation to HCOOH: A Theoretical Investigation of Performance under Different N Coordination Numbers,ACS Applied Nano Materials,2023,American Chemical Society,10.1021/acsanm.2c05581,https://doi.org/10.1021/acsanm.2c05581,,no_open_pdf_in_metadata,,本文关注 Sn 单原子位点在 graphene 等载体上的催化行为，主要应用于CO2 reduction/conversion。 文章以理论计算、稳定性分析或反应路径筛选为主，可用于建立结构-活性关系和筛选候选催化剂。 摘要要点：The effects of the adjustment of the N coordination number in Sn single-atom catalysts toward the activity and selectivity of CO2 hydrogenation to HCOOH are systematically explored via density functional theory calculations. The stability of the studied cataly,题名明确包含 computational、DFT、screening、theoretical 或 first-principles 等词，按纯理论计算归类。
T0101,Theoretical,Sc; Ti; V; Cr; Mn; Fe; Co; Ni; Cu; Zn; Mo; Ru; Rh; Pd; W; Re; Ir; Pt,graphene,hydrogen evolution reaction,High efficiency carbon nanotubes-based single-atom catalysts for nitrogen reduction,Scientific Reports,2023,Nature Portfolio,10.1038/s41598-023-36945-0,https://doi.org/10.1038/s41598-023-36945-0,https://www.nature.com/articles/s41598-023-36945-0.pdf,open_url_not_pdf,,"本文关注 Sc, Ti, V, Cr, Mn, Fe, Co, Ni, Cu, Zn, Mo, Ru, Rh, Pd, W, Re, Ir, Pt 单原子位点在 graphene 等载体上的催化行为，主要应用于hydrogen evolution reaction。 文章以理论计算、稳定性分析或反应路径筛选为主，可用于建立结构-活性关系和筛选候选催化剂。 摘要要点：Abstract Carbon-based single-atom catalysts (SACs) for electrochemical nitrogen reduction reaction (NRR) have received increasing attention due to their sustainable, efficient, and green advantages. However, at present, the research on carbon nanotubes (CNTs)-",计算关键词占主导，按纯理论计算归类。
T0102,Theoretical,Mixed_or_unclear,graphene,nitrogen reduction/ammonia synthesis,High‐Throughput Screening of Electrocatalysts for Nitrogen Reduction Reactions Accelerated by Interpretable Intrinsic Descriptor,Angewandte Chemie International Edition,2023,Wiley,10.1002/anie.202300122,https://doi.org/10.1002/anie.202300122,,no_open_pdf_in_metadata,,"本文关注 Mixed_or_unclear 单原子位点在 graphene 等载体上的催化行为，主要应用于nitrogen reduction/ammonia synthesis。 文章以理论计算、稳定性分析或反应路径筛选为主，可用于建立结构-活性关系和筛选候选催化剂。 摘要要点：Developing easily accessible descriptors is crucial but challenging to rationally design single-atom catalysts (SACs). This paper describes a simple and interpretable activity descriptor, which is easily obtained from the atomic databases. The defined descript",题名明确包含 computational、DFT、screening、theoretical 或 first-principles 等词，按纯理论计算归类。
T0105,Theoretical,Mixed_or_unclear,graphene,oxygen reduction reaction,Interlayer Charge Transfer Regulates Single-Atom Catalytic Activity on Electride/Graphene 2D Heterojunctions,Journal of the American Chemical Society,2023,American Chemical Society,10.1021/jacs.2c13596,https://doi.org/10.1021/jacs.2c13596,,no_open_pdf_in_metadata,,本文关注 Mixed_or_unclear 单原子位点在 graphene 等载体上的催化行为，主要应用于oxygen reduction reaction。 文章以理论计算、稳定性分析或反应路径筛选为主，可用于建立结构-活性关系和筛选候选催化剂。 摘要要点：Single-atom catalysts with structure and activity tunability have attracted significant attention for energy and environmental applications. Herein we present a first-principles study of single-atom catalysis on two-dimensional graphene and electride heterostr,题名/摘要明确显示 DFT、第一性原理、理论洞察或计算筛选为主，按纯理论计算归类。
T0108,Theoretical,Fe; Cu; Pt,graphene,oxygen reduction reaction,Mechanistic Insight into Dual-Metal-Site Catalysts for the Oxygen Reduction Reaction,ACS Catalysis,2023,American Chemical Society,10.1021/acscatal.3c00090,https://doi.org/10.1021/acscatal.3c00090,,no_open_pdf_in_metadata,,"本文关注 Fe, Cu, Pt 单原子位点在 graphene 等载体上的催化行为，主要应用于oxygen reduction reaction。 文章以理论计算、稳定性分析或反应路径筛选为主，可用于建立结构-活性关系和筛选候选催化剂。 摘要要点：Incorporating a second transition metal to iron–nitrogen–carbon single-atom catalysts (Fe–N–C SACs) to design dual-metal-site catalysts (DMSCs) was demonstrated to offer a promising opportunity to enhance the oxygen reduction reaction (ORR). However, due to th",计算关键词占主导，按纯理论计算归类。
T0113,Theoretical,Fe; Ni; Rh; Pt,graphene,hydrogen evolution reaction,Screening Graphene Supported Nitrogen-Coordinated Single-Atom Catalysts for Lithium Polysulfide Conversion in Lithium–Sulfur Batteries,The Journal of Physical Chemistry C,2023,American Chemical Society,10.1021/acs.jpcc.3c06017,https://doi.org/10.1021/acs.jpcc.3c06017,,no_open_pdf_in_metadata,,"本文关注 Fe, Ni, Rh, Pt 单原子位点在 graphene 等载体上的催化行为，主要应用于hydrogen evolution reaction。 文章以理论计算、稳定性分析或反应路径筛选为主，可用于建立结构-活性关系和筛选候选催化剂。 摘要要点：The shuttle effect of lithium polysulfides (Li/PSs) is considered one of the barriers that limits the practical application of lithium–sulfur batteries. Single-atom catalysts (SACs) with modified coordination environments and colorful central metal atoms could",题名明确包含 computational、DFT、screening、theoretical 或 first-principles 等词，按纯理论计算归类。
T0121,Theoretical,Fe; Co; Pt,graphene,oxygen reduction reaction,Understanding the Pathway Switch of the Oxygen Reduction Reaction from Single- to Double-/Triple-Atom Catalysts: A Dual Channel for Electron Acceptance–Backdonation,JACS Au,2023,American Chemical Society,10.1021/jacsau.3c00432,https://doi.org/10.1021/jacsau.3c00432,https://pmc.ncbi.nlm.nih.gov/articles/PMC10685438/pdf/au3c00432.pdf,open_url_not_pdf,,"本文关注 Fe, Co, Pt 单原子位点在 graphene 等载体上的催化行为，主要应用于oxygen reduction reaction。 文章以理论计算、稳定性分析或反应路径筛选为主，可用于建立结构-活性关系和筛选候选催化剂。 摘要要点：Recently, a lot of attention has been dedicated to double- or triple-atom catalysts (DACs/TACs) as promising alternatives to platinum-based catalysts for the oxygen reduction reaction (ORR) in fuel cell applications. However, the ORR activity of DACs/TACs is u",题名/摘要明确显示 DFT、第一性原理、理论洞察或计算筛选为主，按纯理论计算归类。
T0122,Theoretical,Mixed_or_unclear,graphene oxide,oxygen reduction reaction,2D Carbonaceous Materials for Molecular Transport and Functional Interfaces: Simulations and Insights,Accounts of Chemical Research,2024,American Chemical Society,10.1021/acs.accounts.4c00398,https://doi.org/10.1021/acs.accounts.4c00398,https://pubs.acs.org/doi/pdf/10.1021/acs.accounts.4c00398?ref=article_openPDF,download_failed: HTTPError,,"本文关注 Mixed_or_unclear 单原子位点在 graphene oxide 等载体上的催化行为，主要应用于oxygen reduction reaction。 文章以理论计算、稳定性分析或反应路径筛选为主，可用于建立结构-活性关系和筛选候选催化剂。 摘要要点：ConspectusCarbon-based two-dimensional (2D) functional materials exhibit potential across a wide spectrum of applications from chemical separations to catalysis and energy storage and conversion. In this Account, we focus on recent advances in the manipulation",题名/摘要明确显示 DFT、第一性原理、理论洞察或计算筛选为主，按纯理论计算归类。
T0127,Theoretical,V; Fe; Mo,graphene,CO2 reduction/conversion,Advancing CO 2 RR with O-Coordinated Single-Atom Nanozymes: A DFT and Machine Learning Exploration,ACS Catalysis,2024,American Chemical Society,10.1021/acscatal.4c02799,https://doi.org/10.1021/acscatal.4c02799,,no_open_pdf_in_metadata,,"本文关注 V, Fe, Mo 单原子位点在 graphene 等载体上的催化行为，主要应用于CO2 reduction/conversion。 文章以理论计算、稳定性分析或反应路径筛选为主，可用于建立结构-活性关系和筛选候选催化剂。 摘要要点：Electrochemical CO2 reduction reaction (CO2RR) offers a promising route toward zero-carbon emissions. Recently emerged single-atom nanozymes (SANs), which combine the advantages of single-atom catalysts (SACs) and nanozymes, show potential in CO2RR electrocata",题名明确包含 computational、DFT、screening、theoretical 或 first-principles 等词，按纯理论计算归类。
T0133,Theoretical,Mixed_or_unclear,graphene,hydrogen evolution reaction,Computational screening of pyrazine-based graphene-supported transition metals as single-atom catalysts for the nitrogen reduction reaction,Dalton Transactions,2024,Royal Society of Chemistry,10.1039/d4dt01363h,https://doi.org/10.1039/d4dt01363h,,no_open_pdf_in_metadata,,"本文关注 Mixed_or_unclear 单原子位点在 graphene 等载体上的催化行为，主要应用于hydrogen evolution reaction。 文章以理论计算、稳定性分析或反应路径筛选为主，可用于建立结构-活性关系和筛选候选催化剂。 摘要要点：@py-GY SACs is demonstrated to ensure their feasibility in real experimental conditions. Furthermore, electronic properties are also examined in detail to analyze activity origin. This work not only provides an effective and reliable method for screening elect",题名明确包含 computational、DFT、screening、theoretical 或 first-principles 等词，按纯理论计算归类。
T0135,Theoretical,Mo,graphene,nitrogen reduction/ammonia synthesis,"Designing N, P-doped graphene surface-supported Mo single-atom catalysts for efficient conversion of nitrogen into ammonia: a computational guideline",Nanoscale Advances,2024,Royal Society of Chemistry,10.1039/d4na00298a,https://doi.org/10.1039/d4na00298a,https://pubs.rsc.org/en/content/articlepdf/2024/na/d4na00298a,downloaded_open_access_pdf,Theoretical/Mo/pdfs/T0135_Designing_N_P-doped_graphene_surface-supported_Mo_single-atom_catalysts_for_efficient_conv.pdf,本文关注 Mo 单原子位点在 graphene 等载体上的催化行为，主要应用于nitrogen reduction/ammonia synthesis。 文章以理论计算、稳定性分析或反应路径筛选为主，可用于建立结构-活性关系和筛选候选催化剂。 摘要要点：Tuning the surroundings of single-atom catalysts (SACs) has been recognized as a successful approach to enhance their electrocatalytic efficiency.,题名明确包含 computational、DFT、screening、theoretical 或 first-principles 等词，按纯理论计算归类。
T0136,Theoretical,V,graphene,hydrogen evolution reaction,Designing V Single Atom Embedded Carbon Moiety for the Electrocatalytic Nitrogen Reduction Reaction by First Principles Study,ChemPhysChem,2024,Wiley,10.1002/cphc.202400379,https://doi.org/10.1002/cphc.202400379,https://onlinelibrary.wiley.com/doi/pdfdirect/10.1002/cphc.202400379,download_failed: HTTPError,,"本文关注 V 单原子位点在 graphene 等载体上的催化行为，主要应用于hydrogen evolution reaction。 文章以理论计算、稳定性分析或反应路径筛选为主，可用于建立结构-活性关系和筛选候选催化剂。 摘要要点：Abstract Development of an efficient electrocatalyst for the nitrogen reduction reaction (NRR) to serve as a sustainable alternative to the Haber‐Bosch process has proven highly challenging. Single atom catalysts (SACs), which have the maximum atom utilization",题名明确包含 computational、DFT、screening、theoretical 或 first-principles 等词，按纯理论计算归类。
T0138,Theoretical,Cu,graphene,CO2 reduction/conversion,Enhanced CO 2 Reduction on a Cu-Decorated Single-Atom Catalyst via an Inverse Sandwich M-Graphene-Cu Structure,The Journal of Physical Chemistry Letters,2024,American Chemical Society,10.1021/acs.jpclett.4c01858,https://doi.org/10.1021/acs.jpclett.4c01858,,no_open_pdf_in_metadata,,本文关注 Cu 单原子位点在 graphene 等载体上的催化行为，主要应用于CO2 reduction/conversion。 文章以理论计算、稳定性分析或反应路径筛选为主，可用于建立结构-活性关系和筛选候选催化剂。 摘要要点：The highly active and selective electrochemical CO2 reduction reaction (CO2RR) can be exploited to produce valuable chemicals and fuels and is also crucial for achieving clean energy goals and environmental remediation. Decorated single-atom catalysts (D-SACs),题名/摘要明确显示 DFT、第一性原理、理论洞察或计算筛选为主，按纯理论计算归类。
T0140,Theoretical,Co,graphene,oxygen reduction reaction,Exceptionally Stable Cobalt Nanoclusters on Functionalized Graphene,Small Structures,2024,Wiley,10.1002/sstr.202400055,https://doi.org/10.1002/sstr.202400055,https://onlinelibrary.wiley.com/doi/pdfdirect/10.1002/sstr.202400055,download_failed: HTTPError,,"本文关注 Co 单原子位点在 graphene 等载体上的催化行为，主要应用于oxygen reduction reaction。 文章以理论计算、稳定性分析或反应路径筛选为主，可用于建立结构-活性关系和筛选候选催化剂。 摘要要点：To improve reactivity and achieve a higher material efficiency, catalysts are often used in the form of clusters with nanometer dimensions, down to single atoms. Since the corresponding properties are highly structure‐dependent, a suitable support is thus requ",题名/摘要明确显示 DFT、第一性原理、理论洞察或计算筛选为主，按纯理论计算归类。
T0141,Theoretical,Fe,graphene,CO2 reduction/conversion,FeN 4 -Embedded Graphene as a Highly Sensitive and Selective Single-Atom Sensor for Reaction Intermediates of Electrochemical CO 2 Reduction,ACS Omega,2024,American Chemical Society,10.1021/acsomega.4c04465,https://doi.org/10.1021/acsomega.4c04465,https://pubs.acs.org/doi/pdf/10.1021/acsomega.4c04465,download_failed: HTTPError,,"本文关注 Fe 单原子位点在 graphene 等载体上的催化行为，主要应用于CO2 reduction/conversion。 文章以理论计算、稳定性分析或反应路径筛选为主，可用于建立结构-活性关系和筛选候选催化剂。 摘要要点：Exploring effective ways to detect intermediates during the electrochemical CO2 reduction reaction (CO2RR) process is pivotal for understanding reaction pathways and underlying mechanisms. Recently, two-dimensional FeN4-embedded graphene has received increasin",题名/摘要明确显示 DFT、第一性原理、理论洞察或计算筛选为主，按纯理论计算归类。
T0142,Theoretical,Fe,graphene,oxygen reduction reaction,Graphene-based iron single-atom catalysts for electrocatalytic nitric oxide reduction: a first-principles study,Nanoscale,2024,Royal Society of Chemistry,10.1039/d4nr00028e,https://doi.org/10.1039/d4nr00028e,,no_open_pdf_in_metadata,,本文关注 Fe 单原子位点在 graphene 等载体上的催化行为，主要应用于oxygen reduction reaction。 文章以理论计算、稳定性分析或反应路径筛选为主，可用于建立结构-活性关系和筛选候选催化剂。 摘要要点：The electrocatalytic NO reduction reaction (NORR) emerges as an intriguing strategy to convert harmful NO into valuable NH 3 .,题名明确包含 computational、DFT、screening、theoretical 或 first-principles 等词，按纯理论计算归类。
T0145,Theoretical,Fe,graphene,oxygen reduction reaction,Influence of graphene on the electronic and magnetic properties of an iron( iii ) porphyrin chloride complex,Physical Chemistry Chemical Physics,2024,Royal Society of Chemistry,10.1039/d4cp01551g,https://doi.org/10.1039/d4cp01551g,,no_open_pdf_in_metadata,,"本文关注 Fe 单原子位点在 graphene 等载体上的催化行为，主要应用于oxygen reduction reaction。 文章以理论计算、稳定性分析或反应路径筛选为主，可用于建立结构-活性关系和筛选候选催化剂。 摘要要点：Although iron-based single atom catalysts are regarded as a promising alternative to precious metal catalysts, their precise electronic structures during catalysis still pose challenges for computational descriptions. A particularly urgent issue to be addresse",题名/摘要明确显示 DFT、第一性原理、理论洞察或计算筛选为主，按纯理论计算归类。
T0151,Theoretical,Mn; Fe; Co; Rh,graphene,oxygen reduction reaction,Single Transition Metal Atom Catalyst for a High-Performance Li–S Battery with a Graphdiyne–Graphene Heterostructure Host: A DFT Investigation + ML Predictions,ACS Catalysis,2024,American Chemical Society,10.1021/acscatal.4c02066,https://doi.org/10.1021/acscatal.4c02066,,no_open_pdf_in_metadata,,"本文关注 Mn, Fe, Co, Rh 单原子位点在 graphene 等载体上的催化行为，主要应用于oxygen reduction reaction。 文章以理论计算、稳定性分析或反应路径筛选为主，可用于建立结构-活性关系和筛选候选催化剂。 摘要要点：Shuttling of lithium polysulfides (LiPSs) and slow kinetics of the sulfur reduction reaction (SRR) are considered as the major roadblocks for achieving high-performance lithium–sulfur batteries (LSBs). The solution lies in optimizing the binding strength of Li",题名明确包含 computational、DFT、screening、theoretical 或 first-principles 等词，按纯理论计算归类。
T0152,Theoretical,Ni,graphene,hydrogen evolution reaction,Single‐Atom Catalyst Induced Amorphous Li 2 O 2 Layer Enduring Lithium–Oxygen Batteries with High Capacity,Advanced Functional Materials,2024,Wiley,10.1002/adfm.202410091,https://doi.org/10.1002/adfm.202410091,https://onlinelibrary.wiley.com/doi/pdfdirect/10.1002/adfm.202410091,download_failed: HTTPError,,"本文关注 Ni 单原子位点在 graphene 等载体上的催化行为，主要应用于hydrogen evolution reaction。 文章以理论计算、稳定性分析或反应路径筛选为主，可用于建立结构-活性关系和筛选候选催化剂。 摘要要点：Abstract Aprotic lithium–oxygen batteries (LOBs) may deliver exceptionally high energy density but struggle to attain rapid reversibility and substantial capacity simultaneously, due to typical surface or solution‐formed insulating solid Li 2 O 2 . Tuning the",题名/摘要显示以 DFT、第一性原理或计算筛选为主，未识别到实验合成/表征关键词。
T0154,Theoretical,Ni,graphene,hydrogen evolution reaction,The Role of Frustrated Lewis Pair in Catalytic Transfer Hydrogenation of Furfural using Nickel Single‐Atom Catalysts: A Theoretical Study,ChemPhysChem,2024,Wiley,10.1002/cphc.202400628,https://doi.org/10.1002/cphc.202400628,,no_open_pdf_in_metadata,,"本文关注 Ni 单原子位点在 graphene 等载体上的催化行为，主要应用于hydrogen evolution reaction。 文章以理论计算、稳定性分析或反应路径筛选为主，可用于建立结构-活性关系和筛选候选催化剂。 摘要要点：Abstract The burgeoning field of frustrated Lewis pair (FLP) heterogeneous catalysts has garnered significant interest in recent years, primarily due to their inherent ability to activate H‐source molecules, thereby facilitating hydrogenation reactions. In thi",题名明确包含 computational、DFT、screening、theoretical 或 first-principles 等词，按纯理论计算归类。
T0155,Theoretical,Fe,graphene,hydrogen evolution reaction,Theoretical Design and Study of a Single-Atom Catalyst in Lithium–Sulfur Batteries: Edge-Type FeN 4 Active Site Electron Density Redistribution Driven by Heteroatoms,ACS Applied Materials & Interfaces,2024,American Chemical Society,10.1021/acsami.4c09435,https://doi.org/10.1021/acsami.4c09435,,no_open_pdf_in_metadata,,"本文关注 Fe 单原子位点在 graphene 等载体上的催化行为，主要应用于hydrogen evolution reaction。 文章以理论计算、稳定性分析或反应路径筛选为主，可用于建立结构-活性关系和筛选候选催化剂。 摘要要点：Lithium–sulfur (Li–S) batteries are considered to be the most promising next-generation high energy density storage systems. However, they still face challenges, such as the shuttle effect of lithium polysulfides (LiPSs) and slow sulfur oxidation–reduction kin",题名明确包含 computational、DFT、screening、theoretical 或 first-principles 等词，按纯理论计算归类。
T0157,Theoretical,Co,graphene,oxygen reduction reaction,Theoretically Insight into Co and S Pairs Dispersed on N‐Doped Graphene: Promising Bifunctional Electrocatalysts for Oxygen Reduction/Evolution Reactions,Advanced Theory and Simulations,2024,Wiley,10.1002/adts.202400076,https://doi.org/10.1002/adts.202400076,https://onlinelibrary.wiley.com/doi/pdfdirect/10.1002/adts.202400076,download_failed: HTTPError,,本文关注 Co 单原子位点在 graphene 等载体上的催化行为，主要应用于oxygen reduction reaction。 文章以理论计算、稳定性分析或反应路径筛选为主，可用于建立结构-活性关系和筛选候选催化剂。 摘要要点：Abstract Single atom catalysts (SACs) are considered as efficient catalysts for hydrogen‐based energy conversion and storage because of their excellent catalytic performance for oxygen evolution reactions (OER) and oxygen reduction reactions (ORR). In the pres,题名明确包含 computational、DFT、screening、theoretical 或 first-principles 等词，按纯理论计算归类。
T0158,Theoretical,Fe,graphene,hydrogen evolution reaction,Transient co-tuning of atomic Fe and nanoparticle facets for self-relaying Fenton-like catalysis,Communications Materials,2024,Nature Portfolio,10.1038/s43246-024-00446-y,https://doi.org/10.1038/s43246-024-00446-y,https://www.nature.com/articles/s43246-024-00446-y.pdf,open_url_not_pdf,,"本文关注 Fe 单原子位点在 graphene 等载体上的催化行为，主要应用于hydrogen evolution reaction。 文章以理论计算、稳定性分析或反应路径筛选为主，可用于建立结构-活性关系和筛选候选催化剂。 摘要要点：Abstract Fenton-like catalysts are important materials for degrading refractory organic pollutants, however, they still suffer from limited oxidizing ability. Although single atoms and nanoparticles with high-index facets are commonly used in catalysis, their",题名/摘要明确显示 DFT、第一性原理、理论洞察或计算筛选为主，按纯理论计算归类。
T0159,Theoretical,V,graphene,oxygen reduction reaction,Yb-Modified Carbon-Based Bifunctional Oxygen Electrode Catalyst: A Density Functional Theory Study,The Journal of Physical Chemistry C,2024,American Chemical Society,10.1021/acs.jpcc.4c03420,https://doi.org/10.1021/acs.jpcc.4c03420,,no_open_pdf_in_metadata,,"本文关注 V 单原子位点在 graphene 等载体上的催化行为，主要应用于oxygen reduction reaction。 文章以理论计算、稳定性分析或反应路径筛选为主，可用于建立结构-活性关系和筛选候选催化剂。 摘要要点：The oxidation reduction reactions (ORR) and oxygen evolution reactions (OER) are crucial for the research of electrocatalysts. In this study, the single-atom catalysts (SACs) of Yb-doped graphene (YbNxC3–x) are extensively discussed using density functional th",题名/摘要明确显示 DFT、第一性原理、理论洞察或计算筛选为主，按纯理论计算归类。
T0160,Theoretical,V; Fe; Co; Ni; Ru; Pt,graphene,oxygen reduction reaction,Accurate Performance Assessment of Lithium–Oxygen Batteries by Obtaining the Globally Stable Structures of Reaction Intermediates,The Journal of Physical Chemistry Letters,2025,American Chemical Society,10.1021/acs.jpclett.5c01648,https://doi.org/10.1021/acs.jpclett.5c01648,,no_open_pdf_in_metadata,,"本文关注 V, Fe, Co, Ni, Ru, Pt 单原子位点在 graphene 等载体上的催化行为，主要应用于oxygen reduction reaction。 文章以理论计算、稳定性分析或反应路径筛选为主，可用于建立结构-活性关系和筛选候选催化剂。 摘要要点：Single-atom catalysts hold great promise for enhancing redox efficiency in nonaqueous lithium–oxygen batteries, but inconsistent performance evaluations persist due to the vast configurational space of LixOy discharge products. Here, we address this challenge",题名/摘要明确显示 DFT、第一性原理、理论洞察或计算筛选为主，按纯理论计算归类。
T0165,Theoretical,Fe,graphene,hydrogen evolution reaction,Axial Coordination of Iron Single-Atom Catalysts on Defective Graphene for Electrocatalytic Conversion of Nitric Oxide to Hydroxylamine: A Theoretical Investigation,Langmuir,2025,American Chemical Society,10.1021/acs.langmuir.5c03697,https://doi.org/10.1021/acs.langmuir.5c03697,,no_open_pdf_in_metadata,,"本文关注 Fe 单原子位点在 graphene 等载体上的催化行为，主要应用于hydrogen evolution reaction。 文章以理论计算、稳定性分析或反应路径筛选为主，可用于建立结构-活性关系和筛选候选催化剂。 摘要要点：With the rapid development of modern society and the chemical industry, the demand for hydroxylamine (NH2OH) has expanded significantly across diverse fields. However, its conventional synthesis remains challenged by severe pollution and intensive resource con",题名明确包含 computational、DFT、screening、theoretical 或 first-principles 等词，按纯理论计算归类。
T0166,Theoretical,Cu,graphene,CO2 reduction/conversion,CO 2 Reduction Mechanism Based on a Partially Reduced Cu Single-Atom Catalyst: A First-Principles Study,The Journal of Physical Chemistry C,2025,American Chemical Society,10.1021/acs.jpcc.4c08400,https://doi.org/10.1021/acs.jpcc.4c08400,,no_open_pdf_in_metadata,,"本文关注 Cu 单原子位点在 graphene 等载体上的催化行为，主要应用于CO2 reduction/conversion。 文章以理论计算、稳定性分析或反应路径筛选为主，可用于建立结构-活性关系和筛选候选催化剂。 摘要要点：Experimentally, CO can be generated as the main product at a lower negative potential. Since CO is the key intermediate of methanol synthesis and C–C coupling reactions, the catalyst should have a strong adsorption capacity for CO molecules. Theoretical comput",题名明确包含 computational、DFT、screening、theoretical 或 first-principles 等词，按纯理论计算归类。
T0167,Theoretical,Ti; Ni; Ru; Pt,graphene,hydrogen evolution reaction,"DFT Insights into Hydrogen Spillover Mechanisms: Effects of Metal Species, Size, and Support",The Journal of Physical Chemistry C,2025,American Chemical Society,10.1021/acs.jpcc.4c08097,https://doi.org/10.1021/acs.jpcc.4c08097,https://pubs.acs.org/doi/pdf/10.1021/acs.jpcc.4c08097?ref=article_openPDF,download_failed: HTTPError,,"本文关注 Ti, Ni, Ru, Pt 单原子位点在 graphene 等载体上的催化行为，主要应用于hydrogen evolution reaction。 文章以理论计算、稳定性分析或反应路径筛选为主，可用于建立结构-活性关系和筛选候选催化剂。 摘要要点：Hydrogen spillover is a crucial mechanism in heterogeneous catalysis. Herein, density functional theory calculations were conducted to study the metal–support interactions (MSI) and the hydrogen spillover mechanisms in terms of metal size, metal species, and s",题名明确包含 computational、DFT、screening、theoretical 或 first-principles 等词，按纯理论计算归类。
T0171,Theoretical,V; Fe; Mo; Pt; Ga,graphene,CO2 reduction/conversion,Design of Single Atom Transition Metal‐Doped and N/P/S‐Modified Graphene TM ‐ N 3 S ‐ PC Catalysts for Efficient CO 2 Electrocatalytic Reduction: A DFT Study,International Journal of Quantum Chemistry,2025,Wiley,10.1002/qua.70137,https://doi.org/10.1002/qua.70137,,no_open_pdf_in_metadata,,"本文关注 V, Fe, Mo, Pt, Ga 单原子位点在 graphene 等载体上的催化行为，主要应用于CO2 reduction/conversion。 文章以理论计算、稳定性分析或反应路径筛选为主，可用于建立结构-活性关系和筛选候选催化剂。 摘要要点：ABSTRACT The catalytic reduction of CO 2 into high‐value carbon‐based compounds presents a promising strategy for sustainable energy supply and industrial applications. In this work, inspired by the experimentally synthesized Ga‐N 3 S‐PC catalyst, a catalyst f",题名明确包含 computational、DFT、screening、theoretical 或 first-principles 等词，按纯理论计算归类。
T0172,Theoretical,Fe,graphene oxide,hydrogen evolution reaction,Dual‐Functional Phosphorus‐Doped Iron Single‐Atom Catalyst on Reduced Graphene Oxide for Efficient Lithium–Sulfur Batteries: Simultaneous Polysulfides Trapping/Catalysis and Lithium Deposition Regulation,Small,2025,Wiley,10.1002/smll.202503596,https://doi.org/10.1002/smll.202503596,https://onlinelibrary.wiley.com/doi/pdfdirect/10.1002/smll.202503596,download_failed: HTTPError,,"本文关注 Fe 单原子位点在 graphene oxide 等载体上的催化行为，主要应用于hydrogen evolution reaction。 文章以理论计算、稳定性分析或反应路径筛选为主，可用于建立结构-活性关系和筛选候选催化剂。 摘要要点：The development of high-performance lithium-sulfur (Li-S) batteries is hindered by the complex interplay of lithium polysulfides (LiPSs) shuttle effects and uncontrolled lithium dendrite growth. Herein, we introduce a dual-functional-phosphorus-doped iron sing",题名/摘要明确显示 DFT、第一性原理、理论洞察或计算筛选为主，按纯理论计算归类。
T0173,Theoretical,V,graphene,CO2 reduction/conversion,Enhancing CO 2 RR Catalytic Activity of Graphene-Boron Nitride Heterostructures Based Single Atom Catalysts through Theoretical Design of Intrinsic Descriptor,ACS Applied Materials & Interfaces,2025,American Chemical Society,10.1021/acsami.5c16405,https://doi.org/10.1021/acsami.5c16405,,no_open_pdf_in_metadata,,"本文关注 V 单原子位点在 graphene 等载体上的催化行为，主要应用于CO2 reduction/conversion。 文章以理论计算、稳定性分析或反应路径筛选为主，可用于建立结构-活性关系和筛选候选催化剂。 摘要要点：Designing the efficient single atom catalysts (SACs) remains a hot topic in the research area of the electrochemical CO2 reduction reaction (CO2RR). In this study, 23 transition metals (TM) supported either on mono- or di-vacant sites of graphene-boron nitride",题名明确包含 computational、DFT、screening、theoretical 或 first-principles 等词，按纯理论计算归类。
T0176,Theoretical,Mixed_or_unclear,graphene,CO2 reduction/conversion,Graphene-based single-atom catalysts for electrochemical CO 2 reduction: unraveling the roles of metals and dopants in tuning activity,Physical Chemistry Chemical Physics,2025,Royal Society of Chemistry,10.1039/d4cp04212c,https://doi.org/10.1039/d4cp04212c,https://pubs.rsc.org/en/content/articlepdf/2025/cp/d4cp04212c,downloaded_open_access_pdf,Theoretical/Mixed_or_unclear/pdfs/T0176_Graphene-based_single-atom_catalysts_for_electrochemical_CO_2_reduction_unraveling_the_rol.pdf,本文关注 Mixed_or_unclear 单原子位点在 graphene 等载体上的催化行为，主要应用于CO2 reduction/conversion。 文章以理论计算、稳定性分析或反应路径筛选为主，可用于建立结构-活性关系和筛选候选催化剂。 摘要要点：This first-principles study discovers efficient single-atom catalysts (SACs) that can convert carbon dioxide to C 1 hydrocarbons and reveals the role of metal-coordination environment in tuning SAC reactivity.,题名/摘要明确显示 DFT、第一性原理、理论洞察或计算筛选为主，按纯理论计算归类。
T0179,Theoretical,V; Ni,graphene,CO2 reduction/conversion,Machine Learning-Assisted Screening and Performance Prediction of Single-Atom Catalysts for Electrocatalytic CO 2 Conversion to CO,Energy & Fuels,2025,American Chemical Society,10.1021/acs.energyfuels.5c03078,https://doi.org/10.1021/acs.energyfuels.5c03078,,no_open_pdf_in_metadata,,"本文关注 V, Ni 单原子位点在 graphene 等载体上的催化行为，主要应用于CO2 reduction/conversion。 文章以理论计算、稳定性分析或反应路径筛选为主，可用于建立结构-活性关系和筛选候选催化剂。 摘要要点：To study the single-atom catalysts (SACs) for CO2 electrocatalytic reduction (CO2RR) to CO, three machine learning models [decision regression tree (DRT), random forest (RF), and gradient boosting decision tree (GBDT)] were trained and evaluated based on the d",题名明确包含 computational、DFT、screening、theoretical 或 first-principles 等词，按纯理论计算归类。
T0180,Theoretical,Fe,graphene,hydrogen evolution reaction,Manipulating the Second Coordination Shell of Single-Atom Fe for Enhanced Fenton Reaction,ACS Nano,2025,American Chemical Society,10.1021/acsnano.5c13343,https://doi.org/10.1021/acsnano.5c13343,,no_open_pdf_in_metadata,,"本文关注 Fe 单原子位点在 graphene 等载体上的催化行为，主要应用于hydrogen evolution reaction。 文章以理论计算、稳定性分析或反应路径筛选为主，可用于建立结构-活性关系和筛选候选催化剂。 摘要要点：While current methods use oxidizable metals as electron donors to effectively reduce Fe3+, they suffer from the irreversible oxidation of these metals, ultimately compromising the catalyst’s longevity. To address this challenge, we engineered the second coordi",题名/摘要显示以 DFT、第一性原理或计算筛选为主，未识别到实验合成/表征关键词。
T0186,Theoretical,Ti; Ni; Pd; W; Pt,graphene,oxygen reduction reaction,Single-atom vs. single-superatom as catalysts for ammonia production,Chemical Communications,2025,Royal Society of Chemistry,10.1039/d4cc04862h,https://doi.org/10.1039/d4cc04862h,https://pubs.rsc.org/en/content/articlepdf/2025/cc/d4cc04862h,downloaded_open_access_pdf,Theoretical/Ti/pdfs/T0186_Single-atom_vs._single-superatom_as_catalysts_for_ammonia_production.pdf,"本文关注 Ti, Ni, Pd, W, Pt 单原子位点在 graphene 等载体上的催化行为，主要应用于oxygen reduction reaction。 文章以理论计算、稳定性分析或反应路径筛选为主，可用于建立结构-活性关系和筛选候选催化剂。 摘要要点：A new class of single-superatom catalyst (TiO, ZrO, and WC) supported on graphene is shown to outperform the stability and activity of their corresponding single-atom catalysts (Ni, Pd and Pt) for the electrochemical nitrogen reduction reaction. The results ba",题名/摘要明确显示 DFT、第一性原理、理论洞察或计算筛选为主，按纯理论计算归类。
T0192,Theoretical,Co,graphene,CO2 reduction/conversion,B/N Co‐Doped Graphene for CO 2 Reduction to CH 4 : Role of Co‐Doping and Varied Coordination,Advanced Theory and Simulations,2026,Wiley,10.1002/adts.70382,https://doi.org/10.1002/adts.70382,,no_open_pdf_in_metadata,,"本文关注 Co 单原子位点在 graphene 等载体上的催化行为，主要应用于CO2 reduction/conversion。 文章以理论计算、稳定性分析或反应路径筛选为主，可用于建立结构-活性关系和筛选候选催化剂。 摘要要点：ABSTRACT Local coordination plays a crucial role in determining the activity and selectivity of transition‐metal single‐atom catalysts (TM SACs) for the CO 2 reduction reaction (CO 2 RR). Using density functional theory (DFT), we investigate the influence of B",题名/摘要明确显示 DFT、第一性原理、理论洞察或计算筛选为主，按纯理论计算归类。
T0194,Theoretical,Sc; Ti; V; Cr; Mn; Fe; Co; Ni; Cu; Zn; Mo; Ru; Rh; W; Ir; Pt,graphene,oxygen reduction reaction,Designing Nonheme Single Atom Catalysts for Oxygen Reduction Reaction by High-Throughput Screening,ACS Applied Materials & Interfaces,2026,American Chemical Society,10.1021/acsami.6c02738,https://doi.org/10.1021/acsami.6c02738,,no_open_pdf_in_metadata,,"本文关注 Sc, Ti, V, Cr, Mn, Fe, Co, Ni, Cu, Zn, Mo, Ru, Rh, W, Ir, Pt 单原子位点在 graphene 等载体上的催化行为，主要应用于oxygen reduction reaction。 文章以理论计算、稳定性分析或反应路径筛选为主，可用于建立结构-活性关系和筛选候选催化剂。 摘要要点：Heme-based single-atom catalysts (SACs) have attracted significant interest for the oxygen reduction reaction (ORR). However, their poor electrochemical stability limits catalytic performance. Inspired by reports of nonheme-based SACs in electrocatalysis, we p",题名明确包含 computational、DFT、screening、theoretical 或 first-principles 等词，按纯理论计算归类。
