ID,Category,Elements,Support_or_material,Reaction_or_application,Title,Journal,Year,Publisher,DOI,Accessible_URL,Open_PDF_URL,PDF_Status,Local_PDF_Path,Chinese_Introduction,Classification_Reason
E0001,Experimental,Pt,graphene,hydrogen evolution reaction,"Formation, Stabilities, and Electronic and Catalytic Performance of Platinum Catalyst Supported on Non-Metal-Doped Graphene",The Journal of Physical Chemistry C,2013,American Chemical Society,10.1021/jp400202e,https://doi.org/10.1021/jp400202e,,no_open_pdf_in_metadata,,"本文关注 Pt 单原子位点在 graphene 等载体上的催化行为，主要应用于hydrogen evolution reaction。 文章以材料制备、结构表征和催化性能测试为核心，通常结合谱学/显微表征确认单原子分散。 摘要要点：The geometry, electronic structure, and catalytic properties of Pt catalyst supported on the nonmetal doped-graphene (denoted as D-graphene, where D represents the B, Si, O and P dopant) substrates are investigated using the first-principles method. The nonmet",题名/摘要包含合成、制备、表征、测试或实验-理论联合研究信息，按实验论文归类；其中计算部分视作机理支持。
E0002,Experimental,Pt,graphene,hydrogen evolution reaction,Single-atom Catalysis Using Pt/Graphene Achieved through Atomic Layer Deposition,Scientific Reports,2013,Nature Portfolio,10.1038/srep01775,https://doi.org/10.1038/srep01775,https://www.nature.com/articles/srep01775.pdf,open_url_not_pdf,,"本文关注 Pt 单原子位点在 graphene 等载体上的催化行为，主要应用于hydrogen evolution reaction。 文章以材料制备、结构表征和催化性能测试为核心，通常结合谱学/显微表征确认单原子分散。 摘要要点：Platinum-nanoparticle-based catalysts are widely used in many important chemical processes and automobile industries. Downsizing catalyst nanoparticles to single atoms is highly desirable to maximize their use efficiency, however, very challenging. Here we rep",题名/摘要包含合成、制备、表征、测试或实验-理论联合研究信息，按实验论文归类；其中计算部分视作机理支持。
E0003,Experimental,Mixed_or_unclear,graphene,oxygen reduction reaction,Direct Observation of a Long-Lived Single-Atom Catalyst Chiseling Atomic Structures in Graphene,Nano Letters,2014,American Chemical Society,10.1021/nl403327u,https://doi.org/10.1021/nl403327u,,no_open_pdf_in_metadata,,"本文关注 Mixed_or_unclear 单原子位点在 graphene 等载体上的催化行为，主要应用于oxygen reduction reaction。 文章以材料制备、结构表征和催化性能测试为核心，通常结合谱学/显微表征确认单原子分散。 摘要要点：Fabricating stable functional devices at the atomic scale is an ultimate goal of nanotechnology. In biological processes, such high-precision operations are accomplished by enzymes. A counterpart molecular catalyst that binds to a solid-state substrate would b",题名/摘要包含合成、制备、表征、测试或实验-理论联合研究信息，按实验论文归类；其中计算部分视作机理支持。
E0004,Experimental,Fe,graphene,hydrogen evolution reaction,Direct in situ observations of single Fe atom catalytic processes and anomalous diffusion at graphene edges,Proceedings of the National Academy of Sciences,2014,National Academy of Sciences,10.1073/pnas.1412962111,https://doi.org/10.1073/pnas.1412962111,https://www.pnas.org/content/pnas/111/44/15641.full.pdf,download_failed: HTTPError,,"本文关注 Fe 单原子位点在 graphene 等载体上的催化行为，主要应用于hydrogen evolution reaction。 文章以材料制备、结构表征和催化性能测试为核心，通常结合谱学/显微表征确认单原子分散。 摘要要点：Single-atom catalysts are of great interest because of their high efficiency. In the case of chemically deposited sp(2) carbon, the implementation of a single transition metal atom for growth can provide crucial insight into the formation mechanisms of graphen",识别到合成、表征、电化学/催化测试或 operando/in situ 等实验关键词；若含 DFT，则视作实验论文的机理支持。
E0005,Experimental,Co,N-doped graphene,hydrogen evolution reaction,Atomic cobalt on nitrogen-doped graphene for hydrogen generation,Nature Communications,2015,Nature Portfolio,10.1038/ncomms9668,https://doi.org/10.1038/ncomms9668,https://www.nature.com/articles/ncomms9668.pdf,open_url_not_pdf,,"本文关注 Co 单原子位点在 N-doped graphene 等载体上的催化行为，主要应用于hydrogen evolution reaction。 文章以材料制备、结构表征和催化性能测试为核心，通常结合谱学/显微表征确认单原子分散。 摘要要点：Reduction of water to hydrogen through electrocatalysis holds great promise for clean energy, but its large-scale application relies on the development of inexpensive and efficient catalysts to replace precious platinum catalysts. Here we report an electrocata",题名/摘要包含合成、制备、表征、测试或实验-理论联合研究信息，按实验论文归类；其中计算部分视作机理支持。
E0006,Experimental,Ir,graphene oxide,CO2 reduction/conversion,Conversion of CO 2 and C 2 H 6 to Propanoic Acid on an Iridium-Modified Graphene Oxide Surface: Quantum-Chemical Investigation,Industrial & Engineering Chemistry Research,2015,American Chemical Society,10.1021/ie503982t,https://doi.org/10.1021/ie503982t,,no_open_pdf_in_metadata,,"本文关注 Ir 单原子位点在 graphene oxide 等载体上的催化行为，主要应用于CO2 reduction/conversion。 文章以材料制备、结构表征和催化性能测试为核心，通常结合谱学/显微表征确认单原子分散。 摘要要点：Using density-functional theory, we performed calculations on a single-atom catalyst (SAC) comprising an iridium atom on a modified graphene oxide (Ir1-GO) surface to investigate the conversion of CO2 and C2H6 molecules to propanoic acid. The great catalytic a",识别到合成、表征、电化学/催化测试或 operando/in situ 等实验关键词；若含 DFT，则视作实验论文的机理支持。
E0007,Experimental,Pd,graphene,oxygen reduction reaction,"Single-Atom Pd 1 /Graphene Catalyst Achieved by Atomic Layer Deposition: Remarkable Performance in Selective Hydrogenation of 1,3-Butadiene",Journal of the American Chemical Society,2015,American Chemical Society,10.1021/jacs.5b06485,https://doi.org/10.1021/jacs.5b06485,,no_open_pdf_in_metadata,,本文关注 Pd 单原子位点在 graphene 等载体上的催化行为，主要应用于oxygen reduction reaction。 文章以材料制备、结构表征和催化性能测试为核心，通常结合谱学/显微表征确认单原子分散。 摘要要点：We reported that atomically dispersed Pd on graphene can be fabricated using the atomic layer deposition technique. Aberration-corrected high-angle annular dark-field scanning transmission electron microscopy and X-ray absorption fine structure spectroscopy bo,题名/摘要包含合成、制备、表征、测试或实验-理论联合研究信息，按实验论文归类；其中计算部分视作机理支持。
E0008,Experimental,Pt,carbon/other support,oxygen reduction reaction,Influence of Carbon Support on Electronic Structure and Catalytic Activity of Pt Catalysts: Binding to the CO Molecule,The Journal of Physical Chemistry C,2016,American Chemical Society,10.1021/acs.jpcc.6b02001,https://doi.org/10.1021/acs.jpcc.6b02001,https://ntnuopen.ntnu.no/ntnu-xmlui/bitstream/11250/2462562/2/R2_Re-submission.pdf,download_failed: URLError,,"本文关注 Pt 单原子位点在 carbon/other support 等载体上的催化行为，主要应用于oxygen reduction reaction。 文章以材料制备、结构表征和催化性能测试为核心，通常结合谱学/显微表征确认单原子分散。 摘要要点：Single-atom catalysts, especially with single Pt atoms, exhibit potentially improved catalytic activity as compared to metal clusters and metal surfaces. Here, the atop and bridged bondings of the CO molecule on the Pt/C system are studied. Vibrational frequen",题名/摘要包含合成、制备、表征、测试或实验-理论联合研究信息，按实验论文归类；其中计算部分视作机理支持。
E0009,Experimental,Pt,N-doped graphene,hydrogen evolution reaction,Platinum single-atom and cluster catalysis of the hydrogen evolution reaction,Nature Communications,2016,Nature Portfolio,10.1038/ncomms13638,https://doi.org/10.1038/ncomms13638,https://www.nature.com/articles/ncomms13638.pdf,open_url_not_pdf,,"本文关注 Pt 单原子位点在 N-doped graphene 等载体上的催化行为，主要应用于hydrogen evolution reaction。 文章以材料制备、结构表征和催化性能测试为核心，通常结合谱学/显微表征确认单原子分散。 摘要要点：Platinum-based catalysts have been considered the most effective electrocatalysts for the hydrogen evolution reaction in water splitting. However, platinum utilization in these electrocatalysts is extremely low, as the active sites are only located on the surf",题名/摘要包含合成、制备、表征、测试或实验-理论联合研究信息，按实验论文归类；其中计算部分视作机理支持。
E0010,Experimental,Pt,graphene,oxygen reduction reaction,Tuning selectivity of electrochemical reactions by atomically dispersed platinum catalyst,Nature Communications,2016,Nature Portfolio,10.1038/ncomms10922,https://doi.org/10.1038/ncomms10922,https://www.nature.com/articles/ncomms10922.pdf,open_url_not_pdf,,"本文关注 Pt 单原子位点在 graphene 等载体上的催化行为，主要应用于oxygen reduction reaction。 文章以材料制备、结构表征和催化性能测试为核心，通常结合谱学/显微表征确认单原子分散。 摘要要点：Maximum atom efficiency as well as distinct chemoselectivity is expected for electrocatalysis on atomically dispersed (or single site) metal centres, but its realization remains challenging so far, because carbon, as the most widely used electrocatalyst suppor",题名/摘要包含合成、制备、表征、测试或实验-理论联合研究信息，按实验论文归类；其中计算部分视作机理支持。
E0011,Experimental,Pt,graphene,hydrogen evolution reaction,Bottom-up precise synthesis of stable platinum dimers on graphene,Nature Communications,2017,Nature Portfolio,10.1038/s41467-017-01259-z,https://doi.org/10.1038/s41467-017-01259-z,https://www.nature.com/articles/s41467-017-01259-z.pdf,open_url_not_pdf,,"本文关注 Pt 单原子位点在 graphene 等载体上的催化行为，主要应用于hydrogen evolution reaction。 文章以材料制备、结构表征和催化性能测试为核心，通常结合谱学/显微表征确认单原子分散。 摘要要点：Abstract Supported metal clusters containing only a few atoms are of great interest. Progress has been made in synthesis of metal single-atom catalysts. However, precise synthesis of metal dimers on high-surface area support remains a grand challenge. Here, we",题名/摘要包含合成、制备、表征、测试或实验-理论联合研究信息，按实验论文归类；其中计算部分视作机理支持。
E0012,Experimental,Pt,carbon/other support,oxygen reduction reaction,High performance platinum single atom electrocatalyst for oxygen reduction reaction,Nature Communications,2017,Nature Portfolio,10.1038/ncomms15938,https://doi.org/10.1038/ncomms15938,https://www.nature.com/articles/ncomms15938.pdf,open_url_not_pdf,,"本文关注 Pt 单原子位点在 carbon/other support 等载体上的催化行为，主要应用于oxygen reduction reaction。 文章以材料制备、结构表征和催化性能测试为核心，通常结合谱学/显微表征确认单原子分散。 摘要要点：Abstract For the large-scale sustainable implementation of polymer electrolyte membrane fuel cells in vehicles, high-performance electrocatalysts with low platinum consumption are desirable for use as cathode material during the oxygen reduction reaction in fu",题名/摘要包含合成、制备、表征、测试或实验-理论联合研究信息，按实验论文归类；其中计算部分视作机理支持。
E0013,Experimental,Pt,carbon/other support,catalysis,Oxide-based nanomaterials for fuel cell catalysis: the interplay between supported single Pt atoms and particles,Catalysis Science & Technology,2017,Royal Society of Chemistry,10.1039/c7cy00710h,https://doi.org/10.1039/c7cy00710h,https://pubs.rsc.org/en/content/articlepdf/2017/cy/c7cy00710h,downloaded_open_access_pdf,Experimental/Pt/pdfs/E0013_Oxide-based_nanomaterials_for_fuel_cell_catalysis_the_interplay_between_supported_single_P.pdf,本文关注 Pt 单原子位点在 carbon/other support 等载体上的催化行为，主要应用于catalysis。 文章以材料制备、结构表征和催化性能测试为核心，通常结合谱学/显微表征确认单原子分散。 摘要要点：Nanomaterials coated with atomically dispersed platinum on ceria are structurally dynamic and show high potential for applications in fuel cells.,识别到合成、表征、电化学/催化测试或 operando/in situ 等实验关键词；若含 DFT，则视作实验论文的机理支持。
E0014,Experimental,Fe,N-doped carbon,oxygen reduction reaction,Self‐Assembled Fe–N‐Doped Carbon Nanotube Aerogels with Single‐Atom Catalyst Feature as High‐Efficiency Oxygen Reduction Electrocatalysts,Small,2017,Wiley,10.1002/smll.201603407,https://doi.org/10.1002/smll.201603407,https://www.osti.gov/servlets/purl/1347291,downloaded_open_access_pdf,Experimental/Fe/pdfs/E0014_Self_Assembled_Fe_N_Doped_Carbon_Nanotube_Aerogels_with_Single_Atom_Catalyst_Feature_as_Hi.pdf,"本文关注 Fe 单原子位点在 N-doped carbon 等载体上的催化行为，主要应用于oxygen reduction reaction。 文章以材料制备、结构表征和催化性能测试为核心，通常结合谱学/显微表征确认单原子分散。 摘要要点：Self-assembled M–N-doped carbon nanotube aerogels with single-atom catalyst feature are for the first time reported through one-step hydrothermal route and subsequent facile annealing treatment. By taking advantage of the porous nanostructures, 1D nanotubes as",题名/摘要包含合成、制备、表征、测试或实验-理论联合研究信息，按实验论文归类；其中计算部分视作机理支持。
E0015,Experimental,Fe,carbon/other support,oxygen reduction reaction,Atomic Fe Dispersed on N‐Doped Carbon Hollow Nanospheres for High‐Efficiency Electrocatalytic Oxygen Reduction,Advanced Materials,2018,,10.1002/adma.201806312,https://doi.org/10.1002/adma.201806312,,no_open_pdf_in_metadata,,"本文关注 Fe 单原子位点在 carbon/other support 等载体上的催化行为，主要应用于oxygen reduction reaction。 文章以材料制备、结构表征和催化性能测试为核心，通常结合谱学/显微表征确认单原子分散。 摘要要点：Abstract Exploration of high‐efficiency, economical, and ultrastable electrocatalysts for the oxygen reduction reaction (ORR) to substitute precious Pt is of great significance in electrochemical energy conversion devices. Single‐atom catalysts (SACs) have spa",题名/摘要包含合成、制备、表征、测试或实验-理论联合研究信息，按实验论文归类；其中计算部分视作机理支持。
E0016,Experimental,Co,graphene,hydrogen evolution reaction,Atomic engineering of high-density isolated Co atoms on graphene with proximal-atom controlled reaction selectivity,Nature Communications,2018,Nature Portfolio,10.1038/s41467-018-05754-9,https://doi.org/10.1038/s41467-018-05754-9,https://www.nature.com/articles/s41467-018-05754-9.pdf,open_url_not_pdf,,本文关注 Co 单原子位点在 graphene 等载体上的催化行为，主要应用于hydrogen evolution reaction。 文章以材料制备、结构表征和催化性能测试为核心，通常结合谱学/显微表征确认单原子分散。 摘要要点：Abstract Controllable synthesis of single atom catalysts (SACs) with high loading remains challenging due to the aggregation tendency of metal atoms as the surface coverage increases. Here we report the synthesis of graphene supported cobalt SACs (Co 1 /G) wit,题名/摘要包含合成、制备、表征、测试或实验-理论联合研究信息，按实验论文归类；其中计算部分视作机理支持。
E0017,Experimental,Ni; Pt,carbon/other support,hydrogen evolution reaction,Cation vacancy stabilization of single-atomic-site Pt1/Ni(OH)x catalyst for diboration of alkynes and alkenes,Nature Communications,2018,Nature Portfolio,10.1038/s41467-018-03380-z,https://doi.org/10.1038/s41467-018-03380-z,https://www.nature.com/articles/s41467-018-03380-z.pdf,open_url_not_pdf,,"本文关注 Ni, Pt 单原子位点在 carbon/other support 等载体上的催化行为，主要应用于hydrogen evolution reaction。 文章以材料制备、结构表征和催化性能测试为核心，通常结合谱学/显微表征确认单原子分散。 摘要要点：Abstract Development of single-atomic-site catalysts with high metal loading is highly desirable but proved to be very challenging. Although utilizing defects on supports to stabilize independent metal atoms has become a powerful method to fabricate single-ato",题名/摘要包含合成、制备、表征、测试或实验-理论联合研究信息，按实验论文归类；其中计算部分视作机理支持。
E0018,Experimental,Fe; Co; Cu; Pt,graphene,oxygen reduction reaction,Definitive Structural Identification toward Molecule‐Type Sites within 1D and 2D Carbon‐Based Catalysts,Advanced Energy Materials,2018,Wiley,10.1002/aenm.201800436,https://doi.org/10.1002/aenm.201800436,,no_open_pdf_in_metadata,,"本文关注 Fe, Co, Cu, Pt 单原子位点在 graphene 等载体上的催化行为，主要应用于oxygen reduction reaction。 文章以材料制备、结构表征和催化性能测试为核心，通常结合谱学/显微表征确认单原子分散。 摘要要点：Abstract Developing facile preparation routes and atomic‐level characterization methods for single‐atom catalysts is highly desirable but still challenging. Herein, a general strategy is proposed to construct transition metal single atoms within 1D and 2D carb",识别到合成、表征、电化学/催化测试或 operando/in situ 等实验关键词；若含 DFT，则视作实验论文的机理支持。
E0019,Experimental,Mixed_or_unclear,graphene,catalysis,Electrocatalysis over Graphene-Defect-Coordinated Transition-Metal Single-Atom Catalysts,Chem,2018,Elsevier BV,10.1016/j.chempr.2018.01.013,https://doi.org/10.1016/j.chempr.2018.01.013,http://www.cell.com/article/S2451929418300354/pdf,download_failed: HTTPError,,本文关注 Mixed_or_unclear 单原子位点在 graphene 等载体上的催化行为，主要应用于catalysis。 文章以材料制备、结构表征和催化性能测试为核心，通常结合谱学/显微表征确认单原子分散。 摘要未在元数据源中提供，建议通过 DOI 页面查看全文摘要。,识别到合成、表征、电化学/催化测试或 operando/in situ 等实验关键词；若含 DFT，则视作实验论文的机理支持。
E0020,Experimental,Fe; Zn,carbon/other support,oxygen reduction reaction,Enhanced oxygen reduction with single-atomic-site iron catalysts for a zinc-air battery and hydrogen-air fuel cell,Nature Communications,2018,Nature Portfolio,10.1038/s41467-018-07850-2,https://doi.org/10.1038/s41467-018-07850-2,https://www.nature.com/articles/s41467-018-07850-2.pdf,open_url_not_pdf,,"本文关注 Fe, Zn 单原子位点在 carbon/other support 等载体上的催化行为，主要应用于oxygen reduction reaction。 文章以材料制备、结构表征和催化性能测试为核心，通常结合谱学/显微表征确认单原子分散。 摘要要点：Efficient, durable and inexpensive electrocatalysts that accelerate sluggish oxygen reduction reaction kinetics and achieve high-performance are highly desirable. Here we develop a strategy to fabricate a catalyst comprised of single iron atomic sites supporte",识别到合成、表征、电化学/催化测试或 operando/in situ 等实验关键词；若含 DFT，则视作实验论文的机理支持。
E0021,Experimental,Fe,carbon/other support,oxygen reduction reaction,From Metal–Organic Frameworks to Single‐Atom Fe Implanted N‐doped Porous Carbons: Efficient Oxygen Reduction in Both Alkaline and Acidic Media,Angewandte Chemie International Edition,2018,Wiley,10.1002/anie.201803262,https://doi.org/10.1002/anie.201803262,https://www.osti.gov/servlets/purl/1463675,downloaded_open_access_pdf,Experimental/Fe/pdfs/E0021_From_Metal_Organic_Frameworks_to_Single_Atom_Fe_Implanted_N_doped_Porous_Carbons_Efficient.pdf,本文关注 Fe 单原子位点在 carbon/other support 等载体上的催化行为，主要应用于oxygen reduction reaction。 文章以材料制备、结构表征和催化性能测试为核心，通常结合谱学/显微表征确认单原子分散。 摘要要点：Abstract It remains highly desired but a great challenge to achieve atomically dispersed metals in high loadings for efficient catalysis. Now porphyrinic metal–organic frameworks (MOFs) have been synthesized based on a novel mixed‐ligand strategy to afford hig,题名/摘要包含合成、制备、表征、测试或实验-理论联合研究信息，按实验论文归类；其中计算部分视作机理支持。
E0022,Experimental,Pd,graphene,hydrogen evolution reaction,Highly Stable Single‐Atom Catalyst with Ionic Pd Active Sites Supported on N‐Doped Carbon Nanotubes for Formic Acid Decomposition,ChemSusChem,2018,Wiley,10.1002/cssc.201801679,https://doi.org/10.1002/cssc.201801679,,no_open_pdf_in_metadata,,本文关注 Pd 单原子位点在 graphene 等载体上的催化行为，主要应用于hydrogen evolution reaction。 文章以材料制备、结构表征和催化性能测试为核心，通常结合谱学/显微表征确认单原子分散。 摘要要点：Single-atom catalysts with ionic Pd active sites supported on nitrogen-doped carbon nanotubes have been synthesized with a palladium content of 0.2-0.5 wt %. The Pd sites exhibited unexpectedly high stability up to 500 °C in a hydrogen atmosphere which was exp,题名/摘要包含合成、制备、表征、测试或实验-理论联合研究信息，按实验论文归类；其中计算部分视作机理支持。
E0023,Experimental,Pt,carbon/other support,oxygen reduction reaction,Nanoceria-Supported Single-Atom Platinum Catalysts for Direct Methane Conversion,ACS Catalysis,2018,American Chemical Society,10.1021/acscatal.8b00004,https://doi.org/10.1021/acscatal.8b00004,https://www.osti.gov/servlets/purl/1431456,downloaded_open_access_pdf,Experimental/Pt/pdfs/E0023_Nanoceria-Supported_Single-Atom_Platinum_Catalysts_for_Direct_Methane_Conversion.pdf,"本文关注 Pt 单原子位点在 carbon/other support 等载体上的催化行为，主要应用于oxygen reduction reaction。 文章以材料制备、结构表征和催化性能测试为核心，通常结合谱学/显微表征确认单原子分散。 摘要要点：Nanoceria-supported atomic Pt catalysts (denoted as Pt 1 @CeO 2 ) have been synthesized and demonstrated with advanced catalytic performance for the non-oxidative, direct conversion of methane. These catalysts were synthesized by calcination of Pt-impregnated",题名/摘要包含合成、制备、表征、测试或实验-理论联合研究信息，按实验论文归类；其中计算部分视作机理支持。
E0024,Experimental,Ni,N-doped carbon,CO2 reduction/conversion,One-Pot Pyrolysis Method to Fabricate Carbon Nanotube Supported Ni Single-Atom Catalysts with Ultrahigh Loading,ACS Applied Energy Materials,2018,American Chemical Society,10.1021/acsaem.8b00903,https://doi.org/10.1021/acsaem.8b00903,,no_open_pdf_in_metadata,,"本文关注 Ni 单原子位点在 N-doped carbon 等载体上的催化行为，主要应用于CO2 reduction/conversion。 文章以材料制备、结构表征和催化性能测试为核心，通常结合谱学/显微表征确认单原子分散。 摘要要点：The practical application of single atom catalysts (SACs) is constrained by the low achievable loading of single metal atoms. Here, nickel SACs stabilized on a nitrogen-doped carbon nanotube structure (NiSA-N-CNT) with ultrahigh Ni atomic loading up to 20.3 wt",题名/摘要包含合成、制备、表征、测试或实验-理论联合研究信息，按实验论文归类；其中计算部分视作机理支持。
E0025,Experimental,Fe,carbon/other support,oxygen reduction reaction,Porous Carbon‐Hosted Atomically Dispersed Iron–Nitrogen Moiety as Enhanced Electrocatalysts for Oxygen Reduction Reaction in a Wide Range of pH,Small,2018,Wiley,10.1002/smll.201703118,https://doi.org/10.1002/smll.201703118,https://www.osti.gov/servlets/purl/1438319,downloaded_open_access_pdf,Experimental/Fe/pdfs/E0025_Porous_Carbon_Hosted_Atomically_Dispersed_Iron_Nitrogen_Moiety_as_Enhanced_Electrocatalyst.pdf,"本文关注 Fe 单原子位点在 carbon/other support 等载体上的催化行为，主要应用于oxygen reduction reaction。 文章以材料制备、结构表征和催化性能测试为核心，通常结合谱学/显微表征确认单原子分散。 摘要要点：As one of the alternatives to replace precious metal catalysts, transition-metal-nitrogen-carbon (M-N-C) electrocatalysts have attracted great research interest due to their low cost and good catalytic activities. Despite nanostructured M-N-C catalysts can ach",题名/摘要包含合成、制备、表征、测试或实验-理论联合研究信息，按实验论文归类；其中计算部分视作机理支持。
E0026,Experimental,Ni,graphene,catalysis,Real-time imaging of adatom-promoted graphene growth on nickel,Science,2018,American Association for the Advancement of Science,10.1126/science.aan8782,https://doi.org/10.1126/science.aan8782,,no_open_pdf_in_metadata,,"本文关注 Ni 单原子位点在 graphene 等载体上的催化行为，主要应用于catalysis。 文章以材料制备、结构表征和催化性能测试为核心，通常结合谱学/显微表征确认单原子分散。 摘要要点：Single adatoms are expected to participate in many processes occurring at solid surfaces, such as the growth of graphene on metals. We demonstrate, both experimentally and theoretically, the catalytic role played by single metal adatoms during the technologica",题名/摘要包含合成、制备、表征、测试或实验-理论联合研究信息，按实验论文归类；其中计算部分视作机理支持。
E0027,Experimental,Mo,N-doped carbon,hydrogen evolution reaction,Single Molybdenum Atom Anchored on N-Doped Carbon as a Promising Electrocatalyst for Nitrogen Reduction into Ammonia at Ambient Conditions,The Journal of Physical Chemistry C,2018,American Chemical Society,10.1021/acs.jpcc.8b05257,https://doi.org/10.1021/acs.jpcc.8b05257,,no_open_pdf_in_metadata,,"本文关注 Mo 单原子位点在 N-doped carbon 等载体上的催化行为，主要应用于hydrogen evolution reaction。 文章以材料制备、结构表征和催化性能测试为核心，通常结合谱学/显微表征确认单原子分散。 摘要要点：Ammonia (NH3) is one of the most important industrial chemicals owing to its wide applications in various fields. However, the synthesis of NH3 at ambient conditions remains a coveted goal for chemists. In this work, we study the potential of the newly synthes",题名/摘要包含合成、制备、表征、测试或实验-理论联合研究信息，按实验论文归类；其中计算部分视作机理支持。
E0028,Experimental,Ti; Ni; Ir,graphene,CO2 reduction/conversion,Single-Atom Catalysis toward Efficient CO 2 Conversion to CO and Formate Products,Accounts of Chemical Research,2018,American Chemical Society,10.1021/acs.accounts.8b00478,https://doi.org/10.1021/acs.accounts.8b00478,,no_open_pdf_in_metadata,,"本文关注 Ti, Ni, Ir 单原子位点在 graphene 等载体上的催化行为，主要应用于CO2 reduction/conversion。 文章以材料制备、结构表征和催化性能测试为核心，通常结合谱学/显微表征确认单原子分散。 摘要要点：ConspectusSimply yet powerfully, single-atom catalysts (SACs) with atomically dispersed metal active centers on supports have received a growing interest in a wide range of catalytic reactions. As a specific example, SACs have exhibited distinctive performance",题名/摘要包含合成、制备、表征、测试或实验-理论联合研究信息，按实验论文归类；其中计算部分视作机理支持。
E0029,Experimental,Fe,graphene,hydrogen evolution reaction,Support effects on adsorption and catalytic activation of O 2 in single atom iron catalysts with graphene-based substrates,Physical Chemistry Chemical Physics,2018,Royal Society of Chemistry,10.1039/c7cp08301g,https://doi.org/10.1039/c7cp08301g,,no_open_pdf_in_metadata,,"本文关注 Fe 单原子位点在 graphene 等载体上的催化行为，主要应用于hydrogen evolution reaction。 文章以材料制备、结构表征和催化性能测试为核心，通常结合谱学/显微表征确认单原子分散。 摘要要点：. Furthermore, the findings can lay the foundation for the further study of graphene-based support effects and provide a guideline for the development and design of new non-noble-metal single atom catalysts.",识别到合成、表征、电化学/催化测试或 operando/in situ 等实验关键词；若含 DFT，则视作实验论文的机理支持。
E0030,Experimental,Pd,graphene,hydrogen evolution reaction,Toward Understanding of the Support Effect on Pd 1 Single-Atom-Catalyzed Hydrogenation Reactions,The Journal of Physical Chemistry C,2018,American Chemical Society,10.1021/acs.jpcc.8b07181,https://doi.org/10.1021/acs.jpcc.8b07181,,no_open_pdf_in_metadata,,"本文关注 Pd 单原子位点在 graphene 等载体上的催化行为，主要应用于hydrogen evolution reaction。 文章以材料制备、结构表征和催化性能测试为核心，通常结合谱学/显微表征确认单原子分散。 摘要要点：Metal single-atom catalysts (SACs) have received significant attention in the catalysis field due to maximized atom efficiency and their unique catalytic properties. The support could have prominent influences on the catalytic performance. However, the support",识别到合成、表征、电化学/催化测试或 operando/in situ 等实验关键词；若含 DFT，则视作实验论文的机理支持。
E0031,Experimental,Fe,carbon/other support,oxygen reduction reaction,Unveiling the high-activity origin of single-atom iron catalysts for oxygen reduction reaction,Proceedings of the National Academy of Sciences,2018,National Academy of Sciences,10.1073/pnas.1800771115,https://doi.org/10.1073/pnas.1800771115,https://www.pnas.org/content/pnas/115/26/6626.full.pdf,download_failed: HTTPError,,"本文关注 Fe 单原子位点在 carbon/other support 等载体上的催化行为，主要应用于oxygen reduction reaction。 文章以材料制备、结构表征和催化性能测试为核心，通常结合谱学/显微表征确认单原子分散。 摘要要点：Significance We propose a surfactant-assisted method to synthesize single-atom iron catalysts (SA-Fe/NG) supported on nitrogen-doped graphitic carbons, and experimentally demonstrated that the SA-Fe/NG catalyst possesses extremely outstanding catalytic activit",题名/摘要包含合成、制备、表征、测试或实验-理论联合研究信息，按实验论文归类；其中计算部分视作机理支持。
E0032,Experimental,V; Fe; Co; Ni; Cu; Mo; Pd; Ag,graphene oxide,CO2 reduction/conversion,A Universal Seeding Strategy to Synthesize Single Atom Catalysts on 2D Materials for Electrocatalytic Applications,Advanced Functional Materials,2019,Wiley,10.1002/adfm.201906157,https://doi.org/10.1002/adfm.201906157,https://onlinelibrary.wiley.com/doi/pdfdirect/10.1002/adfm.201906157,download_failed: HTTPError,,"本文关注 V, Fe, Co, Ni, Cu, Mo, Pd, Ag 单原子位点在 graphene oxide 等载体上的催化行为，主要应用于CO2 reduction/conversion。 文章以材料制备、结构表征和催化性能测试为核心，通常结合谱学/显微表征确认单原子分散。 摘要要点：Abstract Single‐atom catalysts (SACs) are attracting significant attention due to their exceptional catalytic performance and stability. However, the controllable, scalable, and efficient synthesis of SACs remains a significant challenge. Herein, a new and ver",题名/摘要包含合成、制备、表征、测试或实验-理论联合研究信息，按实验论文归类；其中计算部分视作机理支持。
E0033,Experimental,Ni,graphene,CO oxidation,A novel single-atom catalyst for CO oxidation in humid environmental conditions: Ni-embedded divacancy graphene,Journal of Materials Chemistry A,2019,Royal Society of Chemistry,10.1039/c9ta08525d,https://doi.org/10.1039/c9ta08525d,,no_open_pdf_in_metadata,,"本文关注 Ni 单原子位点在 graphene 等载体上的催化行为，主要应用于CO oxidation。 文章以材料制备、结构表征和催化性能测试为核心，通常结合谱学/显微表征确认单原子分散。 摘要要点：A termolecular Eley–Rideal (TER) mechanism is preferred for CO oxidation on Ni-DG in humid environments, and the energy barrier for the rate limiting step (2CO + O 2 → OCOOCO) is only 0.34 eV.",识别到合成、表征、电化学/催化测试或 operando/in situ 等实验关键词；若含 DFT，则视作实验论文的机理支持。
E0034,Experimental,Fe; Zn; Pt,graphene,oxygen reduction reaction,A pyrolysis-free path toward superiorly catalytic nitrogen-coordinated single atom,Science Advances,2019,American Association for the Advancement of Science,10.1126/sciadv.aaw2322,https://doi.org/10.1126/sciadv.aaw2322,https://www.science.org/doi/pdf/10.1126/sciadv.aaw2322?download=true,download_failed: HTTPError,,"本文关注 Fe, Zn, Pt 单原子位点在 graphene 等载体上的催化行为，主要应用于oxygen reduction reaction。 文章以材料制备、结构表征和催化性能测试为核心，通常结合谱学/显微表征确认单原子分散。 摘要要点：Nitrogen-coordinated single-atom catalysts (SACs) have emerged as a frontier for electrocatalysis (such as oxygen reduction) with maximized atom utilization and highly catalytic activity. The precise design and operable synthesis of SACs are vital for practica",题名/摘要包含合成、制备、表征、测试或实验-理论联合研究信息，按实验论文归类；其中计算部分视作机理支持。
E0035,Experimental,V; Cr; Mn; Fe; Co; Ni; Cu; Zn; Ru; Pt,carbon/other support,CO2 reduction/conversion,A universal ligand mediated method for large scale synthesis of transition metal single atom catalysts,Nature Communications,2019,Nature Portfolio,10.1038/s41467-019-12510-0,https://doi.org/10.1038/s41467-019-12510-0,https://www.nature.com/articles/s41467-019-12510-0.pdf,open_url_not_pdf,,"本文关注 V, Cr, Mn, Fe, Co, Ni, Cu, Zn, Ru, Pt 单原子位点在 carbon/other support 等载体上的催化行为，主要应用于CO2 reduction/conversion。 文章以材料制备、结构表征和催化性能测试为核心，通常结合谱学/显微表征确认单原子分散。 摘要要点：There is interest in metal single atom catalysts due to their remarkable activity and stability. However, the synthesis of metal single atom catalysts remains somewhat ad hoc, with no universal strategy yet reported that allows their generic synthesis. Herein,",题名/摘要包含合成、制备、表征、测试或实验-理论联合研究信息，按实验论文归类；其中计算部分视作机理支持。
E0036,Experimental,Pt,carbon/other support,hydrogen evolution reaction,A versatile route to fabricate single atom catalysts with high chemoselectivity and regioselectivity in hydrogenation,Nature Communications,2019,Nature Portfolio,10.1038/s41467-019-11619-6,https://doi.org/10.1038/s41467-019-11619-6,https://www.nature.com/articles/s41467-019-11619-6.pdf,open_url_not_pdf,,"本文关注 Pt 单原子位点在 carbon/other support 等载体上的催化行为，主要应用于hydrogen evolution reaction。 文章以材料制备、结构表征和催化性能测试为核心，通常结合谱学/显微表征确认单原子分散。 摘要要点：Abstract Preparation of single atom catalysts (SACs) is of broad interest to materials scientists and chemists but remains a formidable challenge. Herein, we develop an efficient approach to synthesize SACs via a precursor-dilution strategy, in which metallopo",题名/摘要包含合成、制备、表征、测试或实验-理论联合研究信息，按实验论文归类；其中计算部分视作机理支持。
E0037,Experimental,Ni,carbon/other support,CO2 reduction/conversion,Activation of Ni Particles into Single Ni–N Atoms for Efficient Electrochemical Reduction of CO 2,Advanced Energy Materials,2019,Wiley,10.1002/aenm.201903068,https://doi.org/10.1002/aenm.201903068,,no_open_pdf_in_metadata,,"本文关注 Ni 单原子位点在 carbon/other support 等载体上的催化行为，主要应用于CO2 reduction/conversion。 文章以材料制备、结构表征和催化性能测试为核心，通常结合谱学/显微表征确认单原子分散。 摘要要点：Abstract Electrochemical reduction of carbon dioxide (CO 2 ) to fuels and value‐added industrial chemicals is a promising strategy for keeping a healthy balance between energy supply and net carbon emissions. Here, the facile transformation of residual Ni part",识别到合成、表征、电化学/催化测试或 operando/in situ 等实验关键词；若含 DFT，则视作实验论文的机理支持。
E0038,Experimental,Co,N-doped carbon,hydrogen evolution reaction,"Aerobic oxidative cleavage of 1,2-diols catalyzed by atomic-scale cobalt-based heterogeneous catalyst",Communications Chemistry,2019,Nature Portfolio,10.1038/s42004-019-0116-5,https://doi.org/10.1038/s42004-019-0116-5,https://www.nature.com/articles/s42004-019-0116-5.pdf,open_url_not_pdf,,"本文关注 Co 单原子位点在 N-doped carbon 等载体上的催化行为，主要应用于hydrogen evolution reaction。 文章以材料制备、结构表征和催化性能测试为核心，通常结合谱学/显微表征确认单原子分散。 摘要要点：Abstract The oxidative cleavage of the C–C bonds in 1,2-diols is an important transformation in synthetic organic chemistry. The challenge for this reaction is to develop a recyclable catalyst and an efficient catalytic system that operates under mild conditio",题名/摘要包含合成、制备、表征、测试或实验-理论联合研究信息，按实验论文归类；其中计算部分视作机理支持。
E0039,Experimental,Cu,graphene,hydrogen evolution reaction,Anchoring Cu1 species over nanodiamond-graphene for semi-hydrogenation of acetylene,Nature Communications,2019,Nature Portfolio,10.1038/s41467-019-12460-7,https://doi.org/10.1038/s41467-019-12460-7,https://www.nature.com/articles/s41467-019-12460-7.pdf,open_url_not_pdf,,"本文关注 Cu 单原子位点在 graphene 等载体上的催化行为，主要应用于hydrogen evolution reaction。 文章以材料制备、结构表征和催化性能测试为核心，通常结合谱学/显微表征确认单原子分散。 摘要要点：The design of cheap, non-toxic, and earth-abundant transition metal catalysts for selective hydrogenation of alkynes remains a challenge in both industry and academia. Here, we report a new atomically dispersed copper (Cu) catalyst supported on a defective nan",题名/摘要包含合成、制备、表征、测试或实验-理论联合研究信息，按实验论文归类；其中计算部分视作机理支持。
E0040,Experimental,Pd,graphene,hydrogen evolution reaction,Atomic Pd on Graphdiyne/Graphene Heterostructure as Efficient Catalyst for Aromatic Nitroreduction,Advanced Functional Materials,2019,Wiley,10.1002/adfm.201905423,https://doi.org/10.1002/adfm.201905423,,no_open_pdf_in_metadata,,"本文关注 Pd 单原子位点在 graphene 等载体上的催化行为，主要应用于hydrogen evolution reaction。 文章以材料制备、结构表征和催化性能测试为核心，通常结合谱学/显微表征确认单原子分散。 摘要要点：Abstract With the maximum atom‐utilization efficiency, single atom catalysts (SACs) have attracted great research interest in catalysis science recently. To address the following key challenges for the further development of SACs: i) how to stabilize and avoid",题名/摘要包含合成、制备、表征、测试或实验-理论联合研究信息，按实验论文归类；其中计算部分视作机理支持。
E0041,Experimental,Pd,carbon nitride,hydrogen evolution reaction,Atomic palladium on graphitic carbon nitride as a hydrogen evolution catalyst under visible light irradiation,Communications Chemistry,2019,Nature Portfolio,10.1038/s42004-019-0117-4,https://doi.org/10.1038/s42004-019-0117-4,https://www.nature.com/articles/s42004-019-0117-4.pdf,open_url_not_pdf,,"本文关注 Pd 单原子位点在 carbon nitride 等载体上的催化行为，主要应用于hydrogen evolution reaction。 文章以材料制备、结构表征和催化性能测试为核心，通常结合谱学/显微表征确认单原子分散。 摘要要点：Abstract Developing single-atom catalysts is extremely attractive for maximizing atomic efficiency and activity. However, the properties a nd roles of atomic catalysts in catalyzing water splitting reactions remain unclear. Here we report atomic palladium on g",题名/摘要包含合成、制备、表征、测试或实验-理论联合研究信息，按实验论文归类；其中计算部分视作机理支持。
E0042,Experimental,Ni,carbon/other support,CO2 reduction/conversion,Atomically dispersed nickel as coke-resistant active sites for methane dry reforming,Nature Communications,2019,Nature Portfolio,10.1038/s41467-019-12843-w,https://doi.org/10.1038/s41467-019-12843-w,https://www.nature.com/articles/s41467-019-12843-w.pdf,open_url_not_pdf,,本文关注 Ni 单原子位点在 carbon/other support 等载体上的催化行为，主要应用于CO2 reduction/conversion。 文章以材料制备、结构表征和催化性能测试为核心，通常结合谱学/显微表征确认单原子分散。 摘要要点：Abstract Dry reforming of methane (DRM) is an attractive route to utilize CO 2 as a chemical feedstock with which to convert CH 4 into valuable syngas and simultaneously mitigate both greenhouse gases. Ni-based DRM catalysts are promising due to their high act,题名/摘要包含合成、制备、表征、测试或实验-理论联合研究信息，按实验论文归类；其中计算部分视作机理支持。
E0043,Experimental,Ni,carbon/other support,oxygen reduction reaction,Atomically dispersed nickel–nitrogen–sulfur species anchored on porous carbon nanosheets for efficient water oxidation,Nature Communications,2019,Nature Portfolio,10.1038/s41467-019-09394-5,https://doi.org/10.1038/s41467-019-09394-5,https://www.nature.com/articles/s41467-019-09394-5.pdf,open_url_not_pdf,,"本文关注 Ni 单原子位点在 carbon/other support 等载体上的催化行为，主要应用于oxygen reduction reaction。 文章以材料制备、结构表征和催化性能测试为核心，通常结合谱学/显微表征确认单原子分散。 摘要要点：Abstract Developing low-cost electrocatalysts to replace precious Ir-based materials is key for oxygen evolution reaction (OER). Here, we report atomically dispersed nickel coordinated with nitrogen and sulfur species in porous carbon nanosheets as an electroc",题名/摘要包含合成、制备、表征、测试或实验-理论联合研究信息，按实验论文归类；其中计算部分视作机理支持。
E0044,Experimental,Pt,carbon/other support,hydrogen evolution reaction,Atomically dispersed platinum supported on curved carbon supports for efficient electrocatalytic hydrogen evolution,Nature Energy,2019,Nature Portfolio,10.1038/s41560-019-0402-6,https://doi.org/10.1038/s41560-019-0402-6,,no_open_pdf_in_metadata,,本文关注 Pt 单原子位点在 carbon/other support 等载体上的催化行为，主要应用于hydrogen evolution reaction。 文章以材料制备、结构表征和催化性能测试为核心，通常结合谱学/显微表征确认单原子分散。 摘要未在元数据源中提供，建议通过 DOI 页面查看全文摘要。,识别到合成、表征、电化学/催化测试或 operando/in situ 等实验关键词；若含 DFT，则视作实验论文的机理支持。
E0045,Experimental,Fe; Co; Ru,carbon/other support,oxygen evolution reaction,Boosting oxygen evolution of single-atomic ruthenium through electronic coupling with cobalt-iron layered double hydroxides,Nature Communications,2019,Nature Portfolio,10.1038/s41467-019-09666-0,https://doi.org/10.1038/s41467-019-09666-0,https://www.nature.com/articles/s41467-019-09666-0.pdf,open_url_not_pdf,,"本文关注 Fe, Co, Ru 单原子位点在 carbon/other support 等载体上的催化行为，主要应用于oxygen evolution reaction。 文章以材料制备、结构表征和催化性能测试为核心，通常结合谱学/显微表征确认单原子分散。 摘要要点：Abstract Single atom catalyst, which contains isolated metal atoms singly dispersed on supports, has great potential for achieving high activity and selectivity in hetero-catalysis and electrocatalysis. However, the activity and stability of single atoms and t",题名/摘要包含合成、制备、表征、测试或实验-理论联合研究信息，按实验论文归类；其中计算部分视作机理支持。
E0046,Experimental,Mixed_or_unclear,N-doped carbon,hydrogen evolution reaction,Building Up a Picture of the Electrocatalytic Nitrogen Reduction Activity of Transition Metal Single-Atom Catalysts,Journal of the American Chemical Society,2019,American Chemical Society,10.1021/jacs.9b03811,https://doi.org/10.1021/jacs.9b03811,,no_open_pdf_in_metadata,,"本文关注 Mixed_or_unclear 单原子位点在 N-doped carbon 等载体上的催化行为，主要应用于hydrogen evolution reaction。 文章以材料制备、结构表征和催化性能测试为核心，通常结合谱学/显微表征确认单原子分散。 摘要要点：The lack of chemical understanding and efficient catalysts impedes the development of electrocatalytic nitrogen reduction reaction (eNRR) for ammonia production. In this work, we employed density functional theory calculations to build up a picture (activity t",题名/摘要包含合成、制备、表征、测试或实验-理论联合研究信息，按实验论文归类；其中计算部分视作机理支持。
E0047,Experimental,Fe; Ni,carbon/other support,CO2 reduction/conversion,Cascade anchoring strategy for general mass production of high-loading single-atomic metal-nitrogen catalysts,Nature Communications,2019,Nature Portfolio,10.1038/s41467-019-09290-y,https://doi.org/10.1038/s41467-019-09290-y,https://www.nature.com/articles/s41467-019-09290-y.pdf,open_url_not_pdf,,"本文关注 Fe, Ni 单原子位点在 carbon/other support 等载体上的催化行为，主要应用于CO2 reduction/conversion。 文章以材料制备、结构表征和催化性能测试为核心，通常结合谱学/显微表征确认单原子分散。 摘要要点：Abstract Although single-atomically dispersed metal-N x on carbon support (M-NC) has great potential in heterogeneous catalysis, the scalable synthesis of such single-atom catalysts (SACs) with high-loading metal-N x is greatly challenging since the loading an",题名/摘要包含合成、制备、表征、测试或实验-理论联合研究信息，按实验论文归类；其中计算部分视作机理支持。
E0048,Experimental,Co,N-doped graphene,hydrogen evolution reaction,Cobalt in Nitrogen-Doped Graphene as Single-Atom Catalyst for High-Sulfur Content Lithium–Sulfur Batteries,Journal of the American Chemical Society,2019,American Chemical Society,10.1021/jacs.8b12973,https://doi.org/10.1021/jacs.8b12973,,no_open_pdf_in_metadata,,"本文关注 Co 单原子位点在 N-doped graphene 等载体上的催化行为，主要应用于hydrogen evolution reaction。 文章以材料制备、结构表征和催化性能测试为核心，通常结合谱学/显微表征确认单原子分散。 摘要要点：Because of their high theoretical energy density and low cost, lithium–sulfur (Li–S) batteries are promising next-generation energy storage devices. The electrochemical performance of Li–S batteries largely depends on the efficient reversible conversion of Li",题名/摘要包含合成、制备、表征、测试或实验-理论联合研究信息，按实验论文归类；其中计算部分视作机理支持。
E0049,Experimental,Pt,graphene,hydrogen evolution reaction,Comparative Study of C 3 N- and Graphene-Supported Single-Atom Pt,The Journal of Physical Chemistry C,2019,American Chemical Society,10.1021/acs.jpcc.8b12142,https://doi.org/10.1021/acs.jpcc.8b12142,,no_open_pdf_in_metadata,,"本文关注 Pt 单原子位点在 graphene 等载体上的催化行为，主要应用于hydrogen evolution reaction。 文章以材料制备、结构表征和催化性能测试为核心，通常结合谱学/显微表征确认单原子分散。 摘要要点：Substrate-supported single atoms have been of interest in many fields, such as magnetism, semiconductors, catalysis, and others. As far as single-atom catalysts (such as Pt, Pd, and Au atoms) are concerned, the substrates play vital roles for the stability and",题名/摘要包含合成、制备、表征、测试或实验-理论联合研究信息，按实验论文归类；其中计算部分视作机理支持。
E0050,Experimental,Cu,carbon/other support,CO2 reduction/conversion,Coordination mode engineering in stacked-nanosheet metal–organic frameworks to enhance catalytic reactivity and structural robustness,Nature Communications,2019,Nature Portfolio,10.1038/s41467-019-10547-9,https://doi.org/10.1038/s41467-019-10547-9,https://www.nature.com/articles/s41467-019-10547-9.pdf,open_url_not_pdf,,"本文关注 Cu 单原子位点在 carbon/other support 等载体上的催化行为，主要应用于CO2 reduction/conversion。 文章以材料制备、结构表征和催化性能测试为核心，通常结合谱学/显微表征确认单原子分散。 摘要要点：Abstract Optimising the supported modes of atom or ion dispersal onto substrates, to synchronously integrate high reactivity and robust stability in catalytic conversion, is an important yet challenging area of research. Here, theoretical calculations first sh",识别到合成、表征、电化学/催化测试或 operando/in situ 等实验关键词；若含 DFT，则视作实验论文的机理支持。
E0051,Experimental,Cu,carbon nitride,oxygen evolution reaction,Cu@g-C 3 N 4 : An Efficient Single-Atom Electrocatalyst for NO Electrochemical Reduction with Suppressed Hydrogen Evolution,The Journal of Physical Chemistry C,2019,American Chemical Society,10.1021/acs.jpcc.9b08827,https://doi.org/10.1021/acs.jpcc.9b08827,,no_open_pdf_in_metadata,,"本文关注 Cu 单原子位点在 carbon nitride 等载体上的催化行为，主要应用于oxygen evolution reaction。 文章以材料制备、结构表征和催化性能测试为核心，通常结合谱学/显微表征确认单原子分散。 摘要要点：Nitric oxide electroreduction reaction (NOER) is one of the most attractive routes for ammonia synthesis and pollutant treatment. However, the current research efforts toward the NOER mainly focus on metal surface catalysts, while low-cost and high-efficiency",题名/摘要包含合成、制备、表征、测试或实验-理论联合研究信息，按实验论文归类；其中计算部分视作机理支持。
E0052,Experimental,V; Co; Ni,graphene,oxygen reduction reaction,Defective Graphene on the Transition-Metal Surface: Formation of Efficient Bifunctional Catalysts for Oxygen Evolution/Reduction Reactions in Alkaline Media,ACS Applied Materials & Interfaces,2019,American Chemical Society,10.1021/acsami.9b02588,https://doi.org/10.1021/acsami.9b02588,,no_open_pdf_in_metadata,,"本文关注 V, Co, Ni 单原子位点在 graphene 等载体上的催化行为，主要应用于oxygen reduction reaction。 文章以材料制备、结构表征和催化性能测试为核心，通常结合谱学/显微表征确认单原子分散。 摘要要点：Supported single-atom catalysts (SACs) have attracted enormous attention because of their high selectivity, activity, and efficiency, compared to conventional nanoparticles and metal bulk catalysts. However, all of these unique merits rely on the stability of",题名/摘要包含合成、制备、表征、测试或实验-理论联合研究信息，按实验论文归类；其中计算部分视作机理支持。
E0053,Experimental,Mo,graphene,hydrogen evolution reaction,Dinitrogen Activation on Graphene Anchored Single Atom Catalysts: Local Site Activity or Surface Phenomena,The Journal of Physical Chemistry C,2019,American Chemical Society,10.1021/acs.jpcc.9b06757,https://doi.org/10.1021/acs.jpcc.9b06757,,no_open_pdf_in_metadata,,本文关注 Mo 单原子位点在 graphene 等载体上的催化行为，主要应用于hydrogen evolution reaction。 文章以材料制备、结构表征和催化性能测试为核心，通常结合谱学/显微表征确认单原子分散。 摘要要点：Catalysis on two-dimensional (2D) substrates with metal clusters or centers is generally dealt with as a surface phenomenon under the conjecture that the delocalized electron density is the driving force. When single atom catalysts (SACs) are anchored on such,题名/摘要包含合成、制备、表征、测试或实验-理论联合研究信息，按实验论文归类；其中计算部分视作机理支持。
E0054,Experimental,Ni; Rh,graphene,catalysis,Direct Oxidation of Methane to Methanol Enabled by Electronic Atomic Monolayer–Metal Support Interaction,ACS Catalysis,2019,American Chemical Society,10.1021/acscatal.9b01619,https://doi.org/10.1021/acscatal.9b01619,,no_open_pdf_in_metadata,,"本文关注 Ni, Rh 单原子位点在 graphene 等载体上的催化行为，主要应用于catalysis。 文章以材料制备、结构表征和催化性能测试为核心，通常结合谱学/显微表征确认单原子分散。 摘要要点：Direct, catalytic oxidation of methane to methanol (MTM) with molecular oxygen is a highly desirable process to valorize methane. We propose that Rh-doped graphene (GR) supported on Ni(111) can be a promising catalyst for MTM with appreciable activity and sele",识别到合成、表征、电化学/催化测试或 operando/in situ 等实验关键词；若含 DFT，则视作实验论文的机理支持。
E0055,Experimental,Cu,N-doped carbon,oxygen reduction reaction,Directly transforming copper (I) oxide bulk into isolated single-atom copper sites catalyst through gas-transport approach,Nature Communications,2019,Nature Portfolio,10.1038/s41467-019-11796-4,https://doi.org/10.1038/s41467-019-11796-4,https://www.nature.com/articles/s41467-019-11796-4.pdf,open_url_not_pdf,,"本文关注 Cu 单原子位点在 N-doped carbon 等载体上的催化行为，主要应用于oxygen reduction reaction。 文章以材料制备、结构表征和催化性能测试为核心，通常结合谱学/显微表征确认单原子分散。 摘要要点：Single-atom metal catalysts have sparked tremendous attention, but direct transformation of cheap and easily obtainable bulk metal oxide into single atoms is still a great challenge. Here we report a facile and versatile gas-transport strategy to synthesize is",题名/摘要包含合成、制备、表征、测试或实验-理论联合研究信息，按实验论文归类；其中计算部分视作机理支持。
E0056,Experimental,Ru,carbon/other support,oxygen evolution reaction,Dynamic oxygen adsorption on single-atomic Ruthenium catalyst with high performance for acidic oxygen evolution reaction,Nature Communications,2019,Nature Portfolio,10.1038/s41467-019-12886-z,https://doi.org/10.1038/s41467-019-12886-z,https://www.nature.com/articles/s41467-019-12886-z.pdf,open_url_not_pdf,,"本文关注 Ru 单原子位点在 carbon/other support 等载体上的催化行为，主要应用于oxygen evolution reaction。 文章以材料制备、结构表征和催化性能测试为核心，通常结合谱学/显微表征确认单原子分散。 摘要要点：Abstract Achieving active and stable oxygen evolution reaction (OER) in acid media based on single-atom catalysts is highly promising for cost-effective and sustainable energy supply in proton electrolyte membrane electrolyzers. Here, we report an atomically d",题名/摘要包含合成、制备、表征、测试或实验-理论联合研究信息，按实验论文归类；其中计算部分视作机理支持。
E0057,Experimental,Co,graphene,hydrogen evolution reaction,Enhanced Activity of C 2 N-Supported Single Co Atom Catalyst by Single Atom Promoter,The Journal of Physical Chemistry Letters,2019,American Chemical Society,10.1021/acs.jpclett.9b02906,https://doi.org/10.1021/acs.jpclett.9b02906,,no_open_pdf_in_metadata,,"本文关注 Co 单原子位点在 graphene 等载体上的催化行为，主要应用于hydrogen evolution reaction。 文章以材料制备、结构表征和催化性能测试为核心，通常结合谱学/显微表征确认单原子分散。 摘要要点：The remarkable chemical activity of metal single-atom catalysts (SACs) lies in their unique electronic states associated with the low-coordination nature of single-atom sites. Yet, electronic state manipulation normally requires direct contact with other atoms",识别到合成、表征、电化学/催化测试或 operando/in situ 等实验关键词；若含 DFT，则视作实验论文的机理支持。
E0058,Experimental,Fe,N-doped carbon,oxygen reduction reaction,Evolution Pathway from Iron Compounds to Fe 1 (II)–N 4 Sites through Gas-Phase Iron during Pyrolysis,Journal of the American Chemical Society,2019,American Chemical Society,10.1021/jacs.9b11197,https://doi.org/10.1021/jacs.9b11197,,no_open_pdf_in_metadata,,"本文关注 Fe 单原子位点在 N-doped carbon 等载体上的催化行为，主要应用于oxygen reduction reaction。 文章以材料制备、结构表征和催化性能测试为核心，通常结合谱学/显微表征确认单原子分散。 摘要要点：Pyrolysis is indispensable for synthesizing highly active Fe–N–C catalysts for the oxygen reduction reaction (ORR) in acid, but how Fe, N, and C precursors transform to ORR-active sites during pyrolysis remains unclear. This knowledge gap obscures the connecti",题名/摘要包含合成、制备、表征、测试或实验-理论联合研究信息，按实验论文归类；其中计算部分视作机理支持。
E0059,Experimental,Pt,carbon/other support,hydrogen evolution reaction,Expedient synthesis of E -hydrazone esters and 1 H -indazole scaffolds through heterogeneous single-atom platinum catalysis,Science Advances,2019,American Association for the Advancement of Science,10.1126/sciadv.aay1537,https://doi.org/10.1126/sciadv.aay1537,https://advances.sciencemag.org/content/advances/5/12/eaay1537.full.pdf,download_failed: HTTPError,,"本文关注 Pt 单原子位点在 carbon/other support 等载体上的催化行为，主要应用于hydrogen evolution reaction。 文章以材料制备、结构表征和催化性能测试为核心，通常结合谱学/显微表征确认单原子分散。 摘要要点：N-labeled analogs. The present protocol highlights a key mechanistic nuance wherein simultaneous coordination of a Pt site with the diazo N═N and ester carbonyl motifs plays a central role in controlling stereoselectivity, which is supported by density functio",题名/摘要包含合成、制备、表征、测试或实验-理论联合研究信息，按实验论文归类；其中计算部分视作机理支持。
E0060,Experimental,Ni,graphene,hydrogenation,Gas‐Phase Dehydrogenation of Alkanes: C−H Activation by a Graphene‐Supported Nickel Single‐Atom Catalyst Model,Angewandte Chemie International Edition,2019,Wiley,10.1002/anie.201907487,https://doi.org/10.1002/anie.201907487,,no_open_pdf_in_metadata,,"本文关注 Ni 单原子位点在 graphene 等载体上的催化行为，主要应用于hydrogenation。 文章以材料制备、结构表征和催化性能测试为核心，通常结合谱学/显微表征确认单原子分散。 摘要要点：A gas-phase anionic nickel(0) fluorenyl complex is shown to effect the dehydrogenation of linear, branched, and cyclic alkanes via C-H activation. It performs dehydrogenations via a C-H insertion followed by β-hydride elimination. When given energy via collisi",题名/摘要包含合成、制备、表征、测试或实验-理论联合研究信息，按实验论文归类；其中计算部分视作机理支持。
E0061,Experimental,Mixed_or_unclear,graphene,hydrogen evolution reaction,Graphene aerogel keeps single-atom catalysts stable,C&EN Global Enterprise,2019,American Chemical Society,10.1021/cen-09732-scicon11,https://doi.org/10.1021/cen-09732-scicon11,,no_open_pdf_in_metadata,,"本文关注 Mixed_or_unclear 单原子位点在 graphene 等载体上的催化行为，主要应用于hydrogen evolution reaction。 文章以材料制备、结构表征和催化性能测试为核心，通常结合谱学/显微表征确认单原子分散。 摘要要点：To get the most out of precious metals used as industrial catalysts, researchers try to disperse the metals as finely as possible on a support material. The smaller the particle, the larger the fraction of atoms that reside at the surface, where they are expos",识别到合成、表征、电化学/催化测试或 operando/in situ 等实验关键词；若含 DFT，则视作实验论文的机理支持。
E0062,Experimental,Ni,graphene oxide,CO2 reduction/conversion,Highly Efficient Electroreduction of CO 2 on Nickel Single‐Atom Catalysts: Atom Trapping and Nitrogen Anchoring,Small,2019,Wiley,10.1002/smll.201903668,https://doi.org/10.1002/smll.201903668,,no_open_pdf_in_metadata,,"本文关注 Ni 单原子位点在 graphene oxide 等载体上的催化行为，主要应用于CO2 reduction/conversion。 文章以材料制备、结构表征和催化性能测试为核心，通常结合谱学/显微表征确认单原子分散。 摘要要点：Abstract Construction of single atom catalysts (SACs) with high activity toward electroreduction of CO 2 still remains a great challenge. A very simple and truly cost‐effective synthetic strategy is proposed to prepare SACs via a impregnation–pyrolysis method,",题名/摘要包含合成、制备、表征、测试或实验-理论联合研究信息，按实验论文归类；其中计算部分视作机理支持。
E0063,Experimental,Fe,graphene,oxygen reduction reaction,Iron Single Atoms on Graphene as Nonprecious Metal Catalysts for High‐Temperature Polymer Electrolyte Membrane Fuel Cells,Advanced Science,2019,Wiley,10.1002/advs.201802066,https://doi.org/10.1002/advs.201802066,https://onlinelibrary.wiley.com/doi/pdfdirect/10.1002/advs.201802066,download_failed: HTTPError,,"本文关注 Fe 单原子位点在 graphene 等载体上的催化行为，主要应用于oxygen reduction reaction。 文章以材料制备、结构表征和催化性能测试为核心，通常结合谱学/显微表征确认单原子分散。 摘要要点：Abstract Iron single atom catalysts (Fe SACs) are the best‐known nonprecious metal (NPM) catalysts for the oxygen reduction reaction (ORR) of polymer electrolyte membrane fuel cells (PEMFCs), but their practical application has been constrained by the low Fe S",题名/摘要包含合成、制备、表征、测试或实验-理论联合研究信息，按实验论文归类；其中计算部分视作机理支持。
E0064,Experimental,Fe,graphene,oxygen reduction reaction,Isolated Fe atoms dispersed on cellulose-derived nanocarbons as an efficient electrocatalyst for the oxygen reduction reaction,Nanoscale,2019,Royal Society of Chemistry,10.1039/c9nr07914a,https://doi.org/10.1039/c9nr07914a,,no_open_pdf_in_metadata,,"本文关注 Fe 单原子位点在 graphene 等载体上的催化行为，主要应用于oxygen reduction reaction。 文章以材料制备、结构表征和催化性能测试为核心，通常结合谱学/显微表征确认单原子分散。 摘要要点：Cost-effective preparation of efficient electrocatalysts is vitally important for energy storage and conversion. Here, a facile chemical activation strategy using biomass cellulose as the carbon feedstock to fabricate isolated Fe atoms dispersed on a nitrogen",题名/摘要包含合成、制备、表征、测试或实验-理论联合研究信息，按实验论文归类；其中计算部分视作机理支持。
E0065,Experimental,Zn; Pt,N-doped carbon,oxygen reduction reaction,Isolating contiguous Pt atoms and forming Pt-Zn intermetallic nanoparticles to regulate selectivity in 4-nitrophenylacetylene hydrogenation,Nature Communications,2019,Nature Portfolio,10.1038/s41467-019-11794-6,https://doi.org/10.1038/s41467-019-11794-6,https://www.nature.com/articles/s41467-019-11794-6.pdf,open_url_not_pdf,,"本文关注 Zn, Pt 单原子位点在 N-doped carbon 等载体上的催化行为，主要应用于oxygen reduction reaction。 文章以材料制备、结构表征和催化性能测试为核心，通常结合谱学/显微表征确认单原子分散。 摘要要点：Noble metals play a momentous role in heterogeneous catalysis but still face a huge challenge in selectivity control. Herein, we report isolating contiguous Pt atoms and forming Pt-Zn intermetallic nanoparticles as an effective strategy to optimize the selecti",题名/摘要包含合成、制备、表征、测试或实验-理论联合研究信息，按实验论文归类；其中计算部分视作机理支持。
E0066,Experimental,Fe; Zn,carbon/other support,catalysis,Nanowrinkled Carbon Aerogels Embedded with FeNx Sites as Effective Oxygen Electrodes for Rechargeable Zinc-Air Battery,Research,2019,American Association for the Advancement of Science,10.34133/2019/6813585,https://doi.org/10.34133/2019/6813585,https://spj.science.org/doi/pdf/10.34133/2019/6813585?download=true,download_failed: HTTPError,,"本文关注 Fe, Zn 单原子位点在 carbon/other support 等载体上的催化行为，主要应用于catalysis。 文章以材料制备、结构表征和催化性能测试为核心，通常结合谱学/显微表征确认单原子分散。 摘要要点：Rational design of single-metal atom sites in carbon substrates by a flexible strategy is highly desired for the preparation of high-performance catalysts for metal-air batteries. In this study, biomass hydrogel reactors are utilized as structural templates to",题名/摘要包含合成、制备、表征、测试或实验-理论联合研究信息，按实验论文归类；其中计算部分视作机理支持。
E0067,Experimental,Ti; V; Cr; Mn; Fe; Co; Ni; Mo,N-doped carbon,CO2 reduction/conversion,Nitrogen Reduction Reaction,Small Methods,2019,Wiley,10.1002/smtd.201900070,https://doi.org/10.1002/smtd.201900070,https://onlinelibrary.wiley.com/doi/pdfdirect/10.1002/smtd.201900070,download_failed: HTTPError,,"本文关注 Ti, V, Cr, Mn, Fe, Co, Ni, Mo 单原子位点在 N-doped carbon 等载体上的催化行为，主要应用于CO2 reduction/conversion。 文章以材料制备、结构表征和催化性能测试为核心，通常结合谱学/显微表征确认单原子分散。 摘要要点：The conversion of nitrogen (N2), one of the most abundant and chemically inert molecules in nature, into ammonia (NH3), is the foundation of producing fertilizers and efficient energy carriers. The long-standing and well-established Haber-Bosch process has mar",题名/摘要包含合成、制备、表征、测试或实验-理论联合研究信息，按实验论文归类；其中计算部分视作机理支持。
E0068,Experimental,Ni,N-doped carbon,CO2 reduction/conversion,Nitrogen-Stabilized Low-Valent Ni Motifs for Efficient CO 2 Electrocatalysis,ACS Catalysis,2019,American Chemical Society,10.1021/acscatal.9b02978,https://doi.org/10.1021/acscatal.9b02978,,no_open_pdf_in_metadata,,"本文关注 Ni 单原子位点在 N-doped carbon 等载体上的催化行为，主要应用于CO2 reduction/conversion。 文章以材料制备、结构表征和催化性能测试为核心，通常结合谱学/显微表征确认单原子分散。 摘要要点：Single-atom catalysts have found considerable applications in the field of electrochemical CO2 reduction reaction (CO2RR) due to their unique coordination environments. However, during the preparation of single-atom catalysts, some metal nanoparticles (NPs) ar",题名/摘要包含合成、制备、表征、测试或实验-理论联合研究信息，按实验论文归类；其中计算部分视作机理支持。
E0069,Experimental,Fe; Pt,carbon/other support,hydrogen evolution reaction,Non defect-stabilized thermally stable single-atom catalyst,Nature Communications,2019,Nature Portfolio,10.1038/s41467-018-08136-3,https://doi.org/10.1038/s41467-018-08136-3,https://www.nature.com/articles/s41467-018-08136-3.pdf,open_url_not_pdf,,"本文关注 Fe, Pt 单原子位点在 carbon/other support 等载体上的催化行为，主要应用于hydrogen evolution reaction。 文章以材料制备、结构表征和催化性能测试为核心，通常结合谱学/显微表征确认单原子分散。 摘要要点：Abstract Surface-supported isolated atoms in single-atom catalysts (SACs) are usually stabilized by diverse defects. The fabrication of high-metal-loading and thermally stable SACs remains a formidable challenge due to the difficulty of creating high densities",题名/摘要包含合成、制备、表征、测试或实验-理论联合研究信息，按实验论文归类；其中计算部分视作机理支持。
E0070,Experimental,V; Fe,N-doped carbon,hydrogen evolution reaction,Over 56.55% Faradaic efficiency of ambient ammonia synthesis enabled by positively shifting the reaction potential,Nature Communications,2019,Nature Portfolio,10.1038/s41467-018-08120-x,https://doi.org/10.1038/s41467-018-08120-x,https://www.nature.com/articles/s41467-018-08120-x.pdf,open_url_not_pdf,,"本文关注 V, Fe 单原子位点在 N-doped carbon 等载体上的催化行为，主要应用于hydrogen evolution reaction。 文章以材料制备、结构表征和催化性能测试为核心，通常结合谱学/显微表征确认单原子分散。 摘要要点：Abstract Ambient electrochemical N 2 reduction is emerging as a highly promising alternative to the Haber–Bosch process but is typically hampered by a high reaction barrier and competing hydrogen evolution, leading to an extremely low Faradaic efficiency. Here",识别到合成、表征、电化学/催化测试或 operando/in situ 等实验关键词；若含 DFT，则视作实验论文的机理支持。
E0071,Experimental,Fe; Co; Mo,carbon/other support,oxygen reduction reaction,Oxygen Reduction Reactions on Single‐ or Few‐Atom Discrete Active Sites for Heterogeneous Catalysis,Advanced Energy Materials,2019,Wiley,10.1002/aenm.201902084,https://doi.org/10.1002/aenm.201902084,https://onlinelibrary.wiley.com/doi/pdfdirect/10.1002/aenm.201902084,download_failed: HTTPError,,"本文关注 Fe, Co, Mo 单原子位点在 carbon/other support 等载体上的催化行为，主要应用于oxygen reduction reaction。 文章以材料制备、结构表征和催化性能测试为核心，通常结合谱学/显微表征确认单原子分散。 摘要要点：Abstract The oxygen reduction reaction (ORR) is of great importance in energy‐converting processes such as fuel cells and in metal–air batteries and is vital to facilitate the transition toward a nonfossil dependent society. The ORR has been associated with ex",题名/摘要包含合成、制备、表征、测试或实验-理论联合研究信息，按实验论文归类；其中计算部分视作机理支持。
E0072,Experimental,Pd,carbon nitride,oxygen reduction reaction,Palladium Single‐Atom Catalysts Supported on C@C 3 N 4 for Electrochemical Reactions,ChemElectroChem,2019,Wiley,10.1002/celc.201900772,https://doi.org/10.1002/celc.201900772,,no_open_pdf_in_metadata,,"本文关注 Pd 单原子位点在 carbon nitride 等载体上的催化行为，主要应用于oxygen reduction reaction。 文章以材料制备、结构表征和催化性能测试为核心，通常结合谱学/显微表征确认单原子分散。 摘要要点：Abstract Single atom catalysts (SACs) maximize the utilization of noble metal whereas nanoparticle catalysts have inner metal atoms unavailable. In this study, various electrocatalytic reactions were investigated for Pd and Pt SACs. The single atoms were immob",题名/摘要包含合成、制备、表征、测试或实验-理论联合研究信息，按实验论文归类；其中计算部分视作机理支持。
E0073,Experimental,Pd,graphene,hydrogen evolution reaction,Pd Single‐Atom Catalysts on Nitrogen‐Doped Graphene for the Highly Selective Photothermal Hydrogenation of Acetylene to Ethylene,Advanced Materials,2019,,10.1002/adma.201900509,https://doi.org/10.1002/adma.201900509,,no_open_pdf_in_metadata,,"本文关注 Pd 单原子位点在 graphene 等载体上的催化行为，主要应用于hydrogen evolution reaction。 文章以材料制备、结构表征和催化性能测试为核心，通常结合谱学/显微表征确认单原子分散。 摘要要点：Abstract The selective hydrogenation of acetylene to ethylene in an ethylene‐rich gas stream is an important process in the chemical industry. Pd‐based catalysts are widely used in this reaction due to their excellent hydrogenation activity, though their selec",题名/摘要包含合成、制备、表征、测试或实验-理论联合研究信息，按实验论文归类；其中计算部分视作机理支持。
E0074,Experimental,Cu; Pt,graphene,hydrogen evolution reaction,Protecting Single Atom Catalysts with Graphene/Carbon-Nitride “Chainmail”,The Journal of Physical Chemistry Letters,2019,American Chemical Society,10.1021/acs.jpclett.9b01336,https://doi.org/10.1021/acs.jpclett.9b01336,,no_open_pdf_in_metadata,,"本文关注 Cu, Pt 单原子位点在 graphene 等载体上的催化行为，主要应用于hydrogen evolution reaction。 文章以材料制备、结构表征和催化性能测试为核心，通常结合谱学/显微表征确认单原子分散。 摘要要点：Single-atom catalysts (SACs) possess high chemical activity but suffer from structural vulnerability owing to atom aggregation or attacks from reaction intermediates. In this work, we employed first-principles simulations to propose a design of stable and effi",题名/摘要包含合成、制备、表征、测试或实验-理论联合研究信息，按实验论文归类；其中计算部分视作机理支持。
E0075,Experimental,V; Cr; Fe; Co; Ni; Rh; W,graphene,oxygen reduction reaction,Rational Design of Graphene‐Supported Single Atom Catalysts for Hydrogen Evolution Reaction,Advanced Energy Materials,2019,Wiley,10.1002/aenm.201803689,https://doi.org/10.1002/aenm.201803689,https://www.osti.gov/servlets/purl/1502877,downloaded_open_access_pdf,Experimental/V/pdfs/E0075_Rational_Design_of_Graphene_Supported_Single_Atom_Catalysts_for_Hydrogen_Evolution_Reactio.pdf,"本文关注 V, Cr, Fe, Co, Ni, Rh, W 单原子位点在 graphene 等载体上的催化行为，主要应用于oxygen reduction reaction。 文章以材料制备、结构表征和催化性能测试为核心，通常结合谱学/显微表征确认单原子分散。 摘要要点：Abstract The proper choice of nonprecious transition metals as single atom catalysts (SACs) remains unclear for designing highly efficient electrocatalysts for hydrogen evolution reaction (HER). Herein, reported is an activity correlation with catalysts, elect",题名/摘要包含合成、制备、表征、测试或实验-理论联合研究信息，按实验论文归类；其中计算部分视作机理支持。
E0076,Experimental,Pt,carbon/other support,hydrogen evolution reaction,Reversing the charge transfer between platinum and sulfur-doped carbon support for electrocatalytic hydrogen evolution,Nature Communications,2019,Nature Portfolio,10.1038/s41467-019-12851-w,https://doi.org/10.1038/s41467-019-12851-w,https://www.nature.com/articles/s41467-019-12851-w.pdf,open_url_not_pdf,,"本文关注 Pt 单原子位点在 carbon/other support 等载体上的催化行为，主要应用于hydrogen evolution reaction。 文章以材料制备、结构表征和催化性能测试为核心，通常结合谱学/显微表征确认单原子分散。 摘要要点：Abstract Metal–support interaction is of great significance for catalysis as it can induce charge transfer between metal and support, tame electronic structure of supported metals, impact adsorption energy of reaction intermediates, and eventually change the c",题名/摘要包含合成、制备、表征、测试或实验-理论联合研究信息，按实验论文归类；其中计算部分视作机理支持。
E0077,Experimental,Ru; Pt,carbon/other support,hydrogen evolution reaction,Ruthenium atomically dispersed in carbon outperforms platinum toward hydrogen evolution in alkaline media,Nature Communications,2019,Nature Portfolio,10.1038/s41467-019-08419-3,https://doi.org/10.1038/s41467-019-08419-3,https://www.nature.com/articles/s41467-019-08419-3.pdf,open_url_not_pdf,,"本文关注 Ru, Pt 单原子位点在 carbon/other support 等载体上的催化行为，主要应用于hydrogen evolution reaction。 文章以材料制备、结构表征和催化性能测试为核心，通常结合谱学/显微表征确认单原子分散。 摘要要点：Abstract Hydrogen evolution reaction is an important process in electrochemical energy technologies. Herein, ruthenium and nitrogen codoped carbon nanowires are prepared as effective hydrogen evolution catalysts. The catalytic performance is markedly better th",题名/摘要包含合成、制备、表征、测试或实验-理论联合研究信息，按实验论文归类；其中计算部分视作机理支持。
E0078,Experimental,Sc; V; Co; Zn; Mo; W; Pt; Au,graphene,CO2 reduction/conversion,Single Atoms for Energy Applications,Small Methods,2019,Wiley,10.1002/smtd.201900523,https://doi.org/10.1002/smtd.201900523,https://onlinelibrary.wiley.com/doi/pdfdirect/10.1002/smtd.201900523,download_failed: HTTPError,,"本文关注 Sc, V, Co, Zn, Mo, W, Pt, Au 单原子位点在 graphene 等载体上的催化行为，主要应用于CO2 reduction/conversion。 文章以材料制备、结构表征和催化性能测试为核心，通常结合谱学/显微表征确认单原子分散。 摘要要点：The atom is the smallest particle to maintain chemical properties of an element. Therefore, single-atom methods are practical way to maximize the chemical properties and reduce the usage of noble/expensive elements. To date, single-atom catalysts (SACs) are of",题名/摘要包含合成、制备、表征、测试或实验-理论联合研究信息，按实验论文归类；其中计算部分视作机理支持。
E0079,Experimental,Pt,graphene,CO oxidation,Single Pt atom supported on penta-graphene as an efficient catalyst for CO oxidation,Physical Chemistry Chemical Physics,2019,Royal Society of Chemistry,10.1039/c9cp02306b,https://doi.org/10.1039/c9cp02306b,,no_open_pdf_in_metadata,,"本文关注 Pt 单原子位点在 graphene 等载体上的催化行为，主要应用于CO oxidation。 文章以材料制备、结构表征和催化性能测试为核心，通常结合谱学/显微表征确认单原子分散。 摘要要点：We performed a systematic study of CO oxidation on a single Pt atom supported on penta-graphene (Pt/PG) by utilizing spin-polarized first-principles calculations. The results manifested that Pt/PG, as a single-atom catalyst, exhibited excellent catalytic activ",题名/摘要包含合成、制备、表征、测试或实验-理论联合研究信息，按实验论文归类；其中计算部分视作机理支持。
E0080,Experimental,Fe; Co; Ni,graphene,hydrogen evolution reaction,Single-Atom Coated Separator for Robust Lithium–Sulfur Batteries,ACS Applied Materials & Interfaces,2019,American Chemical Society,10.1021/acsami.9b05628,https://doi.org/10.1021/acsami.9b05628,,no_open_pdf_in_metadata,,"本文关注 Fe, Co, Ni 单原子位点在 graphene 等载体上的催化行为，主要应用于hydrogen evolution reaction。 文章以材料制备、结构表征和催化性能测试为核心，通常结合谱学/显微表征确认单原子分散。 摘要要点：Lithium–sulfur (Li–S) batteries are strong contenders among lithium batteries due to superior capacity and energy density, but the polysulfide shuttling effect limits the cycle life and reduces energy efficiency due to a voltage gap between charge and discharg",题名/摘要包含合成、制备、表征、测试或实验-理论联合研究信息，按实验论文归类；其中计算部分视作机理支持。
E0081,Experimental,Ni,N-doped carbon,hydrogen evolution reaction,Single-atom nickel confined nanotube superstructure as support for catalytic wet air oxidation of acetic acid,Communications Chemistry,2019,Nature Portfolio,10.1038/s42004-019-0239-8,https://doi.org/10.1038/s42004-019-0239-8,https://www.nature.com/articles/s42004-019-0239-8.pdf,open_url_not_pdf,,"本文关注 Ni 单原子位点在 N-doped carbon 等载体上的催化行为，主要应用于hydrogen evolution reaction。 文章以材料制备、结构表征和催化性能测试为核心，通常结合谱学/显微表征确认单原子分散。 摘要要点：Abstract Single-atom confined materials (SACMs) have been widely researched as catalysts in many fields within recent years. However, this class of materials may not only serve as a catalyst but also as a support material for certain reactions. Here we propose",题名/摘要包含合成、制备、表征、测试或实验-理论联合研究信息，按实验论文归类；其中计算部分视作机理支持。
E0082,Experimental,Cr,graphene,hydrogen evolution reaction,Single‐Atom Catalysis Using Chromium Embedded in Divacant Graphene for Conversion of Dinitrogen to Ammonia,ChemPhysChem,2019,Wiley,10.1002/cphc.201900519,https://doi.org/10.1002/cphc.201900519,,no_open_pdf_in_metadata,,"本文关注 Cr 单原子位点在 graphene 等载体上的催化行为，主要应用于hydrogen evolution reaction。 文章以材料制备、结构表征和催化性能测试为核心，通常结合谱学/显微表征确认单原子分散。 摘要要点：Abstract Reduction of dinitrogen to ammonia under ambient conditions is a long‐standing challenge. The few metal‐based catalysts proposed have conspicuous disadvantages such as high cost, high energy consumption, and being hazardous to the environment. Single‐",题名/摘要包含合成、制备、表征、测试或实验-理论联合研究信息，按实验论文归类；其中计算部分视作机理支持。
E0083,Experimental,Cu,N-doped graphene,catalysis,Single‐Atom Catalysis: Mixed‐Valence Single‐Atom Catalyst Derived from Functionalized Graphene (Adv. Mater. 17/2019),Advanced Materials,2019,,10.1002/adma.201970125,https://doi.org/10.1002/adma.201970125,https://onlinelibrary.wiley.com/doi/pdfdirect/10.1002/adma.201970125,download_failed: HTTPError,,"本文关注 Cu 单原子位点在 N-doped graphene 等载体上的催化行为，主要应用于catalysis。 文章以材料制备、结构表征和催化性能测试为核心，通常结合谱学/显微表征确认单原子分散。 摘要要点：Metal–metal cooperation in a solid-state mixed-valence single-atom catalyst, boosts yield and selectivity in oxidative amine coupling, with uncompromised reusability, as shown by Manoj B. Gawande, Paolo Fornasiero, Radek Zbořil, and co-workers in article numbe",题名/摘要包含合成、制备、表征、测试或实验-理论联合研究信息，按实验论文归类；其中计算部分视作机理支持。
E0084,Experimental,Fe,graphene oxide,catalysis,Single‐Atom Catalysts: Ambient Synthesis of Single‐Atom Catalysts from Bulk Metal via Trapping of Atoms by Surface Dangling Bonds (Adv. Mater. 44/2019),Advanced Materials,2019,,10.1002/adma.201970316,https://doi.org/10.1002/adma.201970316,https://onlinelibrary.wiley.com/doi/pdfdirect/10.1002/adma.201970316,download_failed: HTTPError,,本文关注 Fe 单原子位点在 graphene oxide 等载体上的催化行为，主要应用于catalysis。 文章以材料制备、结构表征和催化性能测试为核心，通常结合谱学/显微表征确认单原子分散。 摘要要点：A facile dangling-bond trapping strategy to construct single-atom catalysts under ambient conditions from easily accessible bulk Fe is presented by Yuen Wu and co-workers in article number 1904496. Oxygen dangling bonds on graphene oxide act like four fingers,题名/摘要包含合成、制备、表征、测试或实验-理论联合研究信息，按实验论文归类；其中计算部分视作机理支持。
E0085,Experimental,Fe; Pt,carbon/other support,hydrogen evolution reaction,Strong Electronic Interaction of Amorphous Fe 2 O 3 Nanosheets with Single‐Atom Pt toward Enhanced Carbon Monoxide Oxidation,Advanced Functional Materials,2019,Wiley,10.1002/adfm.201904278,https://doi.org/10.1002/adfm.201904278,https://onlinelibrary.wiley.com/doi/pdfdirect/10.1002/adfm.201904278,download_failed: HTTPError,,"本文关注 Fe, Pt 单原子位点在 carbon/other support 等载体上的催化行为，主要应用于hydrogen evolution reaction。 文章以材料制备、结构表征和催化性能测试为核心，通常结合谱学/显微表征确认单原子分散。 摘要要点：Abstract Platinum‐based catalysts are critical to several chemical processes, but their efficiency is not satisfying enough in some cases, because only the surface active‐site atoms participate in the reaction. Henceforth, catalysts with single‐atom dispersion",题名/摘要包含合成、制备、表征、测试或实验-理论联合研究信息，按实验论文归类；其中计算部分视作机理支持。
E0086,Experimental,Pd,carbon nitride,oxygen reduction reaction,Tailoring Nitrogen‐Doped Carbons as Hosts for Single‐Atom Catalysts,ChemCatChem,2019,Wiley,10.1002/cctc.201900547,https://doi.org/10.1002/cctc.201900547,,no_open_pdf_in_metadata,,本文关注 Pd 单原子位点在 carbon nitride 等载体上的催化行为，主要应用于oxygen reduction reaction。 文章以材料制备、结构表征和催化性能测试为核心，通常结合谱学/显微表征确认单原子分散。 摘要要点：Abstract The application of nitrogen‐doped carbons (NDCs) as host materials for single‐atom catalysts (SACs) is increasing because of the strong binding affinity of the heteroatom with transition metals. Establishment of the relation between the properties of,题名/摘要包含合成、制备、表征、测试或实验-理论联合研究信息，按实验论文归类；其中计算部分视作机理支持。
E0087,Experimental,Pd; Ir; Pt; Au,N-doped carbon,hydrogen evolution reaction,The simplest construction of single-site catalysts by the synergism of micropore trapping and nitrogen anchoring,Nature Communications,2019,Nature Portfolio,10.1038/s41467-019-09596-x,https://doi.org/10.1038/s41467-019-09596-x,https://www.nature.com/articles/s41467-019-09596-x.pdf,open_url_not_pdf,,"本文关注 Pd, Ir, Pt, Au 单原子位点在 N-doped carbon 等载体上的催化行为，主要应用于hydrogen evolution reaction。 文章以材料制备、结构表征和催化性能测试为核心，通常结合谱学/显微表征确认单原子分散。 摘要要点：Abstract Single-site catalysts feature high catalytic activity but their facile construction and durable utilization are highly challenging. Herein, we report a simple impregnation-adsorption method to construct platinum single-site catalysts by synergic micro",题名/摘要包含合成、制备、表征、测试或实验-理论联合研究信息，按实验论文归类；其中计算部分视作机理支持。
E0088,Experimental,Pt,graphene,hydrogen evolution reaction,Thermal Emitting Strategy to Synthesize Atomically Dispersed Pt Metal Sites from Bulk Pt Metal,Journal of the American Chemical Society,2019,American Chemical Society,10.1021/jacs.8b09834,https://doi.org/10.1021/jacs.8b09834,,no_open_pdf_in_metadata,,"本文关注 Pt 单原子位点在 graphene 等载体上的催化行为，主要应用于hydrogen evolution reaction。 文章以材料制备、结构表征和催化性能测试为核心，通常结合谱学/显微表征确认单原子分散。 摘要要点：Developing a facile route to access active and well-defined single atom sites catalysts has been a major area of focus for single atoms catalysts (SACs). Herein, we demonstrate a simple approach to generate atomically dispersed platinum via a thermal emitting",题名/摘要包含合成、制备、表征、测试或实验-理论联合研究信息，按实验论文归类；其中计算部分视作机理支持。
E0089,Experimental,Ti; Pt,carbon/other support,hydrogen evolution reaction,TiO 2 -supported Pt single atoms by surface organometallic chemistry for photocatalytic hydrogen evolution,Physical Chemistry Chemical Physics,2019,Royal Society of Chemistry,10.1039/c9cp04470a,https://doi.org/10.1039/c9cp04470a,https://pubs.rsc.org/en/content/articlepdf/2019/cp/c9cp04470a,downloaded_open_access_pdf,Experimental/Ti/pdfs/E0089_TiO_2_-supported_Pt_single_atoms_by_surface_organometallic_chemistry_for_photocatalytic_hy.pdf,"本文关注 Ti, Pt 单原子位点在 carbon/other support 等载体上的催化行为，主要应用于hydrogen evolution reaction。 文章以材料制备、结构表征和催化性能测试为核心，通常结合谱学/显微表征确认单原子分散。 摘要要点：O under dark conditions, compared to the photocatalyst prepared by impregnation at the same Pt loading. However, single Pt atoms on this surface also rapidly coalesce into nanoparticles under photocatalytic conditions. It is also found that adsorption of CO ga",题名/摘要包含合成、制备、表征、测试或实验-理论联合研究信息，按实验论文归类；其中计算部分视作机理支持。
E0090,Experimental,Fe,N-doped graphene,oxygen reduction reaction,Transition Metal Atoms Embedded in Graphene: How Nitrogen Doping Increases CO Oxidation Activity,ACS Catalysis,2019,American Chemical Society,10.1021/acscatal.9b01944,https://doi.org/10.1021/acscatal.9b01944,,no_open_pdf_in_metadata,,"本文关注 Fe 单原子位点在 N-doped graphene 等载体上的催化行为，主要应用于oxygen reduction reaction。 文章以材料制备、结构表征和催化性能测试为核心，通常结合谱学/显微表征确认单原子分散。 摘要要点：We study 14 transition metals on pristine and N-doped graphene using density functional theory. For double vacancies, nitrogen doping increases the binding strength of harder transition metals to the support and reduces their oxygen affinity. Inversely, the ox",题名/摘要包含合成、制备、表征、测试或实验-理论联合研究信息，按实验论文归类；其中计算部分视作机理支持。
E0091,Experimental,Pd,carbon nitride,hydrogen evolution reaction,Tunability and Scalability of Single-Atom Catalysts Based on Carbon Nitride,ACS Sustainable Chemistry & Engineering,2019,American Chemical Society,10.1021/acssuschemeng.8b06148,https://doi.org/10.1021/acssuschemeng.8b06148,,no_open_pdf_in_metadata,,"本文关注 Pd 单原子位点在 carbon nitride 等载体上的催化行为，主要应用于hydrogen evolution reaction。 文章以材料制备、结构表征和催化性能测试为核心，通常结合谱学/显微表征确认单原子分散。 摘要要点：Carbon nitrides are promising hosts for single-atom catalysts (SACs) based on small amounts of precious metals dispersed as isolated atoms, presenting tantalizing opportunities to reduce the cost and for higher efficiency as compared to traditional nanoparticl",识别到合成、表征、电化学/催化测试或 operando/in situ 等实验关键词；若含 DFT，则视作实验论文的机理支持。
E0092,Experimental,Mixed_or_unclear,carbon nitride,nitrogen reduction/ammonia synthesis,Visible light driven efficient metal free single atom catalyst supported on nanoporous carbon nitride for nitrogen fixation,Physical Chemistry Chemical Physics,2019,Royal Society of Chemistry,10.1039/c9cp00997c,https://doi.org/10.1039/c9cp00997c,,no_open_pdf_in_metadata,,"本文关注 Mixed_or_unclear 单原子位点在 carbon nitride 等载体上的催化行为，主要应用于nitrogen reduction/ammonia synthesis。 文章以材料制备、结构表征和催化性能测试为核心，通常结合谱学/显微表征确认单原子分散。 摘要要点：The production of ammonia (NH 3 ), an important carbon-free chemical, through nitrogen (N 2 ) fixation under mild conditions, is one of the most challenging and attractive chemical processes for industrial applications.",识别到合成、表征、电化学/催化测试或 operando/in situ 等实验关键词；若含 DFT，则视作实验论文的机理支持。
E0093,Experimental,Mn,carbon nitride,CO2 reduction/conversion,A Mn-N3 single-atom catalyst embedded in graphitic carbon nitride for efficient CO2 electroreduction,Nature Communications,2020,Nature Portfolio,10.1038/s41467-020-18143-y,https://doi.org/10.1038/s41467-020-18143-y,https://www.nature.com/articles/s41467-020-18143-y.pdf,open_url_not_pdf,,"本文关注 Mn 单原子位点在 carbon nitride 等载体上的催化行为，主要应用于CO2 reduction/conversion。 文章以材料制备、结构表征和催化性能测试为核心，通常结合谱学/显微表征确认单原子分散。 摘要要点：Abstract Developing effective catalysts based on earth abundant elements is critical for CO 2 electroreduction. However, simultaneously achieving a high Faradaic efficiency (FE) and high current density of CO ( j CO ) remains a challenge. Herein, we prepare a",题名/摘要包含合成、制备、表征、测试或实验-理论联合研究信息，按实验论文归类；其中计算部分视作机理支持。
E0094,Experimental,Ti,graphene oxide,hydrogen evolution reaction,A Novel Single‐Atom Electrocatalyst Ti 1 /rGO for Efficient Cathodic Reduction in Hybrid Photovoltaics,Advanced Materials,2020,,10.1002/adma.202000478,https://doi.org/10.1002/adma.202000478,,no_open_pdf_in_metadata,,"本文关注 Ti 单原子位点在 graphene oxide 等载体上的催化行为，主要应用于hydrogen evolution reaction。 文章以材料制备、结构表征和催化性能测试为核心，通常结合谱学/显微表征确认单原子分散。 摘要要点：Abstract Single‐atom catalysts (SACs) are a frontier research topic in the catalysis community. Carbon materials decorated with atomically dispersed Ti are theoretically predicted with many attractive applications. However, such material has not been achieved",题名/摘要包含合成、制备、表征、测试或实验-理论联合研究信息，按实验论文归类；其中计算部分视作机理支持。
E0095,Experimental,Mixed_or_unclear,N-doped graphene,catalysis,A general method to construct single-atom catalysts supported on N-doped graphene for energy applications,Journal of Materials Chemistry A,2020,Royal Society of Chemistry,10.1039/c9ta11715f,https://doi.org/10.1039/c9ta11715f,,no_open_pdf_in_metadata,,本文关注 Mixed_or_unclear 单原子位点在 N-doped graphene 等载体上的催化行为，主要应用于catalysis。 文章以材料制备、结构表征和催化性能测试为核心，通常结合谱学/显微表征确认单原子分散。 摘要要点：Single atom catalysts (SACs) with atomically dispersed catalytic sites have shown great promise for energy related chemical reactions.,识别到合成、表征、电化学/催化测试或 operando/in situ 等实验关键词；若含 DFT，则视作实验论文的机理支持。
E0096,Experimental,Fe; Co; Ni,graphene oxide,oxygen reduction reaction,Atomic Filtration by Graphene Oxide Membranes to Access Atomically Dispersed Single Atom Catalysts,ACS Catalysis,2020,American Chemical Society,10.1021/acscatal.0c02203,https://doi.org/10.1021/acscatal.0c02203,,no_open_pdf_in_metadata,,"本文关注 Fe, Co, Ni 单原子位点在 graphene oxide 等载体上的催化行为，主要应用于oxygen reduction reaction。 文章以材料制备、结构表征和催化性能测试为核心，通常结合谱学/显微表征确认单原子分散。 摘要要点：Single atom catalysts (SACs) as a kind of bright star catalyst have attracted great attention, constituting a series of intriguing properties for catalytic reactions. Herein, a simple and ingenious strategy is developed for the fabrication of SACs via atomic f",题名/摘要包含合成、制备、表征、测试或实验-理论联合研究信息，按实验论文归类；其中计算部分视作机理支持。
E0097,Experimental,Pt,carbon/other support,oxygen reduction reaction,Atomic Level Dispersed Metal–Nitrogen–Carbon Catalyst toward Oxygen Reduction Reaction: Synthesis Strategies and Chemical Environmental Regulation,Energy & environment materials,2020,Wiley,10.1002/eem2.12085,https://doi.org/10.1002/eem2.12085,https://onlinelibrary.wiley.com/doi/pdfdirect/10.1002/eem2.12085,download_failed: HTTPError,,"本文关注 Pt 单原子位点在 carbon/other support 等载体上的催化行为，主要应用于oxygen reduction reaction。 文章以材料制备、结构表征和催化性能测试为核心，通常结合谱学/显微表征确认单原子分散。 摘要要点：For development and application of proton exchange membrane fuel cell (PEMFC) energy transformation technology, the cost performance must be elevated for the catalyst. At present, compared with noble metal‐based catalysts, such as Pt‐based catalysts, atomicall",题名/摘要包含合成、制备、表征、测试或实验-理论联合研究信息，按实验论文归类；其中计算部分视作机理支持。
E0098,Experimental,Fe,graphene,CO2 reduction/conversion,Atomically Dispersed Iron–Nitrogen Sites on Hierarchically Mesoporous Carbon Nanotube and Graphene Nanoribbon Networks for CO 2 Reduction,ACS Nano,2020,American Chemical Society,10.1021/acsnano.9b09658,https://doi.org/10.1021/acsnano.9b09658,,no_open_pdf_in_metadata,,"本文关注 Fe 单原子位点在 graphene 等载体上的催化行为，主要应用于CO2 reduction/conversion。 文章以材料制备、结构表征和催化性能测试为核心，通常结合谱学/显微表征确认单原子分散。 摘要要点：at a low overpotential of 650 mV, making it one of the most active M-N/C catalysts reported. This work presents an effective strategy to fabricate advanced atomistic catalysts and highlights the key roles of support architecture in single-atom electrocatalysis",识别到合成、表征、电化学/催化测试或 operando/in situ 等实验关键词；若含 DFT，则视作实验论文的机理支持。
E0099,Experimental,Mn,carbon/other support,oxygen reduction reaction,Atomically Dispersed MnN 4 Catalysts via Environmentally Benign Aqueous Synthesis for Oxygen Reduction: Mechanistic Understanding of Activity and Stability Improvements,ACS Catalysis,2020,American Chemical Society,10.1021/acscatal.0c02490,https://doi.org/10.1021/acscatal.0c02490,https://www.osti.gov/servlets/purl/1873082,downloaded_open_access_pdf,Experimental/Mn/pdfs/E0099_Atomically_Dispersed_MnN_4_Catalysts_via_Environmentally_Benign_Aqueous_Synthesis_for_Oxyg.pdf,本文关注 Mn 单原子位点在 carbon/other support 等载体上的催化行为，主要应用于oxygen reduction reaction。 文章以材料制备、结构表征和催化性能测试为核心，通常结合谱学/显微表征确认单原子分散。 摘要要点：Development of platinum group metal (PGM)-free and iron-free catalysts for the kinetically sluggish oxygen reduction reaction (ORR) is crucial for proton-exchange membrane fuel cells. A major challenge is their insufficient performance and durability in the me,题名/摘要包含合成、制备、表征、测试或实验-理论联合研究信息，按实验论文归类；其中计算部分视作机理支持。
E0100,Experimental,Ni,carbon/other support,CO2 reduction/conversion,Atomically Dispersed Nickel(I) on an Alloy‐Encapsulated Nitrogen‐Doped Carbon Nanotube Array for High‐Performance Electrochemical CO 2 Reduction Reaction,Angewandte Chemie International Edition,2020,Wiley,10.1002/anie.202002984,https://doi.org/10.1002/anie.202002984,,no_open_pdf_in_metadata,,"本文关注 Ni 单原子位点在 carbon/other support 等载体上的催化行为，主要应用于CO2 reduction/conversion。 文章以材料制备、结构表征和催化性能测试为核心，通常结合谱学/显微表征确认单原子分散。 摘要要点：Abstract Single‐atom catalysts (SACs) show great promise for electrochemical CO 2 reduction reaction (CRR), but the low density of active sites and the poor electrical conduction and mass transport of the single‐atom electrode greatly limit their performance.",题名/摘要包含合成、制备、表征、测试或实验-理论联合研究信息，按实验论文归类；其中计算部分视作机理支持。
E0101,Experimental,Ni,carbon/other support,CO2 reduction/conversion,Atomically Dispersed Nickel(I) on an Alloy‐Encapsulated Nitrogen‐Doped Carbon Nanotube Array for High‐Performance Electrochemical CO 2 Reduction Reaction,Angewandte Chemie,2020,Wiley,10.1002/ange.202002984,https://doi.org/10.1002/ange.202002984,,no_open_pdf_in_metadata,,"本文关注 Ni 单原子位点在 carbon/other support 等载体上的催化行为，主要应用于CO2 reduction/conversion。 文章以材料制备、结构表征和催化性能测试为核心，通常结合谱学/显微表征确认单原子分散。 摘要要点：Abstract Single‐atom catalysts (SACs) show great promise for electrochemical CO 2 reduction reaction (CRR), but the low density of active sites and the poor electrical conduction and mass transport of the single‐atom electrode greatly limit their performance.",题名/摘要包含合成、制备、表征、测试或实验-理论联合研究信息，按实验论文归类；其中计算部分视作机理支持。
E0102,Experimental,Ni,carbon/other support,hydrogen evolution reaction,Atomically Dispersed Single Ni Site Catalysts for Nitrogen Reduction toward Electrochemical Ammonia Synthesis Using N 2 and H 2 O,Small Methods,2020,Wiley,10.1002/smtd.201900821,https://doi.org/10.1002/smtd.201900821,https://www.osti.gov/servlets/purl/1712715,downloaded_open_access_pdf,Experimental/Ni/pdfs/E0102_Atomically_Dispersed_Single_Ni_Site_Catalysts_for_Nitrogen_Reduction_toward_Electrochemica.pdf,"本文关注 Ni 单原子位点在 carbon/other support 等载体上的催化行为，主要应用于hydrogen evolution reaction。 文章以材料制备、结构表征和催化性能测试为核心，通常结合谱学/显微表征确认单原子分散。 摘要要点：Abstract Ammonia (NH 3 ) electrosynthesis gains significant attention as NH 3 is essentially important for fertilizer production and fuel utilization. However, electrochemical nitrogen reduction reaction (NRR) remains a great challenge because of low activity",识别到合成、表征、电化学/催化测试或 operando/in situ 等实验关键词；若含 DFT，则视作实验论文的机理支持。
E0103,Experimental,Pt,carbon/other support,hydrogen evolution reaction,Atomically dispersed Pt–N4 sites as efficient and selective electrocatalysts for the chlorine evolution reaction,Nature Communications,2020,Nature Portfolio,10.1038/s41467-019-14272-1,https://doi.org/10.1038/s41467-019-14272-1,https://www.nature.com/articles/s41467-019-14272-1.pdf,open_url_not_pdf,,"本文关注 Pt 单原子位点在 carbon/other support 等载体上的催化行为，主要应用于hydrogen evolution reaction。 文章以材料制备、结构表征和催化性能测试为核心，通常结合谱学/显微表征确认单原子分散。 摘要要点：Abstract Chlorine evolution reaction (CER) is a critical anode reaction in chlor-alkali electrolysis. Although precious metal-based mixed metal oxides (MMOs) have been widely used as CER catalysts, they suffer from the concomitant generation of oxygen during t",题名/摘要包含合成、制备、表征、测试或实验-理论联合研究信息，按实验论文归类；其中计算部分视作机理支持。
E0104,Experimental,Co,N-doped carbon,oxygen reduction reaction,Atomically dispersed cobalt catalyst anchored on nitrogen-doped carbon nanosheets for lithium-oxygen batteries,Nature Communications,2020,Nature Portfolio,10.1038/s41467-020-15416-4,https://doi.org/10.1038/s41467-020-15416-4,https://www.nature.com/articles/s41467-020-15416-4.pdf,open_url_not_pdf,,"本文关注 Co 单原子位点在 N-doped carbon 等载体上的催化行为，主要应用于oxygen reduction reaction。 文章以材料制备、结构表征和催化性能测试为核心，通常结合谱学/显微表征确认单原子分散。 摘要要点：Abstract Developing single-site catalysts featuring maximum atom utilization efficiency is urgently desired to improve oxidation-reduction efficiency and cycling capability of lithium-oxygen batteries. Here, we report a green method to synthesize isolated coba",题名/摘要包含合成、制备、表征、测试或实验-理论联合研究信息，按实验论文归类；其中计算部分视作机理支持。
E0105,Experimental,Pd,carbon/other support,hydrogen evolution reaction,Atomically dispersed palladium catalyses Suzuki–Miyaura reactions under phosphine-free conditions,Communications Chemistry,2020,Nature Portfolio,10.1038/s42004-020-0289-y,https://doi.org/10.1038/s42004-020-0289-y,https://www.nature.com/articles/s42004-020-0289-y.pdf,open_url_not_pdf,,"本文关注 Pd 单原子位点在 carbon/other support 等载体上的催化行为，主要应用于hydrogen evolution reaction。 文章以材料制备、结构表征和催化性能测试为核心，通常结合谱学/显微表征确认单原子分散。 摘要要点：Abstract Single-atom catalysts have emerged as a new frontier in catalysis science. However, their applications are still limited to small molecule activations in the gas phase, the classic organic transformations catalyzed by single-atom catalysts are still r",题名/摘要包含合成、制备、表征、测试或实验-理论联合研究信息，按实验论文归类；其中计算部分视作机理支持。
E0106,Experimental,Fe; Co; Ni,graphene oxide,oxygen reduction reaction,Bifunctional Single Atom Electrocatalysts: Coordination–Performance Correlations and Reaction Pathways,ACS Nano,2020,American Chemical Society,10.1021/acsnano.0c05088,https://doi.org/10.1021/acsnano.0c05088,,no_open_pdf_in_metadata,,"本文关注 Fe, Co, Ni 单原子位点在 graphene oxide 等载体上的催化行为，主要应用于oxygen reduction reaction。 文章以材料制备、结构表征和催化性能测试为核心，通常结合谱学/显微表征确认单原子分散。 摘要要点：Single atom catalysts (SACs) are ideal model systems in catalysis research. Here we employ SACs to address the fundamental catalytic challenge of generating well-defined active metal centers to elucidate their interactions with coordinating atoms, which define",题名/摘要包含合成、制备、表征、测试或实验-理论联合研究信息，按实验论文归类；其中计算部分视作机理支持。
E0107,Experimental,Pd; Pt,carbon/other support,hydrogen evolution reaction,Carbon Monoxide Promotes the Catalytic Hydrogenation on Metal Cluster Catalysts,Research,2020,American Association for the Advancement of Science,10.34133/2020/4172794,https://doi.org/10.34133/2020/4172794,https://downloads.spj.sciencemag.org/research/2020/4172794.pdf,download_failed: HTTPError,,"本文关注 Pd, Pt 单原子位点在 carbon/other support 等载体上的催化行为，主要应用于hydrogen evolution reaction。 文章以材料制备、结构表征和催化性能测试为核心，通常结合谱学/显微表征确认单原子分散。 摘要要点：Size effect plays a crucial role in catalytic hydrogenation. The highly dispersed ultrasmall clusters with a limited number of metal atoms are one candidate of the next generation catalysts that bridge the single-atom metal catalysts and metal nanoparticles. H",题名/摘要包含合成、制备、表征、测试或实验-理论联合研究信息，按实验论文归类；其中计算部分视作机理支持。
E0108,Experimental,Cu,carbon nitride,CO2 reduction/conversion,Carbon Nitride-Based Single-Atom Cu Catalysts for Highly Efficient Carboxylation of Alkynes with Atmospheric CO 2,Industrial & Engineering Chemistry Research,2020,American Chemical Society,10.1021/acs.iecr.0c00547,https://doi.org/10.1021/acs.iecr.0c00547,,no_open_pdf_in_metadata,,"本文关注 Cu 单原子位点在 carbon nitride 等载体上的催化行为，主要应用于CO2 reduction/conversion。 文章以材料制备、结构表征和催化性能测试为核心，通常结合谱学/显微表征确认单原子分散。 摘要要点：Single-atom metal catalysts (SAMCs) have high catalytic activity, but mass production of SAMCs with high metal loading remains challenging. In this work, a two-step and one-pot strategy is presented to prepare mesoporous carbon nitride (CN)-based Cu single-ato",题名/摘要包含合成、制备、表征、测试或实验-理论联合研究信息，按实验论文归类；其中计算部分视作机理支持。
E0109,Experimental,Ni,carbon/other support,CO2 reduction/conversion,Carbon dioxide electroreduction on single-atom nickel decorated carbon membranes with industry compatible current densities,Nature Communications,2020,Nature Portfolio,10.1038/s41467-020-14402-0,https://doi.org/10.1038/s41467-020-14402-0,https://www.nature.com/articles/s41467-020-14402-0.pdf,open_url_not_pdf,,"本文关注 Ni 单原子位点在 carbon/other support 等载体上的催化行为，主要应用于CO2 reduction/conversion。 文章以材料制备、结构表征和催化性能测试为核心，通常结合谱学/显微表征确认单原子分散。 摘要要点：Abstract Carbon dioxide electroreduction provides a useful source of carbon monoxide, but comparatively few catalysts could be sustained at current densities of industry level. Herein, we construct a high-yield, flexible and self-supported single-atom nickel-d",题名/摘要包含合成、制备、表征、测试或实验-理论联合研究信息，按实验论文归类；其中计算部分视作机理支持。
E0110,Experimental,Fe; Ni; Pd; Pt,N-doped graphene,catalysis,Constructing High-Loading Single-Atom/Cluster Catalysts via an Electrochemical Potential Window Strategy,Journal of the American Chemical Society,2020,American Chemical Society,10.1021/jacs.9b06808,https://doi.org/10.1021/jacs.9b06808,,no_open_pdf_in_metadata,,"本文关注 Fe, Ni, Pd, Pt 单原子位点在 N-doped graphene 等载体上的催化行为，主要应用于catalysis。 文章以材料制备、结构表征和催化性能测试为核心，通常结合谱学/显微表征确认单原子分散。 摘要要点：Single-atom catalysts (SACs) and single-cluster catalysts (SCCs) are the new frontier of heterogeneous catalysis, which exhibit high activity, selectivity, stability, and atomic efficiency as well as precise tunability. However, the lack of efficient methods f",识别到合成、表征、电化学/催化测试或 operando/in situ 等实验关键词；若含 DFT，则视作实验论文的机理支持。
E0111,Experimental,Ni,graphene,CO2 reduction/conversion,Controlled One‐pot Synthesis of Nickel Single Atoms Embedded in Carbon Nanotube and Graphene Supports with High Loading,ChemNanoMat,2020,Wiley,10.1002/cnma.202000223,https://doi.org/10.1002/cnma.202000223,https://onlinelibrary.wiley.com/doi/pdfdirect/10.1002/cnma.202000223,download_failed: HTTPError,,"本文关注 Ni 单原子位点在 graphene 等载体上的催化行为，主要应用于CO2 reduction/conversion。 文章以材料制备、结构表征和催化性能测试为核心，通常结合谱学/显微表征确认单原子分散。 摘要要点：Abstract Single‐atom catalysts (SACs) have attracted much attentions due to the advantages of high catalysis efficiency and selectivity. However, the controllable and efficient synthesis of SACs remains a significant challenge. Herein, we report a controlled o",题名/摘要包含合成、制备、表征、测试或实验-理论联合研究信息，按实验论文归类；其中计算部分视作机理支持。
E0112,Experimental,Ni,graphene,CO2 reduction/conversion,Cover Feature: Controlled One‐pot Synthesis of Nickel Single Atoms Embedded in Carbon Nanotube and Graphene Supports with High Loading (ChemNanoMat 7/2020),ChemNanoMat,2020,Wiley,10.1002/cnma.202000288,https://doi.org/10.1002/cnma.202000288,https://onlinelibrary.wiley.com/doi/pdfdirect/10.1002/cnma.202000288,download_failed: HTTPError,,"本文关注 Ni 单原子位点在 graphene 等载体上的催化行为，主要应用于CO2 reduction/conversion。 文章以材料制备、结构表征和催化性能测试为核心，通常结合谱学/显微表征确认单原子分散。 摘要要点：The cover feature shows the controllable synthesis of nickel single atoms embedded in nitrogen-doped carbon nanotubes (NiSA−N-CNT) and graphene (NiSA−N-G). Addition of citric acid introduces amorphous carbon on the layered g-C3N4-Ni and, after annealing under",题名/摘要包含合成、制备、表征、测试或实验-理论联合研究信息，按实验论文归类；其中计算部分视作机理支持。
E0113,Experimental,V,graphene,hydrogen evolution reaction,"Density Functional Theory Study of Single-Atom V, Nb, and Ta Catalysts on Graphene and Carbon Nitride for Selective Nitrogen Reduction",ACS Applied Nano Materials,2020,American Chemical Society,10.1021/acsanm.0c00512,https://doi.org/10.1021/acsanm.0c00512,,no_open_pdf_in_metadata,,"本文关注 V 单原子位点在 graphene 等载体上的催化行为，主要应用于hydrogen evolution reaction。 文章以材料制备、结构表征和催化性能测试为核心，通常结合谱学/显微表征确认单原子分散。 摘要要点：Electrocatalytic nitrogen fixation using single-atom catalysts (SACs) offers a promising strategy for the sustainable production of NH3. On the basis of density functional theory, we systematically explored the potential for N2 electroreduction of single-atom",题名/摘要包含合成、制备、表征、测试或实验-理论联合研究信息，按实验论文归类；其中计算部分视作机理支持。
E0114,Experimental,Co; Ni; Cu,carbon nitride,CO2 reduction/conversion,Descriptor-Based Design Principle for Two-Dimensional Single-Atom Catalysts: Carbon Dioxide Electroreduction,The Journal of Physical Chemistry Letters,2020,American Chemical Society,10.1021/acs.jpclett.0c00676,https://doi.org/10.1021/acs.jpclett.0c00676,,no_open_pdf_in_metadata,,"本文关注 Co, Ni, Cu 单原子位点在 carbon nitride 等载体上的催化行为，主要应用于CO2 reduction/conversion。 文章以材料制备、结构表征和催化性能测试为核心，通常结合谱学/显微表征确认单原子分散。 摘要要点：Single-atom catalysis has recently emerged as a promising approach for catalyzing the carbon dioxide reduction reaction (CO2RR). In this study, we present a principle for designing active single-atom catalysts (SACs) for CO2RR. We systematically examine totall",题名/摘要包含合成、制备、表征、测试或实验-理论联合研究信息，按实验论文归类；其中计算部分视作机理支持。
E0115,Experimental,V; Rh; Ir,N-doped graphene,hydrogen evolution reaction,Descriptors for Hydrogen Evolution on Single Atom Catalysts in Nitrogen-Doped Graphene,The Journal of Physical Chemistry C,2020,American Chemical Society,10.1021/acs.jpcc.0c04432,https://doi.org/10.1021/acs.jpcc.0c04432,,no_open_pdf_in_metadata,,"本文关注 V, Rh, Ir 单原子位点在 N-doped graphene 等载体上的催化行为，主要应用于hydrogen evolution reaction。 文章以材料制备、结构表征和催化性能测试为核心，通常结合谱学/显微表征确认单原子分散。 摘要要点：Single-atom catalysts (SACs) are a new research frontier in electrocatalysis such as in the hydrogen evolution reaction (HER). Recent theoretical and experimental studies have demonstrated that certain M–N–C (metal–nitrogen–carbon) based SACs exhibit excellent",题名/摘要包含合成、制备、表征、测试或实验-理论联合研究信息，按实验论文归类；其中计算部分视作机理支持。
E0116,Experimental,Fe,graphene,oxygen reduction reaction,Designed Iron Single Atom Catalysts for Highly Efficient Oxygen Reduction Reaction in Alkaline and Acid Media,Advanced Materials Interfaces,2020,Wiley,10.1002/admi.202001788,https://doi.org/10.1002/admi.202001788,,no_open_pdf_in_metadata,,"本文关注 Fe 单原子位点在 graphene 等载体上的催化行为，主要应用于oxygen reduction reaction。 文章以材料制备、结构表征和催化性能测试为核心，通常结合谱学/显微表征确认单原子分散。 摘要要点：Abstract Single atom catalysts (SACs) have attracted much attentions due to their advantages of high catalysis efficiency and excellent selectivity. However, for industrial applications, synthesis of SACs in large and practical quantities is very important. Th",题名/摘要包含合成、制备、表征、测试或实验-理论联合研究信息，按实验论文归类；其中计算部分视作机理支持。
E0117,Experimental,Ir,carbon/other support,oxygen evolution reaction,Dynamic active-site generation of atomic iridium stabilized on nanoporous metal phosphides for water oxidation,Nature Communications,2020,Nature Portfolio,10.1038/s41467-020-16558-1,https://doi.org/10.1038/s41467-020-16558-1,https://www.nature.com/articles/s41467-020-16558-1.pdf,open_url_not_pdf,,"本文关注 Ir 单原子位点在 carbon/other support 等载体上的催化行为，主要应用于oxygen evolution reaction。 文章以材料制备、结构表征和催化性能测试为核心，通常结合谱学/显微表征确认单原子分散。 摘要要点：Abstract Designing efficient single-atom catalysts (SACs) for oxygen evolution reaction (OER) is critical for water-splitting. However, the self-reconstruction of isolated active sites during OER not only influences the catalytic activity, but also limits the",题名/摘要包含合成、制备、表征、测试或实验-理论联合研究信息，按实验论文归类；其中计算部分视作机理支持。
E0118,Experimental,Ni; Mo,MoS2,hydrogen evolution reaction,Dynamic evolution and reversibility of single-atom Ni(II) active site in 1T-MoS2 electrocatalysts for hydrogen evolution,Nature Communications,2020,Nature Portfolio,10.1038/s41467-020-17904-z,https://doi.org/10.1038/s41467-020-17904-z,https://www.nature.com/articles/s41467-020-17904-z.pdf,open_url_not_pdf,,"本文关注 Ni, Mo 单原子位点在 MoS2 等载体上的催化行为，主要应用于hydrogen evolution reaction。 文章以材料制备、结构表征和催化性能测试为核心，通常结合谱学/显微表征确认单原子分散。 摘要要点：Abstract 1T-MoS 2 and single-atom modified analogues represent a highly promising class of low-cost catalysts for hydrogen evolution reaction (HER). However, the role of single atoms, either as active species or promoters, remains vague despite its essentialit",题名/摘要包含合成、制备、表征、测试或实验-理论联合研究信息，按实验论文归类；其中计算部分视作机理支持。
E0119,Experimental,Ni,carbon nitride,hydrogen evolution reaction,Electron Configuration Modulation of Nickel Single Atoms for Elevated Photocatalytic Hydrogen Evolution,Angewandte Chemie International Edition,2020,Wiley,10.1002/anie.201914565,https://doi.org/10.1002/anie.201914565,,no_open_pdf_in_metadata,,"本文关注 Ni 单原子位点在 carbon nitride 等载体上的催化行为，主要应用于hydrogen evolution reaction。 文章以材料制备、结构表征和催化性能测试为核心，通常结合谱学/显微表征确认单原子分散。 摘要要点：Abstract The emerging metal single‐atom catalyst has aroused extensive attention in multiple fields, such as clean energy, environmental protection, and biomedicine. Unfortunately, though it has been shown to be highly active, the origins of the activity of th",识别到合成、表征、电化学/催化测试或 operando/in situ 等实验关键词；若含 DFT，则视作实验论文的机理支持。
E0120,Experimental,Ni,carbon nitride,hydrogen evolution reaction,Electron Configuration Modulation of Nickel Single Atoms for Elevated Photocatalytic Hydrogen Evolution,Angewandte Chemie,2020,Wiley,10.1002/ange.201914565,https://doi.org/10.1002/ange.201914565,,no_open_pdf_in_metadata,,"本文关注 Ni 单原子位点在 carbon nitride 等载体上的催化行为，主要应用于hydrogen evolution reaction。 文章以材料制备、结构表征和催化性能测试为核心，通常结合谱学/显微表征确认单原子分散。 摘要要点：Abstract The emerging metal single‐atom catalyst has aroused extensive attention in multiple fields, such as clean energy, environmental protection, and biomedicine. Unfortunately, though it has been shown to be highly active, the origins of the activity of th",识别到合成、表征、电化学/催化测试或 operando/in situ 等实验关键词；若含 DFT，则视作实验论文的机理支持。
E0121,Experimental,Fe; Co; Ni; W; Sn; Bi; In,graphene,CO2 reduction/conversion,Emerging Materials for Energy Catalysis,Advanced Energy Materials,2020,Wiley,10.1002/aenm.202000484,https://doi.org/10.1002/aenm.202000484,https://onlinelibrary.wiley.com/doi/pdfdirect/10.1002/aenm.202000484,download_failed: HTTPError,,"本文关注 Fe, Co, Ni, W, Sn, Bi, In 单原子位点在 graphene 等载体上的催化行为，主要应用于CO2 reduction/conversion。 文章以材料制备、结构表征和催化性能测试为核心，通常结合谱学/显微表征确认单原子分散。 摘要要点：Renewable energy and green chemicals/solar fuels production are substantially important for the sustainable development of our society. Tremendous achievements have been made in developing sustainable energy conversion and storage devices such as fuel cells, b",题名/摘要包含合成、制备、表征、测试或实验-理论联合研究信息，按实验论文归类；其中计算部分视作机理支持。
E0122,Experimental,Pt,N-doped carbon,oxygen reduction reaction,Engineering the Low Coordinated Pt Single Atom to Achieve the Superior Electrocatalytic Performance toward Oxygen Reduction,Small,2020,Wiley,10.1002/smll.202003096,https://doi.org/10.1002/smll.202003096,,no_open_pdf_in_metadata,,"本文关注 Pt 单原子位点在 N-doped carbon 等载体上的催化行为，主要应用于oxygen reduction reaction。 文章以材料制备、结构表征和催化性能测试为核心，通常结合谱学/显微表征确认单原子分散。 摘要要点：Configuring metal single-atom catalysts (SACs) with high electrocatalytic activity and stability is one efficient strategy in achieving the cost-competitive catalyst for fuel cells' applications. Herein, the atomic layer deposition (ALD) strategy for synthesis",题名/摘要包含合成、制备、表征、测试或实验-理论联合研究信息，按实验论文归类；其中计算部分视作机理支持。
E0123,Experimental,Cu,carbon/other support,oxygen reduction reaction,Engineering unsymmetrically coordinated Cu-S1N3 single atom sites with enhanced oxygen reduction activity,Nature Communications,2020,Nature Portfolio,10.1038/s41467-020-16848-8,https://doi.org/10.1038/s41467-020-16848-8,https://www.nature.com/articles/s41467-020-16848-8.pdf,open_url_not_pdf,,"本文关注 Cu 单原子位点在 carbon/other support 等载体上的催化行为，主要应用于oxygen reduction reaction。 文章以材料制备、结构表征和催化性能测试为核心，通常结合谱学/显微表征确认单原子分散。 摘要要点：Abstract Atomic interface regulation is thought to be an efficient method to adjust the performance of single atom catalysts. Herein, a practical strategy was reported to rationally design single copper atoms coordinated with both sulfur and nitrogen atoms in",题名/摘要包含合成、制备、表征、测试或实验-理论联合研究信息，按实验论文归类；其中计算部分视作机理支持。
E0124,Experimental,Pd,N-doped carbon,hydrogen evolution reaction,Entropy-stabilized single-atom Pd catalysts via high-entropy fluorite oxide supports,Nature Communications,2020,Nature Portfolio,10.1038/s41467-020-17738-9,https://doi.org/10.1038/s41467-020-17738-9,https://www.nature.com/articles/s41467-020-17738-9.pdf,open_url_not_pdf,,"本文关注 Pd 单原子位点在 N-doped carbon 等载体上的催化行为，主要应用于hydrogen evolution reaction。 文章以材料制备、结构表征和催化性能测试为核心，通常结合谱学/显微表征确认单原子分散。 摘要要点：Abstract Single-atom catalysts (SACs) have attracted considerable attention in the catalysis community. However, fabricating intrinsically stable SACs on traditional supports (N-doped carbon, metal oxides, etc.) remains a formidable challenge, especially under",题名/摘要包含合成、制备、表征、测试或实验-理论联合研究信息，按实验论文归类；其中计算部分视作机理支持。
E0125,Experimental,Mixed_or_unclear,carbon nitride,oxygen reduction reaction,Functional carbon nitride materials for water oxidation: from heteroatom doping to interface engineering,Nanoscale,2020,Royal Society of Chemistry,10.1039/d0nr00652a,https://doi.org/10.1039/d0nr00652a,,no_open_pdf_in_metadata,,"本文关注 Mixed_or_unclear 单原子位点在 carbon nitride 等载体上的催化行为，主要应用于oxygen reduction reaction。 文章以材料制备、结构表征和催化性能测试为核心，通常结合谱学/显微表征确认单原子分散。 摘要要点：Polymeric carbon nitrides (PCNs) are promising photocatalysts and electrocatalysts for water oxidation, as they are environmentally benign materials with an adjustable structure and facilely synthesized from inexpensive and abundant starting materials. In this",题名/摘要包含合成、制备、表征、测试或实验-理论联合研究信息，按实验论文归类；其中计算部分视作机理支持。
E0126,Experimental,Mixed_or_unclear,carbon/other support,CO2 reduction/conversion,Fundamentals of Electrochemical CO 2 Reduction on Single-Metal-Atom Catalysts,ACS Catalysis,2020,American Chemical Society,10.1021/acscatal.0c02643,https://doi.org/10.1021/acscatal.0c02643,http://qspace.library.queensu.ca/bitstreams/d3d3be4e-6428-4e0b-a59f-7fd3b670e841/download,downloaded_open_access_pdf,Experimental/Mixed_or_unclear/pdfs/E0126_Fundamentals_of_Electrochemical_CO_2_Reduction_on_Single-Metal-Atom_Catalysts.pdf,"本文关注 Mixed_or_unclear 单原子位点在 carbon/other support 等载体上的催化行为，主要应用于CO2 reduction/conversion。 文章以材料制备、结构表征和催化性能测试为核心，通常结合谱学/显微表征确认单原子分散。 摘要要点：Electrochemical carbon dioxide (CO2) reduction powered by renewable electricity offers a path to produce valuable products from CO2—an earth-scale human waste—and to store intermittent renewable energy in the form of chemical fuels. Recently, single metal atom",识别到合成、表征、电化学/催化测试或 operando/in situ 等实验关键词；若含 DFT，则视作实验论文的机理支持。
E0127,Experimental,Fe,N-doped carbon,oxygen reduction reaction,Graphitic phosphorus coordinated single Fe atoms for hydrogenative transformations,Nature Communications,2020,Nature Portfolio,10.1038/s41467-020-17903-0,https://doi.org/10.1038/s41467-020-17903-0,https://www.nature.com/articles/s41467-020-17903-0.pdf,open_url_not_pdf,,"本文关注 Fe 单原子位点在 N-doped carbon 等载体上的催化行为，主要应用于oxygen reduction reaction。 文章以材料制备、结构表征和催化性能测试为核心，通常结合谱学/显微表征确认单原子分散。 摘要要点：Single-atom metal-nitrogen-carbon (M-N-C) catalysts have sparked intensive interests, however, the development of an atomically dispersed metal-phosphorus-carbon (M-P-C) catalyst has not been achieved, although molecular metal-phosphine complexes have found tr",识别到合成、表征、电化学/催化测试或 operando/in situ 等实验关键词；若含 DFT，则视作实验论文的机理支持。
E0128,Experimental,Rh; Ce,carbon/other support,hydrogen evolution reaction,High-efficiency direct methane conversion to oxygenates on a cerium dioxide nanowires supported rhodium single-atom catalyst,Nature Communications,2020,Nature Portfolio,10.1038/s41467-020-14742-x,https://doi.org/10.1038/s41467-020-14742-x,https://www.nature.com/articles/s41467-020-14742-x.pdf,open_url_not_pdf,,"本文关注 Rh, Ce 单原子位点在 carbon/other support 等载体上的催化行为，主要应用于hydrogen evolution reaction。 文章以材料制备、结构表征和催化性能测试为核心，通常结合谱学/显微表征确认单原子分散。 摘要要点：Abstract Direct methane conversion (DMC) to high value-added products is of significant importance for the effective utilization of CH 4 to combat the energy crisis. However, there are ongoing challenges in DMC associated with the selective C−H activation of C",题名/摘要包含合成、制备、表征、测试或实验-理论联合研究信息，按实验论文归类；其中计算部分视作机理支持。
E0129,Experimental,Co,carbon/other support,catalysis,High-power lithium–selenium batteries enabled by atomic cobalt electrocatalyst in hollow carbon cathode,Nature Communications,2020,Nature Portfolio,10.1038/s41467-020-18820-y,https://doi.org/10.1038/s41467-020-18820-y,https://www.nature.com/articles/s41467-020-18820-y.pdf,open_url_not_pdf,,"本文关注 Co 单原子位点在 carbon/other support 等载体上的催化行为，主要应用于catalysis。 文章以材料制备、结构表征和催化性能测试为核心，通常结合谱学/显微表征确认单原子分散。 摘要要点：Abstract Selenium cathodes have attracted considerable attention due to high electronic conductivity and volumetric capacity comparable to sulphur cathodes. However, practical development of lithium-selenium batteries has been hindered by the low selenium reac",题名/摘要包含合成、制备、表征、测试或实验-理论联合研究信息，按实验论文归类；其中计算部分视作机理支持。
E0130,Experimental,Co,N-doped carbon,hydrogenation,Highly Efficient Hydrogenation of Nitroarenes by N-Doped Carbon-Supported Cobalt Single-Atom Catalyst in Ethanol/Water Mixed Solvent,ACS Applied Materials & Interfaces,2020,American Chemical Society,10.1021/acsami.0c06632,https://doi.org/10.1021/acsami.0c06632,,no_open_pdf_in_metadata,,本文关注 Co 单原子位点在 N-doped carbon 等载体上的催化行为，主要应用于hydrogenation。 文章以材料制备、结构表征和催化性能测试为核心，通常结合谱学/显微表征确认单原子分散。 摘要要点：and the aniline selectivity was increased from 62.8 to 99.1%. Combining experimental results and density functional theory (DFT) calculations evidenced that the promoting effect of water addition was attributed to its differentiating ability in the competitive,题名/摘要包含合成、制备、表征、测试或实验-理论联合研究信息，按实验论文归类；其中计算部分视作机理支持。
E0131,Experimental,Fe,graphene,oxygen reduction reaction,Impact of Active Site Density on Oxygen Reduction Reactions Using Monodispersed Fe–N–C Single-Atom Catalysts,ACS Applied Materials & Interfaces,2020,American Chemical Society,10.1021/acsami.0c01206,https://doi.org/10.1021/acsami.0c01206,,no_open_pdf_in_metadata,,"本文关注 Fe 单原子位点在 graphene 等载体上的催化行为，主要应用于oxygen reduction reaction。 文章以材料制备、结构表征和催化性能测试为核心，通常结合谱学/显微表征确认单原子分散。 摘要要点：Exploring the impact of active site density on catalytic reactions is crucial for reaching a more comprehensive understanding of how single-atom catalysts work. Utilizing density functional theory calculations, we have systematically investigated the neighbori",题名/摘要包含合成、制备、表征、测试或实验-理论联合研究信息，按实验论文归类；其中计算部分视作机理支持。
E0132,Experimental,W,carbon nitride,hydrogen evolution reaction,In Situ Formation of Arrays of Tungsten Single Atoms within Carbon Nitride Frameworks Fabricated by One-Step Synthesis through Monomer Complexation,Chemistry of Materials,2020,American Chemical Society,10.1021/acs.chemmater.0c03616,https://doi.org/10.1021/acs.chemmater.0c03616,https://hdl.handle.net/21.11116/0000-0009-962D-C,download_failed: URLError,,"本文关注 W 单原子位点在 carbon nitride 等载体上的催化行为，主要应用于hydrogen evolution reaction。 文章以材料制备、结构表征和催化性能测试为核心，通常结合谱学/显微表征确认单原子分散。 摘要要点：Deposition of stable single atoms on supports is a hot topic, especially for catalysis, and single atom deposition in nitrogen-framed pores of carbon and carbon nitrides is indeed the most successful. The polymeric semiconductor graphitic carbon nitride (g-CN)",题名/摘要包含合成、制备、表征、测试或实验-理论联合研究信息，按实验论文归类；其中计算部分视作机理支持。
E0133,Experimental,Mixed_or_unclear,N-doped carbon,CO2 reduction/conversion,Insight into atomically dispersed porous M–N–C single-site catalysts for electrochemical CO 2 reduction,Nanoscale,2020,Royal Society of Chemistry,10.1039/d0nr03044a,https://doi.org/10.1039/d0nr03044a,,no_open_pdf_in_metadata,,本文关注 Mixed_or_unclear 单原子位点在 N-doped carbon 等载体上的催化行为，主要应用于CO2 reduction/conversion。 文章以材料制备、结构表征和催化性能测试为核心，通常结合谱学/显微表征确认单原子分散。 摘要要点：Various 3d transition metal single-atom catalysts supported on N-doped carbon black have been synthesized as alternative low-cost catalysts for electrochemical CO 2 reduction with superior activity and stability.,题名/摘要包含合成、制备、表征、测试或实验-理论联合研究信息，按实验论文归类；其中计算部分视作机理支持。
E0134,Experimental,Mn; Fe; Co; Ni; Cu,N-doped carbon,hydrogen evolution reaction,Integration of Metal Single Atoms on Hierarchical Porous Nitrogen-Doped Carbon for Highly Efficient Hydrogenation of Large-Sized Molecules in the Pharmaceutical Industry,ACS Applied Materials & Interfaces,2020,American Chemical Society,10.1021/acsami.0c03452,https://doi.org/10.1021/acsami.0c03452,,no_open_pdf_in_metadata,,"本文关注 Mn, Fe, Co, Ni, Cu 单原子位点在 N-doped carbon 等载体上的催化行为，主要应用于hydrogen evolution reaction。 文章以材料制备、结构表征和催化性能测试为核心，通常结合谱学/显微表征确认单原子分散。 摘要要点：Single-atom catalysts (SACs) often exhibit superior activity and selectivity in heterogeneous catalysis because of their maximized atom utilization and unique coordination environments. However, most reported studies about SACs in heterogeneous catalysis focus",题名/摘要包含合成、制备、表征、测试或实验-理论联合研究信息，按实验论文归类；其中计算部分视作机理支持。
E0135,Experimental,Mixed_or_unclear,N-doped graphene,CO2 reduction/conversion,Isolated Single Atoms Anchored on N-Doped Carbon Materials as a Highly Efficient Catalyst for Electrochemical and Organic Reactions,ACS Sustainable Chemistry & Engineering,2020,American Chemical Society,10.1021/acssuschemeng.0c04324,https://doi.org/10.1021/acssuschemeng.0c04324,,no_open_pdf_in_metadata,,"本文关注 Mixed_or_unclear 单原子位点在 N-doped graphene 等载体上的催化行为，主要应用于CO2 reduction/conversion。 文章以材料制备、结构表征和催化性能测试为核心，通常结合谱学/显微表征确认单原子分散。 摘要要点：Single-atom catalysts (SACs) with atomic dispersion and coordinated unsaturated active sites have sparked gigantic attention, focusing on high activity, selectivity, atom utilization, and a unique metal–support coordination environment. However, isolated singl",识别到合成、表征、电化学/催化测试或 operando/in situ 等实验关键词；若含 DFT，则视作实验论文的机理支持。
E0136,Experimental,Cu,graphene,oxygen reduction reaction,Microwave-Enabled Incorporation of Single Atomic Cu Catalytic Sites in Holey Graphene: Unifying Structural Requirements of a Carbon Matrix for Simultaneous Achievement of High Activity and Long-Term Durability,ACS Applied Energy Materials,2020,American Chemical Society,10.1021/acsaem.0c00704,https://doi.org/10.1021/acsaem.0c00704,,no_open_pdf_in_metadata,,本文关注 Cu 单原子位点在 graphene 等载体上的催化行为，主要应用于oxygen reduction reaction。 文章以材料制备、结构表征和催化性能测试为核心，通常结合谱学/显微表征确认单原子分散。 摘要要点：This work reports our discoveries from the first exploration in microwave pyrolysis of a metal–organic framework. A time- and energy-efficient approach was developed for direct fabrication of electrochemical single-atom catalysts (E-SACs) without the requireme,题名/摘要包含合成、制备、表征、测试或实验-理论联合研究信息，按实验论文归类；其中计算部分视作机理支持。
E0137,Experimental,V; Fe; Co; Zn; Ru; Ir; Pt,carbon/other support,oxygen reduction reaction,Multilayer stabilization for fabricating high-loading single-atom catalysts,Nature Communications,2020,Nature Portfolio,10.1038/s41467-020-19599-8,https://doi.org/10.1038/s41467-020-19599-8,https://www.nature.com/articles/s41467-020-19599-8.pdf,open_url_not_pdf,,"本文关注 V, Fe, Co, Zn, Ru, Ir, Pt 单原子位点在 carbon/other support 等载体上的催化行为，主要应用于oxygen reduction reaction。 文章以材料制备、结构表征和催化性能测试为核心，通常结合谱学/显微表征确认单原子分散。 摘要要点：Abstract Metal single-atom catalysts (M-SACs) have emerged as an attractive concept for promoting heterogeneous reactions, but the synthesis of high-loading M-SACs remains a challenge. Here, we report a multilayer stabilization strategy for constructing M-SACs",题名/摘要包含合成、制备、表征、测试或实验-理论联合研究信息，按实验论文归类；其中计算部分视作机理支持。
E0138,Experimental,Fe,carbon/other support,oxygen reduction reaction,Nanocasting SiO2 into metal–organic frameworks imparts dual protection to high-loading Fe single-atom electrocatalysts,Nature Communications,2020,Nature Portfolio,10.1038/s41467-020-16715-6,https://doi.org/10.1038/s41467-020-16715-6,https://www.nature.com/articles/s41467-020-16715-6.pdf,open_url_not_pdf,,"本文关注 Fe 单原子位点在 carbon/other support 等载体上的催化行为，主要应用于oxygen reduction reaction。 文章以材料制备、结构表征和催化性能测试为核心，通常结合谱学/显微表征确认单原子分散。 摘要要点：Abstract Single-atom catalysts (SACs) have sparked broad interest recently while the low metal loading poses a big challenge for further applications. Herein, a dual protection strategy has been developed to give high-content SACs by nanocasting SiO 2 into por",题名/摘要包含合成、制备、表征、测试或实验-理论联合研究信息，按实验论文归类；其中计算部分视作机理支持。
E0139,Experimental,Co; Pt,N-doped carbon,oxygen reduction reaction,Oxygen Reduction Reaction Catalyzed by Carbon-Supported Platinum Few-Atom Clusters: Significant Enhancement by Doping of Atomic Cobalt,Research,2020,American Association for the Advancement of Science,10.34133/2020/9167829,https://doi.org/10.34133/2020/9167829,https://downloads.spj.sciencemag.org/research/2020/9167829.pdf,download_failed: HTTPError,,"本文关注 Co, Pt 单原子位点在 N-doped carbon 等载体上的催化行为，主要应用于oxygen reduction reaction。 文章以材料制备、结构表征和催化性能测试为核心，通常结合谱学/显微表征确认单原子分散。 摘要要点：Oxygen reduction reaction (ORR) plays an important role in dictating the performance of various electrochemical energy technologies. As platinum nanoparticles have served as the catalysts of choice towards ORR, minimizing the cost of the catalysts by diminishi",识别到合成、表征、电化学/催化测试或 operando/in situ 等实验关键词；若含 DFT，则视作实验论文的机理支持。
E0140,Experimental,Cu,N-doped graphene,oxygen reduction reaction,Oxygen-Reconstituted Active Species of Single-Atom Cu Catalysts for Oxygen Reduction Reaction,Research,2020,American Association for the Advancement of Science,10.34133/2020/7593023,https://doi.org/10.34133/2020/7593023,https://downloads.spj.sciencemag.org/research/2020/7593023.pdf,download_failed: HTTPError,,"本文关注 Cu 单原子位点在 N-doped graphene 等载体上的催化行为，主要应用于oxygen reduction reaction。 文章以材料制备、结构表征和催化性能测试为核心，通常结合谱学/显微表征确认单原子分散。 摘要要点：Identification of an active center of catalysts under realistic working conditions of oxygen reduction reaction (ORR) still remains a great challenge and unclear. Herein, we synthesize the Cu single atom embedded on nitrogen-doped graphene-like matrix electroc",识别到合成、表征、电化学/催化测试或 operando/in situ 等实验关键词；若含 DFT，则视作实验论文的机理支持。
E0141,Experimental,Fe,graphene,CO2 reduction/conversion,Pore-Edge Tailoring of Single-Atom Iron–Nitrogen Sites on Graphene for Enhanced CO 2 Reduction,ACS Catalysis,2020,American Chemical Society,10.1021/acscatal.0c02499,https://doi.org/10.1021/acscatal.0c02499,,no_open_pdf_in_metadata,,"本文关注 Fe 单原子位点在 graphene 等载体上的催化行为，主要应用于CO2 reduction/conversion。 文章以材料制备、结构表征和催化性能测试为核心，通常结合谱学/显微表征确认单原子分散。 摘要要点：Hosting atomically dispersed nitrogen-coordinated iron sites (Fe-N4) on graphene offers unique opportunities for driving electrochemical CO2 reduction reaction (CO2RR) to CO. However, the strong adsorption of *CO on the Fe-N4 site embedded in intact graphene l",题名/摘要包含合成、制备、表征、测试或实验-理论联合研究信息，按实验论文归类；其中计算部分视作机理支持。
E0142,Experimental,Mo; Ga,graphene,oxygen reduction reaction,Prediction of Highly Selective Electrocatalytic Nitrogen Reduction at Low Overpotential on a Mo-Doped g-GaN Monolayer,ACS Catalysis,2020,American Chemical Society,10.1021/acscatal.0c03140,https://doi.org/10.1021/acscatal.0c03140,,no_open_pdf_in_metadata,,"本文关注 Mo, Ga 单原子位点在 graphene 等载体上的催化行为，主要应用于oxygen reduction reaction。 文章以材料制备、结构表征和催化性能测试为核心，通常结合谱学/显微表征确认单原子分散。 摘要要点：Identifying efficient electrocatalysts with low overpotential and high selectivity for producing ammonia from nitrogen gas is essential for any future electrocatalytic nitrogen reduction reaction (NRR)-based ammonia synthesis. Via density functional theory cal",题名/摘要包含合成、制备、表征、测试或实验-理论联合研究信息，按实验论文归类；其中计算部分视作机理支持。
E0143,Experimental,Fe; Zn; Pt,carbon/other support,oxygen reduction reaction,Preparation of Nonprecious Metal Electrocatalysts for the Reduction of Oxygen Using a Low-Temperature Sacrificial Metal,Journal of the American Chemical Society,2020,American Chemical Society,10.1021/jacs.9b11061,https://doi.org/10.1021/jacs.9b11061,,no_open_pdf_in_metadata,,"本文关注 Fe, Zn, Pt 单原子位点在 carbon/other support 等载体上的催化行为，主要应用于oxygen reduction reaction。 文章以材料制备、结构表征和催化性能测试为核心，通常结合谱学/显微表征确认单原子分散。 摘要要点：Non-platinum group metal (non-PGM) electrocatalysts for the oxygen reduction reaction (ORR) are generally composed of iron, nitrogen, and carbon synthesized through high-temperature pyrolysis. Among the various types of precursors, metal-organic frameworks (MO",题名/摘要包含合成、制备、表征、测试或实验-理论联合研究信息，按实验论文归类；其中计算部分视作机理支持。
E0144,Experimental,Co; Pt,carbon/other support,CO2 reduction/conversion,Probing the active site in single-atom oxygen reduction catalysts via operando X-ray and electrochemical spectroscopy,Nature Communications,2020,Nature Portfolio,10.1038/s41467-020-17975-y,https://doi.org/10.1038/s41467-020-17975-y,https://www.nature.com/articles/s41467-020-17975-y.pdf,open_url_not_pdf,,"本文关注 Co, Pt 单原子位点在 carbon/other support 等载体上的催化行为，主要应用于CO2 reduction/conversion。 文章以材料制备、结构表征和催化性能测试为核心，通常结合谱学/显微表征确认单原子分散。 摘要要点：Abstract Nonnoble metal catalysts are low-cost alternatives to Pt for the oxygen reduction reactions (ORRs), which have been studied for various applications in electrocatalytic systems. Among them, transition metal complexes, characterized by a redox-active s",题名/摘要包含合成、制备、表征、测试或实验-理论联合研究信息，按实验论文归类；其中计算部分视作机理支持。
E0145,Experimental,Pt,carbon nitride,hydrogen evolution reaction,Proton-assisted electron transfer and hydrogen-atom diffusion in a model system for photocatalytic hydrogen production,Communications Materials,2020,Nature Portfolio,10.1038/s43246-020-00068-0,https://doi.org/10.1038/s43246-020-00068-0,https://www.nature.com/articles/s43246-020-00068-0.pdf,open_url_not_pdf,,"本文关注 Pt 单原子位点在 carbon nitride 等载体上的催化行为，主要应用于hydrogen evolution reaction。 文章以材料制备、结构表征和催化性能测试为核心，通常结合谱学/显微表征确认单原子分散。 摘要要点：Abstract Solar energy can be converted into chemical energy by photocatalytic water splitting to produce molecular hydrogen. Details of the photo-induced reaction mechanism occurring on the surface of a semiconductor are not fully understood, however. Herein,",题名/摘要包含合成、制备、表征、测试或实验-理论联合研究信息，按实验论文归类；其中计算部分视作机理支持。
E0146,Experimental,Pt,N-doped carbon,catalysis,Pt single-atoms supported on nitrogen-doped carbon dots for highly efficient photocatalytic hydrogen generation,Journal of Materials Chemistry A,2020,Royal Society of Chemistry,10.1039/d0ta04431h,https://doi.org/10.1039/d0ta04431h,https://pubs.rsc.org/en/content/articlepdf/2020/ta/d0ta04431h,downloaded_open_access_pdf,Experimental/Pt/pdfs/E0146_Pt_single-atoms_supported_on_nitrogen-doped_carbon_dots_for_highly_efficient_photocatalyti.pdf,本文关注 Pt 单原子位点在 N-doped carbon 等载体上的催化行为，主要应用于catalysis。 文章以材料制备、结构表征和催化性能测试为核心，通常结合谱学/显微表征确认单原子分散。 摘要要点：Pt single-atom catalysts prepared via photo-deposition on nitrogen-doped carbon dots exhibit high activity and stability towards photocatalytic H 2 production.,题名/摘要包含合成、制备、表征、测试或实验-理论联合研究信息，按实验论文归类；其中计算部分视作机理支持。
E0147,Experimental,Pt,carbon/other support,catalysis,Pt-Ligand single-atom catalysts: tuning activity by oxide support defect density,Catalysis Science & Technology,2020,Royal Society of Chemistry,10.1039/c9cy02594d,https://doi.org/10.1039/c9cy02594d,https://www.osti.gov/servlets/purl/1616793,downloaded_open_access_pdf,Experimental/Pt/pdfs/E0147_Pt-Ligand_single-atom_catalysts_tuning_activity_by_oxide_support_defect_density.pdf,本文关注 Pt 单原子位点在 carbon/other support 等载体上的催化行为，主要应用于catalysis。 文章以材料制备、结构表征和催化性能测试为核心，通常结合谱学/显微表征确认单原子分散。 摘要要点：Metal–ligand coordination stabilizes single atom Pt on pristine and defective TiO 2 supports to impact local coordination and catalytic hydrosilylation activity.,识别到合成、表征、电化学/催化测试或 operando/in situ 等实验关键词；若含 DFT，则视作实验论文的机理支持。
E0148,Experimental,Co,graphene,CO2 reduction/conversion,Rational Design of Single Atomic Co in CoN x Moieties on Graphene Matrix as an Ultra‐Highly Efficient Active Site for Oxygen Reduction Reaction,ChemNanoMat,2020,Wiley,10.1002/cnma.201900597,https://doi.org/10.1002/cnma.201900597,,no_open_pdf_in_metadata,,"本文关注 Co 单原子位点在 graphene 等载体上的催化行为，主要应用于CO2 reduction/conversion。 文章以材料制备、结构表征和催化性能测试为核心，通常结合谱学/显微表征确认单原子分散。 摘要要点：Abstract The sharp increase in current energy consumption needs the development of fuel cells (FCs) as one of sustainable, renewable, efficient and eco‐friendly electrochemical conversion systems of energy. The performance of electrocatalysts is crucially impo",题名/摘要包含合成、制备、表征、测试或实验-理论联合研究信息，按实验论文归类；其中计算部分视作机理支持。
E0149,Experimental,Ti; V,graphene,oxygen reduction reaction,Realizing a Not-Strong-Not-Weak Polarization Electric Field in Single-Atom Catalysts Sandwiched by Boron Nitride and Graphene Sheets for Efficient Nitrogen Fixation,Journal of the American Chemical Society,2020,American Chemical Society,10.1021/jacs.0c09527,https://doi.org/10.1021/jacs.0c09527,,no_open_pdf_in_metadata,,"本文关注 Ti, V 单原子位点在 graphene 等载体上的催化行为，主要应用于oxygen reduction reaction。 文章以材料制备、结构表征和催化性能测试为核心，通常结合谱学/显微表征确认单原子分散。 摘要要点：Developing efficient single-atom catalysts (SACs) for nitrogen fixation is of great importance while remaining a great challenge. The lack of an effective strategy to control the polarization electric field of SACs limits their activity and selectivity. Here,",题名/摘要包含合成、制备、表征、测试或实验-理论联合研究信息，按实验论文归类；其中计算部分视作机理支持。
E0150,Experimental,Mixed_or_unclear,carbon nitride,catalysis,Recent Advances in Graphitic Carbon Nitride Supported Single‐Atom Catalysts for Energy Conversion,ChemCatChem,2020,Wiley,10.1002/cctc.202001517,https://doi.org/10.1002/cctc.202001517,,no_open_pdf_in_metadata,,"本文关注 Mixed_or_unclear 单原子位点在 carbon nitride 等载体上的催化行为，主要应用于catalysis。 文章以材料制备、结构表征和催化性能测试为核心，通常结合谱学/显微表征确认单原子分散。 摘要要点：Abstract Single‐atom catalysts are one of the most energetic frontier research fields of catalysis, which exhibit distinctive performance for diverse chemical reactions due to the unique coordination environment, high atomic utilization, high activity and sele",题名/摘要包含合成、制备、表征、测试或实验-理论联合研究信息，按实验论文归类；其中计算部分视作机理支持。
E0151,Experimental,Mixed_or_unclear,graphene,CO2 reduction/conversion,Recent Developments on the Single Atom Supported at 2D Materials Beyond Graphene as Catalysts,ACS Catalysis,2020,American Chemical Society,10.1021/acscatal.0c02388,https://doi.org/10.1021/acscatal.0c02388,,no_open_pdf_in_metadata,,"本文关注 Mixed_or_unclear 单原子位点在 graphene 等载体上的催化行为，主要应用于CO2 reduction/conversion。 文章以材料制备、结构表征和催化性能测试为核心，通常结合谱学/显微表征确认单原子分散。 摘要要点：Two-dimensional (2D) layered materials have proven to be crucial platforms for anchored individual and isolated metal atoms acting as active single atom catalysts (SACs). Therefore, an accurate location of single atoms is essential for understanding the reacti",识别到合成、表征、电化学/催化测试或 operando/in situ 等实验关键词；若含 DFT，则视作实验论文的机理支持。
E0152,Experimental,Pd; Pt; Au,N-doped carbon,hydrogen evolution reaction,Recover the activity of sintered supported catalysts by nitrogen-doped carbon atomization,Nature Communications,2020,Nature Portfolio,10.1038/s41467-019-14223-w,https://doi.org/10.1038/s41467-019-14223-w,https://www.nature.com/articles/s41467-019-14223-w.pdf,open_url_not_pdf,,"本文关注 Pd, Pt, Au 单原子位点在 N-doped carbon 等载体上的催化行为，主要应用于hydrogen evolution reaction。 文章以材料制备、结构表征和催化性能测试为核心，通常结合谱学/显微表征确认单原子分散。 摘要要点：The sintering of supported metal nanoparticles is a major route to the deactivation of industrial heterogeneous catalysts, which largely increase the cost and decrease the productivity. Here, we discover that supported palladium/gold/platinum nanoparticles dis",识别到合成、表征、电化学/催化测试或 operando/in situ 等实验关键词；若含 DFT，则视作实验论文的机理支持。
E0153,Experimental,Fe,graphene oxide,CO2 reduction/conversion,Room-Temperature Synthesis of Single Iron Site by Electrofiltration for Photoreduction of CO 2 into Tunable Syngas,ACS Nano,2020,American Chemical Society,10.1021/acsnano.0c02162,https://doi.org/10.1021/acsnano.0c02162,,no_open_pdf_in_metadata,,"本文关注 Fe 单原子位点在 graphene oxide 等载体上的催化行为，主要应用于CO2 reduction/conversion。 文章以材料制备、结构表征和催化性能测试为核心，通常结合谱学/显微表征确认单原子分散。 摘要要点：Developing a convenient and effective method to prepare single-atom catalysts at mild synthetic conditions remains a challenging task. Herein, a voltage-gauged electrofiltration method was demonstrated to synthesize single-atom site catalysts at room temperatu",题名/摘要包含合成、制备、表征、测试或实验-理论联合研究信息，按实验论文归类；其中计算部分视作机理支持。
E0154,Experimental,Cu,carbon/other support,CO2 reduction/conversion,Selective electroreduction of CO2 to acetone by single copper atoms anchored on N-doped porous carbon,Nature Communications,2020,Nature Portfolio,10.1038/s41467-020-16381-8,https://doi.org/10.1038/s41467-020-16381-8,https://www.nature.com/articles/s41467-020-16381-8.pdf,open_url_not_pdf,,"本文关注 Cu 单原子位点在 carbon/other support 等载体上的催化行为，主要应用于CO2 reduction/conversion。 文章以材料制备、结构表征和催化性能测试为核心，通常结合谱学/显微表征确认单原子分散。 摘要要点：Abstract Efficient electroreduction of CO 2 to multi-carbon products is a challenging reaction because of the high energy barriers for CO 2 activation and C–C coupling, which can be tuned by designing the metal centers and coordination environments of catalyst",题名/摘要包含合成、制备、表征、测试或实验-理论联合研究信息，按实验论文归类；其中计算部分视作机理支持。
E0155,Experimental,Ag,carbon nitride,oxygen reduction reaction,Silver Single Atom in Carbon Nitride Catalyst for Highly Efficient Photocatalytic Hydrogen Evolution,Angewandte Chemie International Edition,2020,Wiley,10.1002/anie.202011495,https://doi.org/10.1002/anie.202011495,,no_open_pdf_in_metadata,,"本文关注 Ag 单原子位点在 carbon nitride 等载体上的催化行为，主要应用于oxygen reduction reaction。 文章以材料制备、结构表征和催化性能测试为核心，通常结合谱学/显微表征确认单原子分散。 摘要要点：Abstract Single atom catalysts (SACs) with the maximized metal atom efficiency have sparked great attention. However, it is challenging to obtain SACs with high metal loading, high catalytic activity, and good stability. Herein, we demonstrate a new strategy t",题名/摘要包含合成、制备、表征、测试或实验-理论联合研究信息，按实验论文归类；其中计算部分视作机理支持。
E0156,Experimental,Ag,carbon nitride,oxygen reduction reaction,Silver Single Atom in Carbon Nitride Catalyst for Highly Efficient Photocatalytic Hydrogen Evolution,Angewandte Chemie,2020,Wiley,10.1002/ange.202011495,https://doi.org/10.1002/ange.202011495,,no_open_pdf_in_metadata,,"本文关注 Ag 单原子位点在 carbon nitride 等载体上的催化行为，主要应用于oxygen reduction reaction。 文章以材料制备、结构表征和催化性能测试为核心，通常结合谱学/显微表征确认单原子分散。 摘要要点：Abstract Single atom catalysts (SACs) with the maximized metal atom efficiency have sparked great attention. However, it is challenging to obtain SACs with high metal loading, high catalytic activity, and good stability. Herein, we demonstrate a new strategy t",题名/摘要包含合成、制备、表征、测试或实验-理论联合研究信息，按实验论文归类；其中计算部分视作机理支持。
E0157,Experimental,Ru; Rh; Pt,carbon/other support,hydrogen evolution reaction,Simple and Scalable Mechanochemical Synthesis of Noble Metal Catalysts with Single Atoms toward Highly Efficient Hydrogen Evolution,Advanced Functional Materials,2020,Wiley,10.1002/adfm.202000531,https://doi.org/10.1002/adfm.202000531,,no_open_pdf_in_metadata,,"本文关注 Ru, Rh, Pt 单原子位点在 carbon/other support 等载体上的催化行为，主要应用于hydrogen evolution reaction。 文章以材料制备、结构表征和催化性能测试为核心，通常结合谱学/显微表征确认单原子分散。 摘要要点：Abstract Designing a facile strategy to access active and atomically dispersed metallic catalysts are highly challenging for single atom catalysts (SACs). Herein, a simple and fast approach is demonstrated to construct Pt catalysts with single atoms in large q",题名/摘要包含合成、制备、表征、测试或实验-理论联合研究信息，按实验论文归类；其中计算部分视作机理支持。
E0158,Experimental,Au,carbon nitride,CO2 reduction/conversion,Single Au Atoms Anchored on Amino‐Group‐Enriched Graphitic Carbon Nitride for Photocatalytic CO 2 Reduction,ChemSusChem,2020,Wiley,10.1002/cssc.202000375,https://doi.org/10.1002/cssc.202000375,,no_open_pdf_in_metadata,,"本文关注 Au 单原子位点在 carbon nitride 等载体上的催化行为，主要应用于CO2 reduction/conversion。 文章以材料制备、结构表征和催化性能测试为核心，通常结合谱学/显微表征确认单原子分散。 摘要要点：Abstract Owing to the maximum atom‐utilization efficiency and excellent catalytic properties, Au single‐atom catalysts (SACs) have been extensively studied in various catalytic systems. However, the performance of Au SACs in CO 2 reduction has seldom been inve",题名/摘要包含合成、制备、表征、测试或实验-理论联合研究信息，按实验论文归类；其中计算部分视作机理支持。
E0159,Experimental,Co,graphene,oxygen reduction reaction,Single-Atom Cobalt Catalysts for Electrocatalytic Hydrodechlorination and Oxygen Reduction Reaction for the Degradation of Chlorinated Organic Compounds,ACS Applied Materials & Interfaces,2020,American Chemical Society,10.1021/acsami.0c05159,https://doi.org/10.1021/acsami.0c05159,,no_open_pdf_in_metadata,,本文关注 Co 单原子位点在 graphene 等载体上的催化行为，主要应用于oxygen reduction reaction。 文章以材料制备、结构表征和催化性能测试为核心，通常结合谱学/显微表征确认单原子分散。 摘要要点：Electrochemical reduction–oxidation processes with the aid of cathode catalysts are promising technologies for the decomposition of organic compounds. High-efficiency and low-cost catalysts for electrochemical reductive dechlorination and two-electron oxygen r,识别到合成、表征、电化学/催化测试或 operando/in situ 等实验关键词；若含 DFT，则视作实验论文的机理支持。
E0160,Experimental,Fe,graphene,hydrogen evolution reaction,Single-Atom Enzyme-Functionalized Solution-Gated Graphene Transistor for Real-Time Detection of Mercury Ion,ACS Applied Materials & Interfaces,2020,American Chemical Society,10.1021/acsami.9b19434,https://doi.org/10.1021/acsami.9b19434,,no_open_pdf_in_metadata,,"本文关注 Fe 单原子位点在 graphene 等载体上的催化行为，主要应用于hydrogen evolution reaction。 文章以材料制备、结构表征和催化性能测试为核心，通常结合谱学/显微表征确认单原子分散。 摘要要点：Mercury ion (Hg2+), a bioaccumulating and toxic heavy metal, can cause severe damages to the environment and human health. Therefore, development of high-performance Hg2+ sensors is highly desirable. Herein, we construct a uniform dodecahedral shaped N-doped c",识别到合成、表征、电化学/催化测试或 operando/in situ 等实验关键词；若含 DFT，则视作实验论文的机理支持。
E0161,Experimental,Ni,carbon/other support,hydrogen evolution reaction,Single-atom Ni-N4 provides a robust cellular NO sensor,Nature Communications,2020,Nature Portfolio,10.1038/s41467-020-17018-6,https://doi.org/10.1038/s41467-020-17018-6,https://www.nature.com/articles/s41467-020-17018-6.pdf,open_url_not_pdf,,"本文关注 Ni 单原子位点在 carbon/other support 等载体上的催化行为，主要应用于hydrogen evolution reaction。 文章以材料制备、结构表征和催化性能测试为核心，通常结合谱学/显微表征确认单原子分散。 摘要要点：Nitric oxide (NO) has been implicated in a variety of physiological and pathological processes. Monitoring cellular levels of NO requires a sensor to feature adequate sensitivity, transient recording ability and biocompatibility. Herein we report a single-atom",题名/摘要包含合成、制备、表征、测试或实验-理论联合研究信息，按实验论文归类；其中计算部分视作机理支持。
E0162,Experimental,Au,carbon/other support,hydrogen evolution reaction,Stabilizing mechanism of single-atom catalysts on a defective carbon surface,npj Computational Materials,2020,Nature Portfolio,10.1038/s41524-020-0292-y,https://doi.org/10.1038/s41524-020-0292-y,https://www.nature.com/articles/s41524-020-0292-y.pdf,open_url_not_pdf,,"本文关注 Au 单原子位点在 carbon/other support 等载体上的催化行为，主要应用于hydrogen evolution reaction。 文章以材料制备、结构表征和催化性能测试为核心，通常结合谱学/显微表征确认单原子分散。 摘要要点：Abstract Single-atom (SA) catalysts represent the ultimate limit of atom use efficiency for catalysis. Promising experimental progress in synthesizing SA catalysts aside, the atomic-scale transformation mechanism from metal nanoparticles (NPs) to metal SAs and",题名/摘要包含合成、制备、表征、测试或实验-理论联合研究信息，按实验论文归类；其中计算部分视作机理支持。
E0163,Experimental,Fe,carbon/other support,hydrogen evolution reaction,Supported Single Fe Atoms Prepared via Atomic Layer Deposition for Catalytic Reactions,ACS Applied Nano Materials,2020,American Chemical Society,10.1021/acsanm.0c00146,https://doi.org/10.1021/acsanm.0c00146,,no_open_pdf_in_metadata,,"本文关注 Fe 单原子位点在 carbon/other support 等载体上的催化行为，主要应用于hydrogen evolution reaction。 文章以材料制备、结构表征和催化性能测试为核心，通常结合谱学/显微表征确认单原子分散。 摘要要点：In this work, we report a general strategy to synthesize Fe single-atom catalysts (SACs) on various substrates (e.g., multiwalled carbon nanotubes, SiO 2 , and TiO 2 ) with high Fe loading (>1.5 wt %) by atomic layer deposition (ALD) through optimization of fe",题名/摘要包含合成、制备、表征、测试或实验-理论联合研究信息，按实验论文归类；其中计算部分视作机理支持。
E0164,Experimental,Zn,carbon/other support,oxygen reduction reaction,Transition metal/carbon hybrids for oxygen electrocatalysis in rechargeable zinc‐air batteries,EcoMat,2020,Wiley,10.1002/eom2.12067,https://doi.org/10.1002/eom2.12067,https://onlinelibrary.wiley.com/doi/pdfdirect/10.1002/eom2.12067,download_failed: HTTPError,,"本文关注 Zn 单原子位点在 carbon/other support 等载体上的催化行为，主要应用于oxygen reduction reaction。 文章以材料制备、结构表征和催化性能测试为核心，通常结合谱学/显微表征确认单原子分散。 摘要要点：Abstract Zinc‐air batteries (ZABs) could be an ideal candidate for challenging energy conversion and storage technology. Usually, the crucial oxygen reduction reaction and oxygen evolution reaction are naturally lethargic and require efficient catalysts to kin",识别到合成、表征、电化学/催化测试或 operando/in situ 等实验关键词；若含 DFT，则视作实验论文的机理支持。
E0165,Experimental,Mixed_or_unclear,graphene,oxygen reduction reaction,Transition metal–N 4 embedded black phosphorus carbide as a high-performance bifunctional electrocatalyst for ORR/OER,Nanoscale,2020,Royal Society of Chemistry,10.1039/d0nr03339a,https://doi.org/10.1039/d0nr03339a,,no_open_pdf_in_metadata,,本文关注 Mixed_or_unclear 单原子位点在 graphene 等载体上的催化行为，主要应用于oxygen reduction reaction。 文章以材料制备、结构表征和催化性能测试为核心，通常结合谱学/显微表征确认单原子分散。 摘要要点：-graphene. Our study provides a systematical method for designing and developing high performance 2D material-based single atom catalysts (SACs) beyond graphene.,题名/摘要包含合成、制备、表征、测试或实验-理论联合研究信息，按实验论文归类；其中计算部分视作机理支持。
E0166,Experimental,Co; Pt,carbon/other support,oxygen reduction reaction,Tuning lithium-peroxide formation and decomposition routes with single-atom catalysts for lithium–oxygen batteries,Nature Communications,2020,Nature Portfolio,10.1038/s41467-020-15712-z,https://doi.org/10.1038/s41467-020-15712-z,https://www.nature.com/articles/s41467-020-15712-z.pdf,open_url_not_pdf,,"本文关注 Co, Pt 单原子位点在 carbon/other support 等载体上的催化行为，主要应用于oxygen reduction reaction。 文章以材料制备、结构表征和催化性能测试为核心，通常结合谱学/显微表征确认单原子分散。 摘要要点：Lithium-oxygen batteries with ultrahigh energy density have received considerable attention as of the future energy storage technologies. The development of effective electrocatalysts and a corresponding working mechanism during cycling are critically importan",题名/摘要包含合成、制备、表征、测试或实验-理论联合研究信息，按实验论文归类；其中计算部分视作机理支持。
E0167,Experimental,Mixed_or_unclear,graphene,oxygen reduction reaction,Turning main-group element magnesium into a highly active electrocatalyst for oxygen reduction reaction,Nature Communications,2020,Nature Portfolio,10.1038/s41467-020-14565-w,https://doi.org/10.1038/s41467-020-14565-w,https://www.nature.com/articles/s41467-020-14565-w.pdf,open_url_not_pdf,,"本文关注 Mixed_or_unclear 单原子位点在 graphene 等载体上的催化行为，主要应用于oxygen reduction reaction。 文章以材料制备、结构表征和催化性能测试为核心，通常结合谱学/显微表征确认单原子分散。 摘要要点：It is known that the main-group metals and their related materials show poor catalytic activity due to a broadened single resonance derived from the interaction of valence orbitals of adsorbates with the broad sp-band of main-group metals. However, Mg cofactor",题名/摘要包含合成、制备、表征、测试或实验-理论联合研究信息，按实验论文归类；其中计算部分视作机理支持。
E0168,Experimental,Pt,carbon/other support,hydrogen evolution reaction,Uncovering near-free platinum single-atom dynamics during electrochemical hydrogen evolution reaction,Nature Communications,2020,Nature Portfolio,10.1038/s41467-020-14848-2,https://doi.org/10.1038/s41467-020-14848-2,https://www.nature.com/articles/s41467-020-14848-2.pdf,open_url_not_pdf,,本文关注 Pt 单原子位点在 carbon/other support 等载体上的催化行为，主要应用于hydrogen evolution reaction。 文章以材料制备、结构表征和催化性能测试为核心，通常结合谱学/显微表征确认单原子分散。 摘要要点：Abstract Single-atom catalysts offering intriguing activity and selectivity are subject of intense investigation. Understanding the nature of single-atom active site and its dynamics under working state are crucial to improving their catalytic performances. He,题名/摘要包含合成、制备、表征、测试或实验-理论联合研究信息，按实验论文归类；其中计算部分视作机理支持。
E0169,Experimental,Zn,graphene,oxygen reduction reaction,Universal Approach to Fabricating Graphene-Supported Single-Atom Catalysts from Doped ZnO Solid Solutions,ACS Central Science,2020,American Chemical Society,10.1021/acscentsci.0c00458,https://doi.org/10.1021/acscentsci.0c00458,https://pubs.acs.org/doi/pdf/10.1021/acscentsci.0c00458,download_failed: HTTPError,,"本文关注 Zn 单原子位点在 graphene 等载体上的催化行为，主要应用于oxygen reduction reaction。 文章以材料制备、结构表征和催化性能测试为核心，通常结合谱学/显微表征确认单原子分散。 摘要要点：). Both experimental analyses and theoretical calculations reveal the oxygen reduction activity sequence of M-N-Grs. Additionally, the superior performance in Fe-N-Gr is mainly attributed to its unique electron structure, rich exposed active sites, and robust",识别到合成、表征、电化学/催化测试或 operando/in situ 等实验关键词；若含 DFT，则视作实验论文的机理支持。
E0170,Experimental,Mn; Fe,carbon/other support,oxygen reduction reaction,A MnO x enhanced atomically dispersed iron–nitrogen–carbon catalyst for the oxygen reduction reaction,Journal of Materials Chemistry A,2021,Royal Society of Chemistry,10.1039/d1ta07219f,https://doi.org/10.1039/d1ta07219f,https://pubs.rsc.org/en/content/articlepdf/2022/ta/d1ta07219f,downloaded_open_access_pdf,Experimental/Mn/pdfs/E0170_A_MnO_x_enhanced_atomically_dispersed_iron_nitrogen_carbon_catalyst_for_the_oxygen_reducti.pdf,"本文关注 Mn, Fe 单原子位点在 carbon/other support 等载体上的催化行为，主要应用于oxygen reduction reaction。 文章以材料制备、结构表征和催化性能测试为核心，通常结合谱学/显微表征确认单原子分散。 摘要要点：A MnO x -assisted strategy is proposed to improve the oxygen reduction activity and stability of Fe–N–C single-atom catalysts (SACs) by regulating the electron structure and reducing the side effects of the Fenton reaction.",识别到合成、表征、电化学/催化测试或 operando/in situ 等实验关键词；若含 DFT，则视作实验论文的机理支持。
E0171,Experimental,Fe; Mo,graphene,catalysis,A polyoxometalate cluster-based single-atom catalyst for NH 3 synthesis via an enzymatic mechanism,Journal of Materials Chemistry A,2021,Royal Society of Chemistry,10.1039/d1ta07903d,https://doi.org/10.1039/d1ta07903d,https://pubs.rsc.org/en/content/articlepdf/2022/ta/d1ta07903d,downloaded_open_access_pdf,Experimental/Fe/pdfs/E0171_A_polyoxometalate_cluster-based_single-atom_catalyst_for_NH_3_synthesis_via_an_enzymatic_m.pdf,"本文关注 Fe, Mo 单原子位点在 graphene 等载体上的催化行为，主要应用于catalysis。 文章以材料制备、结构表征和催化性能测试为核心，通常结合谱学/显微表征确认单原子分散。 摘要要点：The proposed new non-noble-metal Mo 1 /PMASAC is potentially more efficient and more selective than the current best Mo/BN and FeN 3 /embedded graphene SAC, and the preferred mechanism is an enzymatic pathway.",识别到合成、表征、电化学/催化测试或 operando/in situ 等实验关键词；若含 DFT，则视作实验论文的机理支持。
E0172,Experimental,Fe,graphene oxide,oxygen reduction reaction,Atomic-Scale Engineered Fe Single-Atom Electrocatalyst Based on Waste Pig Blood for High-Performance AEMFCs,ACS Sustainable Chemistry & Engineering,2021,American Chemical Society,10.1021/acssuschemeng.1c01590,https://doi.org/10.1021/acssuschemeng.1c01590,,no_open_pdf_in_metadata,,"本文关注 Fe 单原子位点在 graphene oxide 等载体上的催化行为，主要应用于oxygen reduction reaction。 文章以材料制备、结构表征和催化性能测试为核心，通常结合谱学/显微表征确认单原子分散。 摘要要点：Biomass is the ideal precursor for fabricating oxygen reduction reaction (ORR) electrocatalysts due to its large-scale and low-cost production, as well as its renewability. Among various forms of biomass, especially waste pig blood is a sustainable precursor f",题名/摘要包含合成、制备、表征、测试或实验-理论联合研究信息，按实验论文归类；其中计算部分视作机理支持。
E0173,Experimental,Cu,N-doped carbon,CO2 reduction/conversion,Atomically Dispersed Copper on N‐Doped Carbon Nanosheets for Electrocatalytic Synthesis of Carbamates from CO 2 as a C 1 Source,ChemSusChem,2021,Wiley,10.1002/cssc.202100342,https://doi.org/10.1002/cssc.202100342,,no_open_pdf_in_metadata,,"本文关注 Cu 单原子位点在 N-doped carbon 等载体上的催化行为，主要应用于CO2 reduction/conversion。 文章以材料制备、结构表征和催化性能测试为核心，通常结合谱学/显微表征确认单原子分散。 摘要要点：resources. The development of high-performance electrocatalysts to complete this process more efficiently is of great significance to sustainable development. Owing to their unique structural characteristics, single-atom catalysts are expected to promote the r",题名/摘要包含合成、制备、表征、测试或实验-理论联合研究信息，按实验论文归类；其中计算部分视作机理支持。
E0174,Experimental,Co,N-doped graphene,hydrogen evolution reaction,Cobalt Single Atoms Embedded in Nitrogen‐Doped Graphene for Selective Oxidation of Benzyl Alcohol by Activated Peroxymonosulfate,Small,2021,Wiley,10.1002/smll.202004579,https://doi.org/10.1002/smll.202004579,,no_open_pdf_in_metadata,,"本文关注 Co 单原子位点在 N-doped graphene 等载体上的催化行为，主要应用于hydrogen evolution reaction。 文章以材料制备、结构表征和催化性能测试为核心，通常结合谱学/显微表征确认单原子分散。 摘要要点：The development of novel single atom catalyst (SAC) is highly desirable in organic synthesis to achieve the maximized atomic efficiency. Here, a Co-based SAC on nitrogen-doped graphene (SACo@NG) with high Co content of 4.1 wt% is reported. Various characteriza",题名/摘要包含合成、制备、表征、测试或实验-理论联合研究信息，按实验论文归类；其中计算部分视作机理支持。
E0175,Experimental,V; Mo; Re,graphene,hydrogen evolution reaction,Cooperative Single-Atom Active Centers for Attenuating the Linear Scaling Effect in the Nitrogen Reduction Reaction,The Journal of Physical Chemistry Letters,2021,American Chemical Society,10.1021/acs.jpclett.1c01307,https://doi.org/10.1021/acs.jpclett.1c01307,,no_open_pdf_in_metadata,,"本文关注 V, Mo, Re 单原子位点在 graphene 等载体上的催化行为，主要应用于hydrogen evolution reaction。 文章以材料制备、结构表征和催化性能测试为核心，通常结合谱学/显微表征确认单原子分散。 摘要要点：Cooperative effects of adjacent active centers are critical for single-atom catalysts (SACs) as active site density matters. Yet, how it affects scaling relationships in many important reactions such as the nitrogen reduction reaction (NRR) is underexplored. H",识别到合成、表征、电化学/催化测试或 operando/in situ 等实验关键词；若含 DFT，则视作实验论文的机理支持。
E0176,Experimental,Cu,carbon nitride,CO2 reduction/conversion,Copper single-atoms embedded in 2D graphitic carbon nitride for the CO2 reduction,npj 2D Materials and Applications,2021,Nature Portfolio,10.1038/s41699-021-00243-y,https://doi.org/10.1038/s41699-021-00243-y,https://www.nature.com/articles/s41699-021-00243-y.pdf,open_url_not_pdf,,"本文关注 Cu 单原子位点在 carbon nitride 等载体上的催化行为，主要应用于CO2 reduction/conversion。 文章以材料制备、结构表征和催化性能测试为核心，通常结合谱学/显微表征确认单原子分散。 摘要要点：Abstract We report the study of two-dimensional graphitic carbon nitride (GCN) functionalized with copper single atoms as a catalyst for the reduction of CO 2 (CO2RR). The correct GCN structure, as well as the adsorption sites and the coordination of the Cu at",题名/摘要包含合成、制备、表征、测试或实验-理论联合研究信息，按实验论文归类；其中计算部分视作机理支持。
E0177,Experimental,Ga,graphene,oxygen reduction reaction,Density Functional Theory Studies of Heteroatom-Doped Graphene-like GaN Monolayers as Electrocatalysts for Oxygen Evolution and Reduction,ACS Applied Nano Materials,2021,American Chemical Society,10.1021/acsanm.1c01119,https://doi.org/10.1021/acsanm.1c01119,,no_open_pdf_in_metadata,,"本文关注 Ga 单原子位点在 graphene 等载体上的催化行为，主要应用于oxygen reduction reaction。 文章以材料制备、结构表征和催化性能测试为核心，通常结合谱学/显微表征确认单原子分散。 摘要要点：Single-atom catalysts (SACs) supported on two-dimensional (2D) nanomaterials with high activity for the oxygen evolution reaction (OER) and the oxygen reduction reaction (ORR) are highly desirable for renewable energy applications. Herein, we systemically inve",题名/摘要包含合成、制备、表征、测试或实验-理论联合研究信息，按实验论文归类；其中计算部分视作机理支持。
E0178,Experimental,Ru; Pt; Au,carbon/other support,hydrogen evolution reaction,Design of carbon supports for metal-catalyzed acetylene hydrochlorination,Nature Communications,2021,Nature Portfolio,10.1038/s41467-021-24330-2,https://doi.org/10.1038/s41467-021-24330-2,https://www.nature.com/articles/s41467-021-24330-2.pdf,open_url_not_pdf,,"本文关注 Ru, Pt, Au 单原子位点在 carbon/other support 等载体上的催化行为，主要应用于hydrogen evolution reaction。 文章以材料制备、结构表征和催化性能测试为核心，通常结合谱学/显微表征确认单原子分散。 摘要要点：For decades, carbons have been the support of choice in acetylene hydrochlorination, a key industrial process for polyvinyl chloride manufacture. However, no unequivocal design criteria could be established to date, due to the complex interplay between the car",题名/摘要包含合成、制备、表征、测试或实验-理论联合研究信息，按实验论文归类；其中计算部分视作机理支持。
E0179,Experimental,Fe; Ni,N-doped graphene,CO2 reduction/conversion,Designing Undercoordinated Ni–N x and Fe–N x on Holey Graphene for Electrochemical CO 2 Conversion to Syngas,ACS Nano,2021,American Chemical Society,10.1021/acsnano.1c03293,https://doi.org/10.1021/acsnano.1c03293,,no_open_pdf_in_metadata,,"本文关注 Fe, Ni 单原子位点在 N-doped graphene 等载体上的催化行为，主要应用于CO2 reduction/conversion。 文章以材料制备、结构表征和催化性能测试为核心，通常结合谱学/显微表征确认单原子分散。 摘要要点：In this study, we propose a top-down approach for the controlled preparation of undercoordinated Ni–Nx (Ni-hG) and Fe–Nx (Fe-hG) catalysts within a holey graphene framework, for the electrochemical CO2 reduction reaction (CO2RR) to synthesis gas (syngas). Thro",题名/摘要包含合成、制备、表征、测试或实验-理论联合研究信息，按实验论文归类；其中计算部分视作机理支持。
E0180,Experimental,Mixed_or_unclear,graphene,CO2 reduction/conversion,Discovery of Single-Atom Catalyst: Customized Heteroelement Dopants on Graphene,Accounts of Materials Research,2021,American Chemical Society,10.1021/accountsmr.1c00016,https://doi.org/10.1021/accountsmr.1c00016,,no_open_pdf_in_metadata,,"本文关注 Mixed_or_unclear 单原子位点在 graphene 等载体上的催化行为，主要应用于CO2 reduction/conversion。 文章以材料制备、结构表征和催化性能测试为核心，通常结合谱学/显微表征确认单原子分散。 摘要要点：ConspectusSingle-atomic catalyst (SAC) incorporated in graphene plays an increasingly significant role in many applications, including sustainable energy conversion/storage and environmental systems. Such a synergistic structure commonly consisting of atomic m",题名/摘要包含合成、制备、表征、测试或实验-理论联合研究信息，按实验论文归类；其中计算部分视作机理支持。
E0181,Experimental,Mo,graphene,hydrogen evolution reaction,Efficient Reversible Conversion between MoS 2 and Mo/Na 2 S Enabled by Graphene‐Supported Single Atom Catalysts,Advanced Materials,2021,,10.1002/adma.202007090,https://doi.org/10.1002/adma.202007090,,no_open_pdf_in_metadata,,本文关注 Mo 单原子位点在 graphene 等载体上的催化行为，主要应用于hydrogen evolution reaction。 文章以材料制备、结构表征和催化性能测试为核心，通常结合谱学/显微表征确认单原子分散。 摘要要点：Abstract Sodium‐ion batteries (SIBs) based on conversion‐type metal sulfide (MS) anodes have attracted extraordinary attention due to relatively high capacity and intrinsic safety. The highly reversible conversion of M/Na 2 S to pristine MS in charge plays a v,识别到合成、表征、电化学/催化测试或 operando/in situ 等实验关键词；若含 DFT，则视作实验论文的机理支持。
E0182,Experimental,Ti; V; Mo,carbon nitride,hydrogen evolution reaction,Electrocatalytic Nitrogen Reduction by Transition Metal Single-Atom Catalysts on Polymeric Carbon Nitride,The Journal of Physical Chemistry C,2021,American Chemical Society,10.1021/acs.jpcc.1c03425,https://doi.org/10.1021/acs.jpcc.1c03425,,no_open_pdf_in_metadata,,"本文关注 Ti, V, Mo 单原子位点在 carbon nitride 等载体上的催化行为，主要应用于hydrogen evolution reaction。 文章以材料制备、结构表征和催化性能测试为核心，通常结合谱学/显微表征确认单原子分散。 摘要要点：Compared with the traditional Haber–Bosch process, electrocatalytic N2 reduction reaction (eNRR) is a promising strategy for ammonia production due to its eco-friendly and energy-saving process. Herein, the feasibility of transition metal (TM) atoms supported",题名/摘要包含合成、制备、表征、测试或实验-理论联合研究信息，按实验论文归类；其中计算部分视作机理支持。
E0183,Experimental,Pd,graphene oxide,hydrogen evolution reaction,Elucidating the Role of Single-Atom Pd for Electrocatalytic Hydrodechlorination,Environmental Science & Technology,2021,American Chemical Society,10.1021/acs.est.1c04294,https://doi.org/10.1021/acs.est.1c04294,,no_open_pdf_in_metadata,,"本文关注 Pd 单原子位点在 graphene oxide 等载体上的催化行为，主要应用于hydrogen evolution reaction。 文章以材料制备、结构表征和催化性能测试为核心，通常结合谱学/显微表征确认单原子分散。 摘要要点：In this study, we loaded Pd catalysts onto a reduced graphene oxide (rGO) support in an atomically dispersed fashion [i.e., Pd single-atom catalysts (SACs) on rGO or Pd1/rGO] via a facile and scalable synthesis based on anchor-site and photoreduction technique",题名/摘要包含合成、制备、表征、测试或实验-理论联合研究信息，按实验论文归类；其中计算部分视作机理支持。
E0184,Experimental,Ru,graphene,hydrogen evolution reaction,Exceptional Electrochemical HER Performance with Enhanced Electron Transfer between Ru Nanoparticles and Single Atoms Dispersed on a Carbon Substrate,Angewandte Chemie International Edition,2021,Wiley,10.1002/anie.202103557,https://doi.org/10.1002/anie.202103557,https://onlinelibrary.wiley.com/doi/pdfdirect/10.1002/anie.202103557,download_failed: HTTPError,,"本文关注 Ru 单原子位点在 graphene 等载体上的催化行为，主要应用于hydrogen evolution reaction。 文章以材料制备、结构表征和催化性能测试为核心，通常结合谱学/显微表征确认单原子分散。 摘要要点：Precisely regulating the electronic structures of metal active species is highly desirable for electrocatalysis. However, carbon with inert surface provide weak metal-support interaction, which is insufficient to modulate the electronic structures of metal nan",识别到合成、表征、电化学/催化测试或 operando/in situ 等实验关键词；若含 DFT，则视作实验论文的机理支持。
E0185,Experimental,Mixed_or_unclear,graphene,catalysis,General synthesis of single-atom catalysts with high metal loading using graphene quantum dots,Nature Chemistry,2021,Nature Portfolio,10.1038/s41557-021-00734-x,https://doi.org/10.1038/s41557-021-00734-x,,no_open_pdf_in_metadata,,本文关注 Mixed_or_unclear 单原子位点在 graphene 等载体上的催化行为，主要应用于catalysis。 文章以材料制备、结构表征和催化性能测试为核心，通常结合谱学/显微表征确认单原子分散。 摘要未在元数据源中提供，建议通过 DOI 页面查看全文摘要。,题名/摘要包含合成、制备、表征、测试或实验-理论联合研究信息，按实验论文归类；其中计算部分视作机理支持。
E0186,Experimental,W,carbon/other support,oxygen reduction reaction,High‐Efficiency Electrosynthesis of Hydrogen Peroxide from Oxygen Reduction Enabled by a Tungsten Single Atom Catalyst with Unique Terdentate N 1 O 2 Coordination,Advanced Functional Materials,2021,Wiley,10.1002/adfm.202110224,https://doi.org/10.1002/adfm.202110224,,no_open_pdf_in_metadata,,"本文关注 W 单原子位点在 carbon/other support 等载体上的催化行为，主要应用于oxygen reduction reaction。 文章以材料制备、结构表征和催化性能测试为核心，通常结合谱学/显微表征确认单原子分散。 摘要要点：Abstract Single‐atom catalysts (SACs) have shown great potential in the electrochemical oxygen reduction reaction (ORR) toward hydrogen peroxide (H 2 O 2 ) production. However, current studies are mainly focused on 3d transition‐metal SACs, and very little att",题名/摘要包含合成、制备、表征、测试或实验-理论联合研究信息，按实验论文归类；其中计算部分视作机理支持。
E0187,Experimental,Ni,N-doped carbon,oxygen reduction reaction,Identifying Activity and Selectivity Trends for the Electrosynthesis of Hydrogen Peroxide via Oxygen Reduction on Nickel–Nitrogen–Carbon Catalysts,The Journal of Physical Chemistry C,2021,American Chemical Society,10.1021/acs.jpcc.1c03775,https://doi.org/10.1021/acs.jpcc.1c03775,https://macsphere.mcmaster.ca/bitstream/11375/28379/2/Shahcheraghi_Ladan_finalsubmission2021April_MAScdegree.pdf,open_url_not_pdf,,"本文关注 Ni 单原子位点在 N-doped carbon 等载体上的催化行为，主要应用于oxygen reduction reaction。 文章以材料制备、结构表征和催化性能测试为核心，通常结合谱学/显微表征确认单原子分散。 摘要要点：The electrocatalytic production of hydrogen peroxide (H2O2) through the two-electron oxygen reduction reaction (ORR) requires cost-effective catalysts with high selectivity, activity, and stability. Herein we report the synthesis and electrocatalytic assessmen",题名/摘要包含合成、制备、表征、测试或实验-理论联合研究信息，按实验论文归类；其中计算部分视作机理支持。
E0188,Experimental,Co,graphene,hydrogen evolution reaction,Identifying the Activity Origin of a Cobalt Single‐Atom Catalyst for Hydrogen Evolution Using Supervised Learning,Advanced Functional Materials,2021,Wiley,10.1002/adfm.202100547,https://doi.org/10.1002/adfm.202100547,,no_open_pdf_in_metadata,,"本文关注 Co 单原子位点在 graphene 等载体上的催化行为，主要应用于hydrogen evolution reaction。 文章以材料制备、结构表征和催化性能测试为核心，通常结合谱学/显微表征确认单原子分散。 摘要要点：Abstract Single‐atom catalysts (SACs) have become the forefront of energy conversion studies, but unfortunately, the origin of their activity and the interpretation of the synchrotron spectrograms of these materials remain ambiguous. Here, systematic density f",题名/摘要包含合成、制备、表征、测试或实验-理论联合研究信息，按实验论文归类；其中计算部分视作机理支持。
E0189,Experimental,Cu,carbon/other support,CO2 reduction/conversion,"Insights on forming N,O-coordinated Cu single-atom catalysts for electrochemical reduction CO2 to methane",Nature Communications,2021,Nature Portfolio,10.1038/s41467-020-20769-x,https://doi.org/10.1038/s41467-020-20769-x,https://www.nature.com/articles/s41467-020-20769-x.pdf,open_url_not_pdf,,"本文关注 Cu 单原子位点在 carbon/other support 等载体上的催化行为，主要应用于CO2 reduction/conversion。 文章以材料制备、结构表征和催化性能测试为核心，通常结合谱学/显微表征确认单原子分散。 摘要要点：Abstract Single-atom catalysts (SACs) are promising candidates to catalyze electrochemical CO 2 reduction (ECR) due to maximized atomic utilization. However, products are usually limited to CO instead of hydrocarbons or oxygenates due to unfavorable high energ",题名/摘要包含合成、制备、表征、测试或实验-理论联合研究信息，按实验论文归类；其中计算部分视作机理支持。
E0190,Experimental,Co,N-doped carbon,hydrogen evolution reaction,Integrating single-cobalt-site and electric field of boron nitride in dechlorination electrocatalysts by bioinspired design,Nature Communications,2021,Nature Portfolio,10.1038/s41467-020-20619-w,https://doi.org/10.1038/s41467-020-20619-w,https://www.nature.com/articles/s41467-020-20619-w.pdf,open_url_not_pdf,,"本文关注 Co 单原子位点在 N-doped carbon 等载体上的催化行为，主要应用于hydrogen evolution reaction。 文章以材料制备、结构表征和催化性能测试为核心，通常结合谱学/显微表征确认单原子分散。 摘要要点：The construction of enzyme-inspired artificial catalysts with enzyme-like active sites and microenvironment remains a great challenge. Herein, we report a single-atomic-site Co catalyst supported by carbon doped boron nitride (BCN) with locally polarized B-N b",题名/摘要包含合成、制备、表征、测试或实验-理论联合研究信息，按实验论文归类；其中计算部分视作机理支持。
E0191,Experimental,Mixed_or_unclear,graphene,CO2 reduction/conversion,Intrinsic Descriptors for Coordination Environment and Synergistic Effects of Metal and Environment in Single-Atom-Catalyzed Carbon Dioxide Electroreduction,The Journal of Physical Chemistry C,2021,American Chemical Society,10.1021/acs.jpcc.1c04637,https://doi.org/10.1021/acs.jpcc.1c04637,,no_open_pdf_in_metadata,,"本文关注 Mixed_or_unclear 单原子位点在 graphene 等载体上的催化行为，主要应用于CO2 reduction/conversion。 文章以材料制备、结构表征和催化性能测试为核心，通常结合谱学/显微表征确认单原子分散。 摘要要点：Activity of heterogeneous single-atom catalysts (SACs) depends on both the active center and the coordination environment. Previous studies focus more on the former. In this study, we systematically examine CO2 reduction reaction (CO2RR) catalyzed by SACs with",题名/摘要包含合成、制备、表征、测试或实验-理论联合研究信息，按实验论文归类；其中计算部分视作机理支持。
E0192,Experimental,Co,N-doped carbon,hydrogen evolution reaction,Isolated Cobalt Atoms on N-Doped Carbon as Nanozymes for Hydrogen Peroxide and Dopamine Detection,ACS Applied Nano Materials,2021,American Chemical Society,10.1021/acsanm.1c01278,https://doi.org/10.1021/acsanm.1c01278,,no_open_pdf_in_metadata,,"本文关注 Co 单原子位点在 N-doped carbon 等载体上的催化行为，主要应用于hydrogen evolution reaction。 文章以材料制备、结构表征和催化性能测试为核心，通常结合谱学/显微表征确认单原子分散。 摘要要点：Single-atom catalysts are becoming a hot research topic owing to their unique characteristics of maximum specific activity and atomic utilization. Herein, atomically dispersed Co on a N-doped carbon matrix with an enzyme-like M–Nx structure has been developed",识别到合成、表征、电化学/催化测试或 operando/in situ 等实验关键词；若含 DFT，则视作实验论文的机理支持。
E0193,Experimental,Cu,MXene,hydrogen evolution reaction,Isolated copper single sites for high-performance electroreduction of carbon monoxide to multicarbon products,Nature Communications,2021,Nature Portfolio,10.1038/s41467-020-20336-4,https://doi.org/10.1038/s41467-020-20336-4,https://www.nature.com/articles/s41467-020-20336-4.pdf,open_url_not_pdf,,"本文关注 Cu 单原子位点在 MXene 等载体上的催化行为，主要应用于hydrogen evolution reaction。 文章以材料制备、结构表征和催化性能测试为核心，通常结合谱学/显微表征确认单原子分散。 摘要要点：Abstract Electrochemical carbon monoxide reduction is a promising strategy for the production of value-added multicarbon compounds, albeit yielding diverse products with low selectivities and Faradaic efficiencies. Here, copper single atoms anchored to Ti 3 C",题名/摘要包含合成、制备、表征、测试或实验-理论联合研究信息，按实验论文归类；其中计算部分视作机理支持。
E0194,Experimental,Pt,graphene oxide,hydrogen evolution reaction,Laser solid-phase synthesis of single-atom catalysts,Light Science & Applications,2021,Springer Nature,10.1038/s41377-021-00603-9,https://doi.org/10.1038/s41377-021-00603-9,https://www.nature.com/articles/s41377-021-00603-9.pdf,open_url_not_pdf,,"本文关注 Pt 单原子位点在 graphene oxide 等载体上的催化行为，主要应用于hydrogen evolution reaction。 文章以材料制备、结构表征和催化性能测试为核心，通常结合谱学/显微表征确认单原子分散。 摘要要点：Abstract Single-atom catalysts (SACs) with atomically dispersed catalytic sites have shown outstanding catalytic performance in a variety of reactions. However, the development of facile and high-yield techniques for the fabrication of SACs remains challenging",题名/摘要包含合成、制备、表征、测试或实验-理论联合研究信息，按实验论文归类；其中计算部分视作机理支持。
E0195,Experimental,Fe,carbon/other support,oxygen reduction reaction,MIL‐101‐Derived Mesoporous Carbon Supporting Highly Exposed Fe Single‐Atom Sites as Efficient Oxygen Reduction Reaction Catalysts,Advanced Materials,2021,,10.1002/adma.202101038,https://doi.org/10.1002/adma.202101038,,no_open_pdf_in_metadata,,本文关注 Fe 单原子位点在 carbon/other support 等载体上的催化行为，主要应用于oxygen reduction reaction。 文章以材料制备、结构表征和催化性能测试为核心，通常结合谱学/显微表征确认单原子分散。 摘要要点：Abstract Fe single‐atom catalysts (Fe SACs) with atomic FeN x active sites are very promising alternatives to platinum‐based catalysts for the oxygen reduction reaction (ORR). The pyrolysis of metal–organic frameworks (MOFs) is a common approach for preparing,识别到合成、表征、电化学/催化测试或 operando/in situ 等实验关键词；若含 DFT，则视作实验论文的机理支持。
E0196,Experimental,Fe; Ni,carbon nitride,oxygen reduction reaction,Mechanistic insight into the active centers of single/dual-atom Ni/Fe-based oxygen electrocatalysts,Nature Communications,2021,Nature Portfolio,10.1038/s41467-021-25811-0,https://doi.org/10.1038/s41467-021-25811-0,https://www.nature.com/articles/s41467-021-25811-0.pdf,open_url_not_pdf,,"本文关注 Fe, Ni 单原子位点在 carbon nitride 等载体上的催化行为，主要应用于oxygen reduction reaction。 文章以材料制备、结构表征和催化性能测试为核心，通常结合谱学/显微表征确认单原子分散。 摘要要点：Abstract Single-atom catalysts with maximum metal utilization efficiency show great potential for sustainable catalytic applications and fundamental mechanistic studies. We here provide a convenient molecular tailoring strategy based on graphitic carbon nitrid",题名/摘要包含合成、制备、表征、测试或实验-理论联合研究信息，按实验论文归类；其中计算部分视作机理支持。
E0197,Experimental,Fe,carbon/other support,oxygen reduction reaction,Molten NaCl‐Assisted Synthesis of Porous Fe‐N‐C Electrocatalysts with a High Density of Catalytically Accessible FeN 4 Active Sites and Outstanding Oxygen Reduction Reaction Performance,Advanced Energy Materials,2021,Wiley,10.1002/aenm.202100219,https://doi.org/10.1002/aenm.202100219,,no_open_pdf_in_metadata,,"本文关注 Fe 单原子位点在 carbon/other support 等载体上的催化行为，主要应用于oxygen reduction reaction。 文章以材料制备、结构表征和催化性能测试为核心，通常结合谱学/显微表征确认单原子分散。 摘要要点：Abstract Iron single atom catalysts (FeN 4 ) hosted in the micropores of N‐doped carbons offer excellent performance for the oxygen reduction reaction (ORR). Achieving a high density of FeN 4 sites accessible for ORR has proved challenging to date. Herein, a s",题名/摘要包含合成、制备、表征、测试或实验-理论联合研究信息，按实验论文归类；其中计算部分视作机理支持。
E0198,Experimental,Co; Ni,N-doped carbon,hydrogen evolution reaction,Moving beyond bimetallic-alloy to single-atom dimer atomic-interface for all-pH hydrogen evolution,Nature Communications,2021,Nature Portfolio,10.1038/s41467-021-27145-3,https://doi.org/10.1038/s41467-021-27145-3,https://www.nature.com/articles/s41467-021-27145-3.pdf,open_url_not_pdf,,"本文关注 Co, Ni 单原子位点在 N-doped carbon 等载体上的催化行为，主要应用于hydrogen evolution reaction。 文章以材料制备、结构表征和催化性能测试为核心，通常结合谱学/显微表征确认单原子分散。 摘要要点：Abstract Single-atom-catalysts (SACs) afford a fascinating activity with respect to other nanomaterials for hydrogen evolution reaction (HER), yet the simplicity of single-atom center limits its further modification and utilization. Obtaining bimetallic single",题名/摘要包含合成、制备、表征、测试或实验-理论联合研究信息，按实验论文归类；其中计算部分视作机理支持。
E0199,Experimental,Co,N-doped carbon,catalysis,Multiscale porous single-atom Co catalysts for epoxidation with O 2,Journal of Materials Chemistry A,2021,Royal Society of Chemistry,10.1039/d1ta09227h,https://doi.org/10.1039/d1ta09227h,https://pubs.rsc.org/en/content/articlepdf/2022/ta/d1ta09227h,downloaded_open_access_pdf,Experimental/Co/pdfs/E0199_Multiscale_porous_single-atom_Co_catalysts_for_epoxidation_with_O_2.pdf,"本文关注 Co 单原子位点在 N-doped carbon 等载体上的催化行为，主要应用于catalysis。 文章以材料制备、结构表征和催化性能测试为核心，通常结合谱学/显微表征确认单原子分散。 摘要要点：The single-atom Co anchored on N-doped carbon supports with a multiscale porous structure has been successfully constructed for the epoxidation of cyclooctene with 95% yield of 1,2-epoxycycloheptane at 140 °C and 0.5 MPa O 2 .",识别到合成、表征、电化学/催化测试或 operando/in situ 等实验关键词；若含 DFT，则视作实验论文的机理支持。
E0200,Experimental,Pd,carbon/other support,hydrogen evolution reaction,Neighboring Pd single atoms surpass isolated single atoms for selective hydrodehalogenation catalysis,Nature Communications,2021,Nature Portfolio,10.1038/s41467-021-25526-2,https://doi.org/10.1038/s41467-021-25526-2,https://www.nature.com/articles/s41467-021-25526-2.pdf,open_url_not_pdf,,"本文关注 Pd 单原子位点在 carbon/other support 等载体上的催化行为，主要应用于hydrogen evolution reaction。 文章以材料制备、结构表征和催化性能测试为核心，通常结合谱学/显微表征确认单原子分散。 摘要要点：Single atom catalysts have been found to exhibit superior selectivity over nanoparticulate catalysts for catalytic reactions such as hydrogenation due to their single-site nature. However, improved selectively is often accompanied by loss of activity and slow",识别到合成、表征、电化学/催化测试或 operando/in situ 等实验关键词；若含 DFT，则视作实验论文的机理支持。
E0201,Experimental,Pt,carbon/other support,hydrogen evolution reaction,Nuclearity and Host Effects of Carbon‐Supported Platinum Catalysts for Dibromomethane Hydrodebromination,Small,2021,Wiley,10.1002/smll.202005234,https://doi.org/10.1002/smll.202005234,,no_open_pdf_in_metadata,,"本文关注 Pt 单原子位点在 carbon/other support 等载体上的催化行为，主要应用于hydrogen evolution reaction。 文章以材料制备、结构表征和催化性能测试为核心，通常结合谱学/显微表征确认单原子分散。 摘要要点：Abstract The identification of the active sites and the derivation of structure‐performance relationships are central for the development of high‐performance heterogeneous catalysts. Here, a platform of platinum nanostructures, ranging from single atoms to nan",题名/摘要包含合成、制备、表征、测试或实验-理论联合研究信息，按实验论文归类；其中计算部分视作机理支持。
E0202,Experimental,Sc; Ti; V; Cr; Mn; Fe; Co; Ni; Cu; Zn; Mo; Ru; Rh; Pd; Ag; W; Re; Ir; Pt; Au,N-doped carbon,hydrogen evolution reaction,On the evaluation of hydrogen evolution reaction performance of metal-nitrogen-doped carbon electrocatalysts using machine learning technique,Scientific Reports,2021,Nature Portfolio,10.1038/s41598-021-00031-0,https://doi.org/10.1038/s41598-021-00031-0,https://www.nature.com/articles/s41598-021-00031-0.pdf,open_url_not_pdf,,"本文关注 Sc, Ti, V, Cr, Mn, Fe, Co, Ni, Cu, Zn, Mo, Ru, Rh, Pd, Ag, W, Re, Ir, Pt, Au 单原子位点在 N-doped carbon 等载体上的催化行为，主要应用于hydrogen evolution reaction。 文章以材料制备、结构表征和催化性能测试为核心，通常结合谱学/显微表征确认单原子分散。 摘要要点：Abstract Single-atom catalysts (SACs) introduce as a promising category of electrocatalysts, especially in the water-splitting process. Recent studies have exhibited that nitrogen-doped carbon-based SACs can act as a great HER electrocatalyst. In this regard,",题名/摘要包含合成、制备、表征、测试或实验-理论联合研究信息，按实验论文归类；其中计算部分视作机理支持。
E0203,Experimental,Cu; Zn,carbon/other support,oxygen reduction reaction,Operando Cooperated Catalytic Mechanism of Atomically Dispersed Cu−N 4 and Zn−N 4 for Promoting Oxygen Reduction Reaction,Angewandte Chemie International Edition,2021,Wiley,10.1002/anie.202102053,https://doi.org/10.1002/anie.202102053,,no_open_pdf_in_metadata,,"本文关注 Cu, Zn 单原子位点在 carbon/other support 等载体上的催化行为，主要应用于oxygen reduction reaction。 文章以材料制备、结构表征和催化性能测试为核心，通常结合谱学/显微表征确认单原子分散。 摘要要点：Abstract Dual‐metal single‐atom catalysts exhibit superior performance for oxygen reduction reaction (ORR), however, the synergistic catalytic mechanism is not deeply understood. Herein, we report a dual‐metal single‐atom catalyst consisted of Cu−N 4 and Zn−N",题名/摘要包含合成、制备、表征、测试或实验-理论联合研究信息，按实验论文归类；其中计算部分视作机理支持。
E0204,Experimental,Cu; Zn,carbon/other support,oxygen reduction reaction,Operando Cooperated Catalytic Mechanism of Atomically Dispersed Cu−N 4 and Zn−N 4 for Promoting Oxygen Reduction Reaction,Angewandte Chemie,2021,Wiley,10.1002/ange.202102053,https://doi.org/10.1002/ange.202102053,,no_open_pdf_in_metadata,,"本文关注 Cu, Zn 单原子位点在 carbon/other support 等载体上的催化行为，主要应用于oxygen reduction reaction。 文章以材料制备、结构表征和催化性能测试为核心，通常结合谱学/显微表征确认单原子分散。 摘要要点：Abstract Dual‐metal single‐atom catalysts exhibit superior performance for oxygen reduction reaction (ORR), however, the synergistic catalytic mechanism is not deeply understood. Herein, we report a dual‐metal single‐atom catalyst consisted of Cu−N 4 and Zn−N",题名/摘要包含合成、制备、表征、测试或实验-理论联合研究信息，按实验论文归类；其中计算部分视作机理支持。
E0205,Experimental,Fe; Ni,N-doped graphene,CO2 reduction/conversion,Orbital coupling of hetero-diatomic nickel-iron site for bifunctional electrocatalysis of CO2 reduction and oxygen evolution,Nature Communications,2021,Nature Portfolio,10.1038/s41467-021-24052-5,https://doi.org/10.1038/s41467-021-24052-5,https://www.nature.com/articles/s41467-021-24052-5.pdf,open_url_not_pdf,,"本文关注 Fe, Ni 单原子位点在 N-doped graphene 等载体上的催化行为，主要应用于CO2 reduction/conversion。 文章以材料制备、结构表征和催化性能测试为核心，通常结合谱学/显微表征确认单原子分散。 摘要要点：Abstract While inheriting the exceptional merits of single atom catalysts, diatomic site catalysts (DASCs) utilize two adjacent atomic metal species for their complementary functionalities and synergistic actions. Herein, a DASC consisting of nickel-iron heter",题名/摘要包含合成、制备、表征、测试或实验-理论联合研究信息，按实验论文归类；其中计算部分视作机理支持。
E0206,Experimental,Pt,carbon nitride,hydrogen evolution reaction,Platinum-complexed phosphorous-doped carbon nitride for electrocatalytic hydrogen evolution,Journal of Materials Chemistry A,2021,Royal Society of Chemistry,10.1039/d1ta06240a,https://doi.org/10.1039/d1ta06240a,https://pubs.rsc.org/en/content/articlepdf/2022/ta/d1ta06240a,downloaded_open_access_pdf,Experimental/Pt/pdfs/E0206_Platinum-complexed_phosphorous-doped_carbon_nitride_for_electrocatalytic_hydrogen_evolutio.pdf,"本文关注 Pt 单原子位点在 carbon nitride 等载体上的催化行为，主要应用于hydrogen evolution reaction。 文章以材料制备、结构表征和催化性能测试为核心，通常结合谱学/显微表征确认单原子分散。 摘要要点：Platinum is atomically dispersed within P-doped C 3 N 4 forming Pt–N/P/Cl coordination interactions, and exhibits markedly enhanced electrocatalytic activity towards the hydrogen evolution reaction in acidic media, as compared to the P-free counterpart.",识别到合成、表征、电化学/催化测试或 operando/in situ 等实验关键词；若含 DFT，则视作实验论文的机理支持。
E0207,Experimental,Mn,carbon/other support,oxygen reduction reaction,Precise regulation of pyrrole‐type single‐atom Mn‐N 4 sites for superior pH‐universal oxygen reduction,Carbon Energy,2021,Wiley,10.1002/cey2.135,https://doi.org/10.1002/cey2.135,https://onlinelibrary.wiley.com/doi/pdfdirect/10.1002/cey2.135,download_failed: HTTPError,,本文关注 Mn 单原子位点在 carbon/other support 等载体上的催化行为，主要应用于oxygen reduction reaction。 文章以材料制备、结构表征和催化性能测试为核心，通常结合谱学/显微表征确认单原子分散。 摘要要点：Abstract The study of atomically dispersed metal‐nitrogen electrocatalysts is still limited in terms of understanding their catalytic mechanism because of the inability to precisely regulate the coordination number and type of N in combination with the metal e,题名/摘要包含合成、制备、表征、测试或实验-理论联合研究信息，按实验论文归类；其中计算部分视作机理支持。
E0208,Experimental,V; Fe; Mo; Ru,graphene,hydrogen evolution reaction,Rational Design of Graphene-Supported Single-Atom Catalysts for Electroreduction of Nitrogen,Inorganic Chemistry,2021,American Chemical Society,10.1021/acs.inorgchem.1c02946,https://doi.org/10.1021/acs.inorgchem.1c02946,,no_open_pdf_in_metadata,,"本文关注 V, Fe, Mo, Ru 单原子位点在 graphene 等载体上的催化行为，主要应用于hydrogen evolution reaction。 文章以材料制备、结构表征和催化性能测试为核心，通常结合谱学/显微表征确认单原子分散。 摘要要点：Critically, the central metal atoms along with their coordination environment play a significant role in the catalytic performance of single-atom catalysts (SACs). Herein, 12 single Fe, Mo, and Ru atoms supported on defective graphene are theoretically deigned",题名/摘要包含合成、制备、表征、测试或实验-理论联合研究信息，按实验论文归类；其中计算部分视作机理支持。
E0209,Experimental,V; Mo; W,carbon nitride,hydrogen evolution reaction,Rational Design of Single-Atom Catalysts for Enhanced Electrocatalytic Nitrogen Reduction Reaction,The Journal of Physical Chemistry C,2021,American Chemical Society,10.1021/acs.jpcc.1c00742,https://doi.org/10.1021/acs.jpcc.1c00742,,no_open_pdf_in_metadata,,"本文关注 V, Mo, W 单原子位点在 carbon nitride 等载体上的催化行为，主要应用于hydrogen evolution reaction。 文章以材料制备、结构表征和催化性能测试为核心，通常结合谱学/显微表征确认单原子分散。 摘要要点：Electrocatalytic reduction of N2 to ammonia (eNRR) provides a sustainable alternative to an energy-intensive Haber–Bosch process. However, the poor activity and selectivity of the eNRR catalysts limit their large-scale applications. Recently, transition metals",识别到合成、表征、电化学/催化测试或 operando/in situ 等实验关键词；若含 DFT，则视作实验论文的机理支持。
E0210,Experimental,Mo; Ru,MoS2,hydrogen evolution reaction,Rational strain engineering of single-atom ruthenium on nanoporous MoS2 for highly efficient hydrogen evolution,Nature Communications,2021,Nature Portfolio,10.1038/s41467-021-21956-0,https://doi.org/10.1038/s41467-021-21956-0,https://www.nature.com/articles/s41467-021-21956-0.pdf,open_url_not_pdf,,"本文关注 Mo, Ru 单原子位点在 MoS2 等载体上的催化行为，主要应用于hydrogen evolution reaction。 文章以材料制备、结构表征和催化性能测试为核心，通常结合谱学/显微表征确认单原子分散。 摘要要点：Abstract Maximizing the catalytic activity of single-atom catalysts is vital for the application of single-atom catalysts in industrial water-alkali electrolyzers, yet the modulation of the catalytic properties of single-atom catalysts remains challenging. Her",题名/摘要包含合成、制备、表征、测试或实验-理论联合研究信息，按实验论文归类；其中计算部分视作机理支持。
E0211,Experimental,Mn; Fe,carbon/other support,oxygen reduction reaction,Regulating Fe-spin state by atomically dispersed Mn-N in Fe-N-C catalysts with high oxygen reduction activity,Nature Communications,2021,Nature Portfolio,10.1038/s41467-021-21919-5,https://doi.org/10.1038/s41467-021-21919-5,https://www.nature.com/articles/s41467-021-21919-5.pdf,open_url_not_pdf,,"本文关注 Mn, Fe 单原子位点在 carbon/other support 等载体上的催化行为，主要应用于oxygen reduction reaction。 文章以材料制备、结构表征和催化性能测试为核心，通常结合谱学/显微表征确认单原子分散。 摘要要点：Abstract As low-cost electrocatalysts for oxygen reduction reaction applied to fuel cells and metal-air batteries, atomic-dispersed transition metal-nitrogen-carbon materials are emerging, but the genuine mechanism thereof is still arguable. Herein, by rationa",题名/摘要包含合成、制备、表征、测试或实验-理论联合研究信息，按实验论文归类；其中计算部分视作机理支持。
E0212,Experimental,Fe,carbon nitride,hydrogen evolution reaction,Regulating Local Electron Density of Iron Single Sites by Introducing Nitrogen Vacancies for Efficient Photo‐Fenton Process,Angewandte Chemie International Edition,2021,Wiley,10.1002/anie.202108937,https://doi.org/10.1002/anie.202108937,,no_open_pdf_in_metadata,,"本文关注 Fe 单原子位点在 carbon nitride 等载体上的催化行为，主要应用于hydrogen evolution reaction。 文章以材料制备、结构表征和催化性能测试为核心，通常结合谱学/显微表征确认单原子分散。 摘要要点：Abstract The activity of heterogeneous photocatalytic H 2 O 2 activation in Fenton‐like processes is closely related to the local electron density of reaction centre atoms. However, the recombination of electron‐hole pairs arising from random charge transfer g",识别到合成、表征、电化学/催化测试或 operando/in situ 等实验关键词；若含 DFT，则视作实验论文的机理支持。
E0213,Experimental,Fe,carbon nitride,hydrogen evolution reaction,Regulating Local Electron Density of Iron Single Sites by Introducing Nitrogen Vacancies for Efficient Photo‐Fenton Process,Angewandte Chemie,2021,Wiley,10.1002/ange.202108937,https://doi.org/10.1002/ange.202108937,,no_open_pdf_in_metadata,,"本文关注 Fe 单原子位点在 carbon nitride 等载体上的催化行为，主要应用于hydrogen evolution reaction。 文章以材料制备、结构表征和催化性能测试为核心，通常结合谱学/显微表征确认单原子分散。 摘要要点：Abstract The activity of heterogeneous photocatalytic H 2 O 2 activation in Fenton‐like processes is closely related to the local electron density of reaction centre atoms. However, the recombination of electron‐hole pairs arising from random charge transfer g",识别到合成、表征、电化学/催化测试或 operando/in situ 等实验关键词；若含 DFT，则视作实验论文的机理支持。
E0214,Experimental,Pt,graphene,oxygen reduction reaction,Regulating coordination number in atomically dispersed Pt species on defect-rich graphene for n-butane dehydrogenation reaction,Nature Communications,2021,Nature Portfolio,10.1038/s41467-021-22948-w,https://doi.org/10.1038/s41467-021-22948-w,https://www.nature.com/articles/s41467-021-22948-w.pdf,open_url_not_pdf,,"本文关注 Pt 单原子位点在 graphene 等载体上的催化行为，主要应用于oxygen reduction reaction。 文章以材料制备、结构表征和催化性能测试为核心，通常结合谱学/显微表征确认单原子分散。 摘要要点：Abstract Metal nanoparticle (NP), cluster and isolated metal atom (or single atom, SA) exhibit different catalytic performance in heterogeneous catalysis originating from their distinct nanostructures. To maximize atom efficiency and boost activity for catalys",题名/摘要包含合成、制备、表征、测试或实验-理论联合研究信息，按实验论文归类；其中计算部分视作机理支持。
E0215,Experimental,Pt; Sn,graphene,hydrogen evolution reaction,Sacrificial Template‐Assisted Synthesis of Inorganic Nanosheets with High‐Loading Single‐Atom Catalysts: A General Approach,Advanced Functional Materials,2021,Wiley,10.1002/adfm.202110485,https://doi.org/10.1002/adfm.202110485,,no_open_pdf_in_metadata,,"本文关注 Pt, Sn 单原子位点在 graphene 等载体上的催化行为，主要应用于hydrogen evolution reaction。 文章以材料制备、结构表征和催化性能测试为核心，通常结合谱学/显微表征确认单原子分散。 摘要要点：Abstract Single‐atom catalysts (SACs) supported on inorganic materials have attracted much attention in numerous research fields for their high catalytic performance. However, such SACs have been limited by the low metal loading, especially on different types",题名/摘要包含合成、制备、表征、测试或实验-理论联合研究信息，按实验论文归类；其中计算部分视作机理支持。
E0216,Experimental,Mixed_or_unclear,graphene,catalysis,Single Atom Catalysts: Anchoring of Transition Metals to Graphene Derivatives as an Efficient Approach for Designing Single‐Atom Catalysts (Adv. Mater. Interfaces 8/2021),Advanced Materials Interfaces,2021,Wiley,10.1002/admi.202170041,https://doi.org/10.1002/admi.202170041,https://onlinelibrary.wiley.com/doi/pdfdirect/10.1002/admi.202170041,download_failed: HTTPError,,"本文关注 Mixed_or_unclear 单原子位点在 graphene 等载体上的催化行为，主要应用于catalysis。 文章以材料制备、结构表征和催化性能测试为核心，通常结合谱学/显微表征确认单原子分散。 摘要要点：Graphene derivatives can work as a suitable support anchoring metal atoms and ions, which can be utilized as stable and lightweight single-atom catalysts (SACs). Computational chemistry aids to design such graphene-based SACs, providing insights into their sta",识别到合成、表征、电化学/催化测试或 operando/in situ 等实验关键词；若含 DFT，则视作实验论文的机理支持。
E0217,Experimental,Fe,graphene,oxygen reduction reaction,Single Atom Catalysts: Designed Iron Single Atom Catalysts for Highly Efficient Oxygen Reduction Reaction in Alkaline and Acid Media (Adv. Mater. Interfaces 8/2021),Advanced Materials Interfaces,2021,Wiley,10.1002/admi.202170044,https://doi.org/10.1002/admi.202170044,,no_open_pdf_in_metadata,,"本文关注 Fe 单原子位点在 graphene 等载体上的催化行为，主要应用于oxygen reduction reaction。 文章以材料制备、结构表征和催化性能测试为核心，通常结合谱学/显微表征确认单原子分散。 摘要要点：In article number 2001788, Chang Liu, San Ping Jiang, and co-workers demonstrate a well-characterized and scalable method to synthesize atomically dispersed iron atoms coordinated with nitrogen on graphene interface with high atomic loading (≈4.6 wt%) through",识别到合成、表征、电化学/催化测试或 operando/in situ 等实验关键词；若含 DFT，则视作实验论文的机理支持。
E0218,Experimental,Co,graphene,CO2 reduction/conversion,Single Co‐Atoms as Electrocatalysts for Efficient Hydrazine Oxidation Reaction,Small,2021,Wiley,10.1002/smll.202006477,https://doi.org/10.1002/smll.202006477,,no_open_pdf_in_metadata,,"本文关注 Co 单原子位点在 graphene 等载体上的催化行为，主要应用于CO2 reduction/conversion。 文章以材料制备、结构表征和催化性能测试为核心，通常结合谱学/显微表征确认单原子分散。 摘要要点：Abstract Single‐atom catalysts (SACs) have aroused great attention due to their high atom efficiency and unprecedented catalytic properties. A remaining challenge is to anchor the single atoms individually on support materials via strong interactions. Herein,",题名/摘要包含合成、制备、表征、测试或实验-理论联合研究信息，按实验论文归类；其中计算部分视作机理支持。
E0219,Experimental,Mixed_or_unclear,carbon/other support,hydrogen evolution reaction,Single atoms supported on metal oxides for energy catalysis,Journal of Materials Chemistry A,2021,Royal Society of Chemistry,10.1039/d1ta08016d,https://doi.org/10.1039/d1ta08016d,https://pubs.rsc.org/en/content/articlepdf/2022/ta/d1ta08016d,downloaded_open_access_pdf,Experimental/Mixed_or_unclear/pdfs/E0219_Single_atoms_supported_on_metal_oxides_for_energy_catalysis.pdf,"本文关注 Mixed_or_unclear 单原子位点在 carbon/other support 等载体上的催化行为，主要应用于hydrogen evolution reaction。 文章以材料制备、结构表征和催化性能测试为核心，通常结合谱学/显微表征确认单原子分散。 摘要要点：Single-atom catalysts (SACs) have attracted wide interest from researchers, as they promisingly bridge the gap between homogeneous and heterogeneous catalysts.",识别到合成、表征、电化学/催化测试或 operando/in situ 等实验关键词；若含 DFT，则视作实验论文的机理支持。
E0220,Experimental,Ru,carbon nitride,hydrogen evolution reaction,Single-Atom Ruthenium Biomimetic Enzyme for Simultaneous Electrochemical Detection of Dopamine and Uric Acid,Analytical Chemistry,2021,American Chemical Society,10.1021/acs.analchem.0c05191,https://doi.org/10.1021/acs.analchem.0c05191,,no_open_pdf_in_metadata,,"本文关注 Ru 单原子位点在 carbon nitride 等载体上的催化行为，主要应用于hydrogen evolution reaction。 文章以材料制备、结构表征和催化性能测试为核心，通常结合谱学/显微表征确认单原子分散。 摘要要点：Single-atom catalysts have attracted numerous attention due to the high utilization of metallic atoms, abundant active sites, and highly catalytic activities. Herein, a single-atom ruthenium biomimetic enzyme (Ru-Ala-C3N4) is prepared by dispersing Ru atoms on",题名/摘要包含合成、制备、表征、测试或实验-理论联合研究信息，按实验论文归类；其中计算部分视作机理支持。
E0221,Experimental,Fe; Mo,MXene,oxygen reduction reaction,Single-Atom-Substituted Mo 2 C T x :Fe-Layered Carbide for Selective Oxygen Reduction to Hydrogen Peroxide: Tracking the Evolution of the MXene Phase,Journal of the American Chemical Society,2021,American Chemical Society,10.1021/jacs.1c00504,https://doi.org/10.1021/jacs.1c00504,https://pubs.acs.org/doi/pdf/10.1021/jacs.1c00504,download_failed: HTTPError,,"本文关注 Fe, Mo 单原子位点在 MXene 等载体上的催化行为，主要应用于oxygen reduction reaction。 文章以材料制备、结构表征和催化性能测试为核心，通常结合谱学/显微表征确认单原子分散。 摘要要点：into a graphitic carbon framework with dispersed iron oxyhydroxide (ferrihydrite, Fh) species (Fh/C), which are the actual active species. This experimental observation and the results obtained for the titanium and vanadium 2D carbides challenge previous studi",识别到合成、表征、电化学/催化测试或 operando/in situ 等实验关键词；若含 DFT，则视作实验论文的机理支持。
E0222,Experimental,Ru; Pt,carbon/other support,hydrogen evolution reaction,Single-atom catalyst for high-performance methanol oxidation,Nature Communications,2021,Nature Portfolio,10.1038/s41467-021-25562-y,https://doi.org/10.1038/s41467-021-25562-y,https://www.nature.com/articles/s41467-021-25562-y.pdf,open_url_not_pdf,,"本文关注 Ru, Pt 单原子位点在 carbon/other support 等载体上的催化行为，主要应用于hydrogen evolution reaction。 文章以材料制备、结构表征和催化性能测试为核心，通常结合谱学/显微表征确认单原子分散。 摘要要点：Abstract Single-atom catalysts have been widely investigated for several electrocatalytic reactions except electrochemical alcohol oxidation. Herein, we synthesize atomically dispersed platinum on ruthenium oxide (Pt 1 /RuO 2 ) using a simple impregnation-adso",识别到合成、表征、电化学/催化测试或 operando/in situ 等实验关键词；若含 DFT，则视作实验论文的机理支持。
E0223,Experimental,Mixed_or_unclear,graphene,catalysis,Single-atom catalytic growth of crystals using graphene as a case study,npj 2D Materials and Applications,2021,Nature Portfolio,10.1038/s41699-021-00267-4,https://doi.org/10.1038/s41699-021-00267-4,https://www.nature.com/articles/s41699-021-00267-4.pdf,open_url_not_pdf,,"本文关注 Mixed_or_unclear 单原子位点在 graphene 等载体上的催化行为，主要应用于catalysis。 文章以材料制备、结构表征和催化性能测试为核心，通常结合谱学/显微表征确认单原子分散。 摘要要点：Abstract Anchored Single-atom catalysts have emerged as a cutting-edge research field holding tremendous appeal for applications in the fields of chemicals, energy and the environment. However, single-atom-catalysts for crystal growth is a nascent field. Of th",识别到合成、表征、电化学/催化测试或 operando/in situ 等实验关键词；若含 DFT，则视作实验论文的机理支持。
E0224,Experimental,Co,graphene,hydrogen evolution reaction,Single‐Atom Catalyst Aggregates: Size‐Matching is Critical to Electrocatalytic Performance in Sulfur Cathodes,Advanced Science,2021,Wiley,10.1002/advs.202103773,https://doi.org/10.1002/advs.202103773,,no_open_pdf_in_metadata,,"本文关注 Co 单原子位点在 graphene 等载体上的催化行为，主要应用于hydrogen evolution reaction。 文章以材料制备、结构表征和催化性能测试为核心，通常结合谱学/显微表征确认单原子分散。 摘要要点：Abstract Electrocatalysis is critical to the performance displayed by sulfur cathodes. However, the constituent electrocatalysts and the sulfur reactants have vastly different molecular sizes, which ultimately restrict electrocatalysis efficiency and hamper de",题名/摘要包含合成、制备、表征、测试或实验-理论联合研究信息，按实验论文归类；其中计算部分视作机理支持。
E0225,Experimental,V; Fe; Co; Ru; Rh; Pd; W; Ir; Pt; Au,N-doped graphene,CO2 reduction/conversion,Single‐Atom Catalysts,Small,2021,Wiley,10.1002/smll.202101584,https://doi.org/10.1002/smll.202101584,,no_open_pdf_in_metadata,,"本文关注 V, Fe, Co, Ru, Rh, Pd, W, Ir, Pt, Au 单原子位点在 N-doped graphene 等载体上的催化行为，主要应用于CO2 reduction/conversion。 文章以材料制备、结构表征和催化性能测试为核心，通常结合谱学/显微表征确认单原子分散。 摘要要点：Single-atom catalysis, which involves isolated metal atoms stabilized on suitable carriers/supports, is one of the most recent, revolutionary and rapidly expanding research fields in catalyst science. Lately, single-atom catalysts (SACs) have emerged as one of",题名/摘要包含合成、制备、表征、测试或实验-理论联合研究信息，按实验论文归类；其中计算部分视作机理支持。
E0226,Experimental,Ti; Mn; Fe; Co; Ni; Cu; Zn; Ru; Rh; Pd; Ag; W; Ir; Pt; Au,N-doped graphene,CO2 reduction/conversion,Single‐Atom Catalysts,Advanced Materials Interfaces,2021,Wiley,10.1002/admi.202100436,https://doi.org/10.1002/admi.202100436,https://onlinelibrary.wiley.com/doi/pdfdirect/10.1002/admi.202100436,download_failed: HTTPError,,"本文关注 Ti, Mn, Fe, Co, Ni, Cu, Zn, Ru, Rh, Pd, Ag, W, Ir, Pt, Au 单原子位点在 N-doped graphene 等载体上的催化行为，主要应用于CO2 reduction/conversion。 文章以材料制备、结构表征和催化性能测试为核心，通常结合谱学/显微表征确认单原子分散。 摘要要点：In the arena of catalysis, single-atom catalysts (SACs) have been developed as the best alternative to not only homogeneous but also heterogeneous catalysts used in energy, and environmental applications because of their interesting properties. In a quest for",题名/摘要包含合成、制备、表征、测试或实验-理论联合研究信息，按实验论文归类；其中计算部分视作机理支持。
E0227,Experimental,Mixed_or_unclear,carbon/other support,catalysis,Status and Challenges of Cathode Materials for Room‐Temperature Sodium–Sulfur Batteries,Small Science,2021,Wiley,10.1002/smsc.202100059,https://doi.org/10.1002/smsc.202100059,https://onlinelibrary.wiley.com/doi/pdfdirect/10.1002/smsc.202100059,download_failed: HTTPError,,"本文关注 Mixed_or_unclear 单原子位点在 carbon/other support 等载体上的催化行为，主要应用于catalysis。 文章以材料制备、结构表征和催化性能测试为核心，通常结合谱学/显微表征确认单原子分散。 摘要要点：Room-temperature sodium-sulfur (RT Na-S) batteries have become the most potential large-scale energy storage systems due to the high theoretical energy density and low cost. However, the severe shuttle effect and the sluggish redox kinetics arising from the su",题名/摘要包含合成、制备、表征、测试或实验-理论联合研究信息，按实验论文归类；其中计算部分视作机理支持。
E0228,Experimental,Cu,graphene,oxygen reduction reaction,Substrate strain tunes operando geometric distortion and oxygen reduction activity of CuN2C2 single-atom sites,Nature Communications,2021,Nature Portfolio,10.1038/s41467-021-26747-1,https://doi.org/10.1038/s41467-021-26747-1,https://www.nature.com/articles/s41467-021-26747-1.pdf,open_url_not_pdf,,"本文关注 Cu 单原子位点在 graphene 等载体上的催化行为，主要应用于oxygen reduction reaction。 文章以材料制备、结构表征和催化性能测试为核心，通常结合谱学/显微表征确认单原子分散。 摘要要点：Abstract Single-atom catalysts are becoming increasingly significant to numerous energy conversion reactions. However, their rational design and construction remain quite challenging due to the poorly understood structure–function relationship. Here we demonst",题名/摘要包含合成、制备、表征、测试或实验-理论联合研究信息，按实验论文归类；其中计算部分视作机理支持。
E0229,Experimental,Ni,carbon/other support,CO2 reduction/conversion,Sulfur‐Dopant‐Promoted Electroreduction of CO 2 over Coordinatively Unsaturated Ni‐N 2 Moieties,Angewandte Chemie International Edition,2021,Wiley,10.1002/anie.202109373,https://doi.org/10.1002/anie.202109373,https://onlinelibrary.wiley.com/doi/pdfdirect/10.1002/anie.202109373,download_failed: HTTPError,,"本文关注 Ni 单原子位点在 carbon/other support 等载体上的催化行为，主要应用于CO2 reduction/conversion。 文章以材料制备、结构表征和催化性能测试为核心，通常结合谱学/显微表征确认单原子分散。 摘要要点：Abstract Atomically dispersed nickel–nitrogen–carbon (Ni‐N‐C) moieties are promising for efficient electrochemical CO 2 ‐to‐CO conversion. To improve the intrinsic electrocatalytic activity, it is essential but challenging to steer the coordination environment",题名/摘要包含合成、制备、表征、测试或实验-理论联合研究信息，按实验论文归类；其中计算部分视作机理支持。
E0230,Experimental,Mixed_or_unclear,graphene,CO2 reduction/conversion,Support-based modulation strategies in single-atom catalysts for electrochemical CO 2 reduction: graphene and conjugated macrocyclic complexes,Journal of Materials Chemistry A,2021,Royal Society of Chemistry,10.1039/d1ta09069k,https://doi.org/10.1039/d1ta09069k,https://pubs.rsc.org/en/content/articlepdf/2022/ta/d1ta09069k,downloaded_open_access_pdf,Experimental/Mixed_or_unclear/pdfs/E0230_Support-based_modulation_strategies_in_single-atom_catalysts_for_electrochemical_CO_2_redu.pdf,本文关注 Mixed_or_unclear 单原子位点在 graphene 等载体上的催化行为，主要应用于CO2 reduction/conversion。 文章以材料制备、结构表征和催化性能测试为核心，通常结合谱学/显微表征确认单原子分散。 摘要要点：An overview of two types of SACs for the CO 2 RR and the corresponding strategies to regulate the catalytic activity.,识别到合成、表征、电化学/催化测试或 operando/in situ 等实验关键词；若含 DFT，则视作实验论文的机理支持。
E0231,Experimental,Cu,carbon nitride,hydrogen evolution reaction,Synergistic Modulation of the Separation of Photo‐Generated Carriers via Engineering of Dual Atomic Sites for Promoting Photocatalytic Performance,Advanced Materials,2021,,10.1002/adma.202105904,https://doi.org/10.1002/adma.202105904,,no_open_pdf_in_metadata,,本文关注 Cu 单原子位点在 carbon nitride 等载体上的催化行为，主要应用于hydrogen evolution reaction。 文章以材料制备、结构表征和催化性能测试为核心，通常结合谱学/显微表征确认单原子分散。 摘要要点：Abstract The separation efficiency of photo‐generated carriers is still a great challenge that restricts the practical application of photocatalytic technology. The design of spatial separation path for photo‐generated carriers at atomic level provides an inno,识别到合成、表征、电化学/催化测试或 operando/in situ 等实验关键词；若含 DFT，则视作实验论文的机理支持。
E0232,Experimental,Co,carbon nitride,CO2 reduction/conversion,Synthesis of Atomically Thin g-C 3 N 4 Nanosheets via Supercritical CO 2 Doping with Single-Atom Cobalt for Photocatalytic Hydrogen Evolution,ACS Applied Materials & Interfaces,2021,American Chemical Society,10.1021/acsami.1c13933,https://doi.org/10.1021/acsami.1c13933,,no_open_pdf_in_metadata,,本文关注 Co 单原子位点在 carbon nitride 等载体上的催化行为，主要应用于CO2 reduction/conversion。 文章以材料制备、结构表征和催化性能测试为核心，通常结合谱学/显微表征确认单原子分散。 摘要要点：The atomically thin nanosheets of graphitic carbon nitride (g-C3N4) with mesopores have been successfully exfoliated with supercritical CO2 (scCO2). The thickness of the as-synthesized samples could be directly tailored by simply regulating the scCO2 pressure.,题名/摘要包含合成、制备、表征、测试或实验-理论联合研究信息，按实验论文归类；其中计算部分视作机理支持。
E0233,Experimental,Ru,graphene,nitrogen reduction/ammonia synthesis,Synthesis of a ruthenium–graphene quantum dot–graphene hybrid as a promising single-atom catalyst for electrochemical nitrogen reduction with ultrahigh yield rate and selectivity,Journal of Materials Chemistry A,2021,Royal Society of Chemistry,10.1039/d1ta07158k,https://doi.org/10.1039/d1ta07158k,,no_open_pdf_in_metadata,,本文关注 Ru 单原子位点在 graphene 等载体上的催化行为，主要应用于nitrogen reduction/ammonia synthesis。 文章以材料制备、结构表征和催化性能测试为核心，通常结合谱学/显微表征确认单原子分散。 摘要要点：We report synthesis of single-atom Ru–graphene quantum dot–graphene catalyst. Ru single atoms are fixed on graphene sheet with high Ru loading of 5.1%. NH 3 yield rate reaches 225 μg mg −1 h −1 that is better than that with the reported catalysts.,题名/摘要包含合成、制备、表征、测试或实验-理论联合研究信息，按实验论文归类；其中计算部分视作机理支持。
E0234,Experimental,Fe; Co; Ni; Cu; Mo,graphene,nitrogen reduction/ammonia synthesis,The Activation and Reduction of N 2 by Single/Double‐Atom Electrocatalysts: A First‐Principle Study,ChemistrySelect,2021,Wiley,10.1002/slct.202100057,https://doi.org/10.1002/slct.202100057,,no_open_pdf_in_metadata,,"本文关注 Fe, Co, Ni, Cu, Mo 单原子位点在 graphene 等载体上的催化行为，主要应用于nitrogen reduction/ammonia synthesis。 文章以材料制备、结构表征和催化性能测试为核心，通常结合谱学/显微表征确认单原子分散。 摘要要点：Abstract Developing low‐cost and highly efficient electrocatalysts for nitrogen reduction reaction (NRR) is one of the most attractive challenges. In this work, we systematically investigated the catalytic properties of the single atom catalysts (SAC) and the",题名/摘要包含合成、制备、表征、测试或实验-理论联合研究信息，按实验论文归类；其中计算部分视作机理支持。
E0235,Experimental,Cu,graphene,CO2 reduction/conversion,The Hallmarks of Copper Single Atom Catalysts in Direct Alcohol Fuel Cells and Electrochemical CO 2 Fixation,Advanced Materials Interfaces,2021,Wiley,10.1002/admi.202001822,https://doi.org/10.1002/admi.202001822,https://onlinelibrary.wiley.com/doi/pdfdirect/10.1002/admi.202001822,download_failed: HTTPError,,本文关注 Cu 单原子位点在 graphene 等载体上的催化行为，主要应用于CO2 reduction/conversion。 文章以材料制备、结构表征和催化性能测试为核心，通常结合谱学/显微表征确认单原子分散。 摘要要点：Abstract Single‐atom catalysts (SACs) are highly enviable to exploit the utmost utilization of metallic catalysts; their efficiency by utilizing nearly all atoms to often exhibit high catalytic performances. To architect the isolated single atom on an ideal so,识别到合成、表征、电化学/催化测试或 operando/in situ 等实验关键词；若含 DFT，则视作实验论文的机理支持。
E0236,Experimental,V; Cr; Mn; Fe; Co; Ni; Cu,N-doped graphene,CO2 reduction/conversion,Toward an Understanding of the Reversible Li-CO 2 Batteries over Metal–N 4 -Functionalized Graphene Electrocatalysts,ACS Nano,2021,American Chemical Society,10.1021/acsnano.1c10007,https://doi.org/10.1021/acsnano.1c10007,,no_open_pdf_in_metadata,,"本文关注 V, Cr, Mn, Fe, Co, Ni, Cu 单原子位点在 N-doped graphene 等载体上的催化行为，主要应用于CO2 reduction/conversion。 文章以材料制备、结构表征和催化性能测试为核心，通常结合谱学/显微表征确认单原子分散。 摘要要点：The lack of low-cost catalysts with high activity leads to the unsatisfactory electrochemical performance of Li-CO2 batteries. Single-atom catalysts (SACs) with metal–Nx moieties have great potential to improve battery reaction kinetics and cycling ability. Ho",题名/摘要包含合成、制备、表征、测试或实验-理论联合研究信息，按实验论文归类；其中计算部分视作机理支持。
E0237,Experimental,Mn,N-doped graphene,hydrogen evolution reaction,Tuning the Coordination Environment to Effect the Electrocatalytic Behavior of a Single-Atom Catalyst toward the Nitrogen Reduction Reaction,The Journal of Physical Chemistry C,2021,American Chemical Society,10.1021/acs.jpcc.1c02161,https://doi.org/10.1021/acs.jpcc.1c02161,,no_open_pdf_in_metadata,,本文关注 Mn 单原子位点在 N-doped graphene 等载体上的催化行为，主要应用于hydrogen evolution reaction。 文章以材料制备、结构表征和催化性能测试为核心，通常结合谱学/显微表征确认单原子分散。 摘要要点：Continual development of more advanced catalysts to support the more efficient electrocatalytic nitrogen reduction reaction (NRR) as a qualified substitute of the industrial Haber–Bosch reaction holds great significance but still remains largely underexplored.,题名/摘要包含合成、制备、表征、测试或实验-理论联合研究信息，按实验论文归类；其中计算部分视作机理支持。
E0238,Experimental,Pd,graphene,oxygen reduction reaction,Tuning the selectivity of catalytic nitriles hydrogenation by structure regulation in atomically dispersed Pd catalysts,Nature Communications,2021,Nature Portfolio,10.1038/s41467-021-26542-y,https://doi.org/10.1038/s41467-021-26542-y,https://www.nature.com/articles/s41467-021-26542-y.pdf,open_url_not_pdf,,"本文关注 Pd 单原子位点在 graphene 等载体上的催化行为，主要应用于oxygen reduction reaction。 文章以材料制备、结构表征和催化性能测试为核心，通常结合谱学/显微表征确认单原子分散。 摘要要点：Abstract The product selectivity in catalytic hydrogenation of nitriles is strongly correlated with the structure of the catalyst. In this work, two types of atomically dispersed Pd species stabilized on the defect-rich nanodiamond-graphene (ND@G) hybrid suppo",题名/摘要包含合成、制备、表征、测试或实验-理论联合研究信息，按实验论文归类；其中计算部分视作机理支持。
E0239,Experimental,Zn,carbon/other support,oxygen reduction reaction,Wood Carbon Based Single-Atom Catalyst for Rechargeable Zn–Air Batteries,ACS Energy Letters,2021,American Chemical Society,10.1021/acsenergylett.1c01678,https://doi.org/10.1021/acsenergylett.1c01678,https://www.osti.gov/servlets/purl/1923246,downloaded_open_access_pdf,Experimental/Zn/pdfs/E0239_Wood_Carbon_Based_Single-Atom_Catalyst_for_Rechargeable_Zn_Air_Batteries.pdf,"本文关注 Zn 单原子位点在 carbon/other support 等载体上的催化行为，主要应用于oxygen reduction reaction。 文章以材料制备、结构表征和催化性能测试为核心，通常结合谱学/显微表征确认单原子分散。 摘要要点：Low-cost and efficient oxygen reduction reaction (ORR)/oxygen evolution reaction (OER) bifunctional electrocatalysts are vital for the applications of rechargeable Zn–air batteries (ZABs). Given the high catalytic activity of single-atom catalysts (SACs), prep",识别到合成、表征、电化学/催化测试或 operando/in situ 等实验关键词；若含 DFT，则视作实验论文的机理支持。
E0240,Experimental,Fe,N-doped carbon,oxygen reduction reaction,2D Single-Atom Fe–N–C Catalyst Derived from a Layered Complex as an Oxygen Reduction Catalyst for PEMFCs,ACS Applied Energy Materials,2022,American Chemical Society,10.1021/acsaem.2c01290,https://doi.org/10.1021/acsaem.2c01290,,no_open_pdf_in_metadata,,"本文关注 Fe 单原子位点在 N-doped carbon 等载体上的催化行为，主要应用于oxygen reduction reaction。 文章以材料制备、结构表征和催化性能测试为核心，通常结合谱学/显微表征确认单原子分散。 摘要要点：Fe single-atom catalysts of oxygen reduction reaction (ORR) are restricted by the agglomeration during the synthesis process and inferior stability, especially in acidic conditions. An efficient synthesis strategy is urgently needed to alleviate these disadvan",题名/摘要包含合成、制备、表征、测试或实验-理论联合研究信息，按实验论文归类；其中计算部分视作机理支持。
E0241,Experimental,Mixed_or_unclear,graphene,oxygen reduction reaction,3D Nanoporous Graphene Based Single-Atom Electrocatalysts for Energy Conversion and Storage,Accounts of Materials Research,2022,American Chemical Society,10.1021/accountsmr.2c00097,https://doi.org/10.1021/accountsmr.2c00097,,no_open_pdf_in_metadata,,本文关注 Mixed_or_unclear 单原子位点在 graphene 等载体上的催化行为，主要应用于oxygen reduction reaction。 文章以材料制备、结构表征和催化性能测试为核心，通常结合谱学/显微表征确认单原子分散。 摘要要点：ConspectusThis Account will provide an overview and analysis on recent research of 3D nanoporous graphene based single-atom electrocatalysts for energy conversion and storage applications. In order to meet the increasing energy demands and assist in the transi,题名/摘要包含合成、制备、表征、测试或实验-理论联合研究信息，按实验论文归类；其中计算部分视作机理支持。
E0242,Experimental,Pd,graphene,hydrogenation,A Magnetically Separable Pd Single‐Atom Catalyst for Efficient Selective Hydrogenation of Phenylacetylene,Advanced Materials,2022,,10.1002/adma.202110455,https://doi.org/10.1002/adma.202110455,,no_open_pdf_in_metadata,,"本文关注 Pd 单原子位点在 graphene 等载体上的催化行为，主要应用于hydrogenation。 文章以材料制备、结构表征和催化性能测试为核心，通常结合谱学/显微表征确认单原子分散。 摘要要点：Abstract Selective hydrogenation of alkynes to alkenes plays a crucial role in the synthesis of fine chemicals. However, how to achieve high selectivity and effective separation of the catalyst and substrate while obtaining high activity is the key for this re",题名/摘要包含合成、制备、表征、测试或实验-理论联合研究信息，按实验论文归类；其中计算部分视作机理支持。
E0243,Experimental,Fe,N-doped carbon,catalysis,A Sulfur‐Tolerant MOF‐Based Single‐Atom Fe Catalyst for Efficient Oxidation of NO and Hg 0 (Adv. Mater. 20/2022),Advanced Materials,2022,,10.1002/adma.202270149,https://doi.org/10.1002/adma.202270149,,no_open_pdf_in_metadata,,"本文关注 Fe 单原子位点在 N-doped carbon 等载体上的催化行为，主要应用于catalysis。 文章以材料制备、结构表征和催化性能测试为核心，通常结合谱学/显微表征确认单原子分散。 摘要要点：Single-Atom Catalysts A single-atom Fe decorated N-doped carbon catalyst (Fe1-N4-C), derived from an Fe-doped metal–organic framework, is developed by Zhengyang Gao, Hai-Long Jiang, and co-workers in article number 2110123. The unique Fe1-N4 sites in Fe1-N4-C",识别到合成、表征、电化学/催化测试或 operando/in situ 等实验关键词；若含 DFT，则视作实验论文的机理支持。
E0244,Experimental,Co,N-doped carbon,oxygen reduction reaction,A doping-adsorption-pyrolysis strategy for constructing atomically dispersed cobalt sites anchored on a N-doped carbon framework as an efficient bifunctional electrocatalyst for hydrogen evolution and oxygen reduction,RSC Advances,2022,Royal Society of Chemistry,10.1039/d2ra03351h,https://doi.org/10.1039/d2ra03351h,https://pubs.rsc.org/en/content/articlepdf/2022/ra/d2ra03351h,downloaded_open_access_pdf,Experimental/Co/pdfs/E0244_A_doping-adsorption-pyrolysis_strategy_for_constructing_atomically_dispersed_cobalt_sites_.pdf,"本文关注 Co 单原子位点在 N-doped carbon 等载体上的催化行为，主要应用于oxygen reduction reaction。 文章以材料制备、结构表征和催化性能测试为核心，通常结合谱学/显微表征确认单原子分散。 摘要要点：site shows low hydrogen adsorption Gibbs free energy, and promotes the adsorption of H and oxygen-containing intermediates in HER and ORR. This work not only provides a new idea for the construction of transition metal catalysts with atomic accuracy but also p",题名/摘要包含合成、制备、表征、测试或实验-理论联合研究信息，按实验论文归类；其中计算部分视作机理支持。
E0245,Experimental,Fe; Cu,N-doped graphene,CO2 reduction/conversion,A metal-supported single-atom catalytic site enables carbon dioxide hydrogenation,Nature Communications,2022,Nature Portfolio,10.1038/s41467-022-28456-9,https://doi.org/10.1038/s41467-022-28456-9,https://www.nature.com/articles/s41467-022-28456-9.pdf,open_url_not_pdf,,"本文关注 Fe, Cu 单原子位点在 N-doped graphene 等载体上的催化行为，主要应用于CO2 reduction/conversion。 文章以材料制备、结构表征和催化性能测试为核心，通常结合谱学/显微表征确认单原子分散。 摘要要点：Abstract Nitrogen-doped graphene-supported single atoms convert CO 2 to CO, but fail to provide further hydrogenation to methane – a finding attributable to the weak adsorption of CO intermediates. To regulate the adsorption energy, here we investigate the met",题名/摘要包含合成、制备、表征、测试或实验-理论联合研究信息，按实验论文归类；其中计算部分视作机理支持。
E0246,Experimental,Zn,N-doped carbon,hydrogen evolution reaction,Atomic Dispersion of Zn 2+ on N-Doped Carbon Materials: From Non-Activity to High Activity for Catalyzing Luminol-H 2 O 2 Chemiluminescence,Analytical Chemistry,2022,American Chemical Society,10.1021/acs.analchem.2c03902,https://doi.org/10.1021/acs.analchem.2c03902,,no_open_pdf_in_metadata,,"本文关注 Zn 单原子位点在 N-doped carbon 等载体上的催化行为，主要应用于hydrogen evolution reaction。 文章以材料制备、结构表征和催化性能测试为核心，通常结合谱学/显微表征确认单原子分散。 摘要要点：Fe and Co single-atom catalysts (SACs) have been widely explored in many fields, while Zn SACs are still in their infancy stage. Herein, we unexpectedly found that atomically dispersed Zn2+ on N-doped carbon material (Zn-N-C) exhibited high catalytic activity",题名/摘要包含合成、制备、表征、测试或实验-理论联合研究信息，按实验论文归类；其中计算部分视作机理支持。
E0247,Experimental,Mn; Fe; Co; Pt,carbon/other support,oxygen reduction reaction,Atomically dispersed dual‐metal‐site PGM‐free electrocatalysts for oxygen reduction reaction: Opportunities and challenges,SusMat,2022,Wiley,10.1002/sus2.69,https://doi.org/10.1002/sus2.69,https://onlinelibrary.wiley.com/doi/pdfdirect/10.1002/sus2.69,download_failed: HTTPError,,"本文关注 Mn, Fe, Co, Pt 单原子位点在 carbon/other support 等载体上的催化行为，主要应用于oxygen reduction reaction。 文章以材料制备、结构表征和催化性能测试为核心，通常结合谱学/显微表征确认单原子分散。 摘要要点：Abstract Atomically dispersed and nitrogen coordinated single metal site (MN x , M = Fe, Co, or Mn) moieties embedded in partially graphitized carbon (denoted as M–N–C) are recognized as the most promising platinum group metal‐free catalysts for the oxygen red",题名/摘要包含合成、制备、表征、测试或实验-理论联合研究信息，按实验论文归类；其中计算部分视作机理支持。
E0248,Experimental,Cu,carbon nitride,oxygen reduction reaction,Azide-Alkyne Click Chemistry over a Heterogeneous Copper-Based Single-Atom Catalyst,ACS Catalysis,2022,American Chemical Society,10.1021/acscatal.1c05610,https://doi.org/10.1021/acscatal.1c05610,https://pubs.acs.org/doi/pdf/10.1021/acscatal.1c05610,download_failed: HTTPError,,本文关注 Cu 单原子位点在 carbon nitride 等载体上的催化行为，主要应用于oxygen reduction reaction。 文章以材料制备、结构表征和催化性能测试为核心，通常结合谱学/显微表征确认单原子分散。 摘要要点：One-pot three-component regioselective azidealkyne cycloadditions are central reactions for synthesizing pharmaceuticals and fine chemicals and are also applied for in vivo metabolic labeling biotechnology. Homogeneous catalysts based on copper species coordin,题名/摘要包含合成、制备、表征、测试或实验-理论联合研究信息，按实验论文归类；其中计算部分视作机理支持。
E0249,Experimental,Co,carbon/other support,oxygen reduction reaction,Boosting Oxygen Reduction for High‐Efficiency H 2 O 2 Electrosynthesis on Oxygen‐Coordinated CoNC Catalysts,Small,2022,Wiley,10.1002/smll.202200730,https://doi.org/10.1002/smll.202200730,,no_open_pdf_in_metadata,,"本文关注 Co 单原子位点在 carbon/other support 等载体上的催化行为，主要应用于oxygen reduction reaction。 文章以材料制备、结构表征和催化性能测试为核心，通常结合谱学/显微表征确认单原子分散。 摘要要点：Abstract Atomically dispersed CoNC is a promising material for H 2 O 2 selective electrosynthesis via a two‐electron oxygen reduction reaction. However, the performance of typical CoNC materials with routine CoN 4 active center is insufficient and needs t",题名/摘要包含合成、制备、表征、测试或实验-理论联合研究信息，按实验论文归类；其中计算部分视作机理支持。
E0250,Experimental,Mixed_or_unclear,graphene,nitrogen reduction/ammonia synthesis,Catalytic active centers beyond transition metals: atomically dispersed alkaline-earth metals for the electroreduction of nitrate to ammonia,Journal of Materials Chemistry A,2022,Royal Society of Chemistry,10.1039/d2ta08027c,https://doi.org/10.1039/d2ta08027c,,no_open_pdf_in_metadata,,"本文关注 Mixed_or_unclear 单原子位点在 graphene 等载体上的催化行为，主要应用于nitrogen reduction/ammonia synthesis。 文章以材料制备、结构表征和催化性能测试为核心，通常结合谱学/显微表征确认单原子分散。 摘要要点：Taking an alkaline-earth (AE) metal single-atom catalyst supported on graphene as the representative, the feasibility of AE metals as active centers for the electrocatalytic nitrate reduction reaction to produce NH 3 has been theoretically explored.",题名/摘要包含合成、制备、表征、测试或实验-理论联合研究信息，按实验论文归类；其中计算部分视作机理支持。
E0251,Experimental,Fe; Co,N-doped carbon,oxygen reduction reaction,Chemical and Electrochemical O 2 Reduction on Earth-Abundant M-N-C Catalysts and Implications for Mediated Electrolysis,Journal of the American Chemical Society,2022,American Chemical Society,10.1021/jacs.1c11126,https://doi.org/10.1021/jacs.1c11126,https://www.osti.gov/servlets/purl/1865652,downloaded_open_access_pdf,Experimental/Fe/pdfs/E0251_Chemical_and_Electrochemical_O_2_Reduction_on_Earth-Abundant_M-N-C_Catalysts_and_Implicati.pdf,"本文关注 Fe, Co 单原子位点在 N-doped carbon 等载体上的催化行为，主要应用于oxygen reduction reaction。 文章以材料制备、结构表征和催化性能测试为核心，通常结合谱学/显微表征确认单原子分散。 摘要要点：M-N-C catalysts, incorporating non-precious-metal ions (e.g. M = Fe, Co) within a nitrogen-doped carbon support, have been the focus of broad interest for electrochemical O2 reduction and aerobic oxidation reactions. The present study explores the mechanistic",识别到合成、表征、电化学/催化测试或 operando/in situ 等实验关键词；若含 DFT，则视作实验论文的机理支持。
E0252,Experimental,Co,carbon nitride,hydrogen evolution reaction,Cobalt Single Atoms Anchored on Oxygen‐Doped Tubular Carbon Nitride for Efficient Peroxymonosulfate Activation: Simultaneous Coordination Structure and Morphology Modulation,Angewandte Chemie International Edition,2022,Wiley,10.1002/anie.202202338,https://doi.org/10.1002/anie.202202338,,no_open_pdf_in_metadata,,本文关注 Co 单原子位点在 carbon nitride 等载体上的催化行为，主要应用于hydrogen evolution reaction。 文章以材料制备、结构表征和催化性能测试为核心，通常结合谱学/显微表征确认单原子分散。 摘要要点：Abstract Simultaneous regulation of the coordination environment of single‐atom catalysts (SACs) and engineering architectures with efficient exposed active sites are efficient strategies for boosting peroxymonosulfate (PMS) activation. We isolated cobalt atom,题名/摘要包含合成、制备、表征、测试或实验-理论联合研究信息，按实验论文归类；其中计算部分视作机理支持。
E0253,Experimental,Co,carbon nitride,hydrogen evolution reaction,Cobalt Single Atoms Anchored on Oxygen‐Doped Tubular Carbon Nitride for Efficient Peroxymonosulfate Activation: Simultaneous Coordination Structure and Morphology Modulation,Angewandte Chemie,2022,Wiley,10.1002/ange.202202338,https://doi.org/10.1002/ange.202202338,,no_open_pdf_in_metadata,,本文关注 Co 单原子位点在 carbon nitride 等载体上的催化行为，主要应用于hydrogen evolution reaction。 文章以材料制备、结构表征和催化性能测试为核心，通常结合谱学/显微表征确认单原子分散。 摘要要点：Abstract Simultaneous regulation of the coordination environment of single‐atom catalysts (SACs) and engineering architectures with efficient exposed active sites are efficient strategies for boosting peroxymonosulfate (PMS) activation. We isolated cobalt atom,题名/摘要包含合成、制备、表征、测试或实验-理论联合研究信息，按实验论文归类；其中计算部分视作机理支持。
E0254,Experimental,Ru; Au,carbon/other support,oxygen reduction reaction,Controlled Formation of Dimers and Spatially Isolated Atoms in Bimetallic Au‐Ru Catalysts via Carbon‐Host Functionalization,Small,2022,Wiley,10.1002/smll.202200224,https://doi.org/10.1002/smll.202200224,https://onlinelibrary.wiley.com/doi/pdfdirect/10.1002/smll.202200224,download_failed: HTTPError,,"本文关注 Ru, Au 单原子位点在 carbon/other support 等载体上的催化行为，主要应用于oxygen reduction reaction。 文章以材料制备、结构表征和催化性能测试为核心，通常结合谱学/显微表征确认单原子分散。 摘要要点：The introduction of a foreign metal atom in the coordination environment of single-atom catalysts constitutes an exciting frontier of active-site engineering, generating bimetallic low-nuclearity catalysts often exhibiting unique catalytic synergies. To date,",题名/摘要包含合成、制备、表征、测试或实验-理论联合研究信息，按实验论文归类；其中计算部分视作机理支持。
E0255,Experimental,Pd,carbon/other support,hydrogen evolution reaction,Cooperative catalysis by a single-atom enzyme-metal complex,Nature Communications,2022,Nature Portfolio,10.1038/s41467-022-29900-6,https://doi.org/10.1038/s41467-022-29900-6,https://www.nature.com/articles/s41467-022-29900-6.pdf,open_url_not_pdf,,"本文关注 Pd 单原子位点在 carbon/other support 等载体上的催化行为，主要应用于hydrogen evolution reaction。 文章以材料制备、结构表征和催化性能测试为核心，通常结合谱学/显微表征确认单原子分散。 摘要要点：Abstract Anchoring single metal atoms on enzymes has great potential to generate hybrid catalysts with high activity and selectivity for reactions that cannot be driven by traditional metal catalysts. Herein, we develop a photochemical method to construct a st",识别到合成、表征、电化学/催化测试或 operando/in situ 等实验关键词；若含 DFT，则视作实验论文的机理支持。
E0256,Experimental,Cu,N-doped graphene,CO2 reduction/conversion,Dynamic Stability of Copper Single-Atom Catalysts under Working Conditions,Journal of the American Chemical Society,2022,American Chemical Society,10.1021/jacs.2c07178,https://doi.org/10.1021/jacs.2c07178,,no_open_pdf_in_metadata,,"本文关注 Cu 单原子位点在 N-doped graphene 等载体上的催化行为，主要应用于CO2 reduction/conversion。 文章以材料制备、结构表征和催化性能测试为核心，通常结合谱学/显微表征确认单原子分散。 摘要要点：The long-term stability of single-atom catalysts is a major factor affecting their large-scale commercial application. How to evaluate the dynamic stability of single-atom catalysts under working conditions is still lacking. Here, taking a single copper atom e",识别到合成、表征、电化学/催化测试或 operando/in situ 等实验关键词；若含 DFT，则视作实验论文的机理支持。
E0257,Experimental,Mixed_or_unclear,graphene,CO2 reduction/conversion,Electric-Field-Triggered Graphene Production: From Fundamental Energy Applications to Perspectives,Accounts of Materials Research,2022,American Chemical Society,10.1021/accountsmr.1c00211,https://doi.org/10.1021/accountsmr.1c00211,,no_open_pdf_in_metadata,,"本文关注 Mixed_or_unclear 单原子位点在 graphene 等载体上的催化行为，主要应用于CO2 reduction/conversion。 文章以材料制备、结构表征和催化性能测试为核心，通常结合谱学/显微表征确认单原子分散。 摘要要点：ConspectusTwo-dimensional sp2-hybridized graphene has been seriously considered and applied in various fields, such as materials science, energy storage/conversion, catalysis, and biomedicine, on account of its unique long-range-ordered and π-conjugated struct",题名/摘要包含合成、制备、表征、测试或实验-理论联合研究信息，按实验论文归类；其中计算部分视作机理支持。
E0258,Experimental,Sc; Ti; V; Fe; Co; Cu; Zn,N-doped graphene,CO2 reduction/conversion,Electrochemical CO 2 Reduction over Metal-/Nitrogen-Doped Graphene Single-Atom Catalysts Modeled Using the Grand-Canonical Density Functional Theory,ACS Catalysis,2022,American Chemical Society,10.1021/acscatal.2c01832,https://doi.org/10.1021/acscatal.2c01832,,no_open_pdf_in_metadata,,"本文关注 Sc, Ti, V, Fe, Co, Cu, Zn 单原子位点在 N-doped graphene 等载体上的催化行为，主要应用于CO2 reduction/conversion。 文章以材料制备、结构表征和催化性能测试为核心，通常结合谱学/显微表征确认单原子分散。 摘要要点：Renewably driven, electrochemical conversion of carbon dioxide into value-added products is expected to be a critical tool in global decarbonization. However, theoretical studies based on the computational hydrogen electrode largely ignore the nonlinear effect",题名/摘要包含合成、制备、表征、测试或实验-理论联合研究信息，按实验论文归类；其中计算部分视作机理支持。
E0259,Experimental,Co,N-doped carbon,catalysis,Electrochemical quantification of sulfamethoxazole antibiotic in environmental water using zeolitic imidazolate framework (ZIF)-derived single-atom cobalt catalyst in nitrogen-doped carbon nanostructures,Sensors & Diagnostics,2022,Royal Society of Chemistry,10.1039/d2sd00117a,https://doi.org/10.1039/d2sd00117a,https://pubs.rsc.org/en/content/articlepdf/2022/sd/d2sd00117a,downloaded_open_access_pdf,Experimental/Co/pdfs/E0259_Electrochemical_quantification_of_sulfamethoxazole_antibiotic_in_environmental_water_using.pdf,本文关注 Co 单原子位点在 N-doped carbon 等载体上的催化行为，主要应用于catalysis。 文章以材料制备、结构表征和催化性能测试为核心，通常结合谱学/显微表征确认单原子分散。 摘要要点：An electrochemical sensor based on single-atom cobalt-anchored nitrogen-doped carbon catalysts is developed to quantify sulfamethoxazole in environmental water samples.,识别到合成、表征、电化学/催化测试或 operando/in situ 等实验关键词；若含 DFT，则视作实验论文的机理支持。
E0260,Experimental,Pt,graphene,hydrogen evolution reaction,Elucidating the Formation and Structural Evolution of Platinum Single-Site Catalysts for the Hydrogen Evolution Reaction,ACS Catalysis,2022,American Chemical Society,10.1021/acscatal.1c05958,https://doi.org/10.1021/acscatal.1c05958,https://pubs.acs.org/doi/pdf/10.1021/acscatal.1c05958,download_failed: HTTPError,,"本文关注 Pt 单原子位点在 graphene 等载体上的催化行为，主要应用于hydrogen evolution reaction。 文章以材料制备、结构表征和催化性能测试为核心，通常结合谱学/显微表征确认单原子分散。 摘要要点：Platinum single-site catalysts (SSCs) are a promising technology for the production of hydrogen from clean energy sources. They have high activity and maximal platinum-atom utilization. However, the bonding environment of platinum during operation is poorly un",题名/摘要包含合成、制备、表征、测试或实验-理论联合研究信息，按实验论文归类；其中计算部分视作机理支持。
E0261,Experimental,Co,N-doped carbon,hydrogen evolution reaction,Engineering the Coordination Interface of Isolated Co Atomic Sites Anchored on N-Doped Carbon for Effective Hydrogen Evolution Reaction,ACS Applied Materials & Interfaces,2022,American Chemical Society,10.1021/acsami.2c09107,https://doi.org/10.1021/acsami.2c09107,,no_open_pdf_in_metadata,,"本文关注 Co 单原子位点在 N-doped carbon 等载体上的催化行为，主要应用于hydrogen evolution reaction。 文章以材料制备、结构表征和催化性能测试为核心，通常结合谱学/显微表征确认单原子分散。 摘要要点：The regulation of the coordination environment of the central metal atom is considered as an alternative way to enhance the performance of single-atom catalysts (SACs). Herein, we design an electrocatalyst with active sites of isolated Co atoms coordinated wit",题名/摘要包含合成、制备、表征、测试或实验-理论联合研究信息，按实验论文归类；其中计算部分视作机理支持。
E0262,Experimental,Cr,carbon/other support,hydrogen evolution reaction,Enhanced Oxygen Activation Achieved by Robust Single Chromium Atom-Derived Catalysts in Aerobic Oxidative Desulfurization,ACS Catalysis,2022,American Chemical Society,10.1021/acscatal.2c01329,https://doi.org/10.1021/acscatal.2c01329,https://www.osti.gov/servlets/purl/1883764,downloaded_open_access_pdf,Experimental/Cr/pdfs/E0262_Enhanced_Oxygen_Activation_Achieved_by_Robust_Single_Chromium_Atom-Derived_Catalysts_in_Ae.pdf,"本文关注 Cr 单原子位点在 carbon/other support 等载体上的催化行为，主要应用于hydrogen evolution reaction。 文章以材料制备、结构表征和催化性能测试为核心，通常结合谱学/显微表征确认单原子分散。 摘要要点：Oxidative desulfurization (ODS) plays critical roles in the production of high-quality sulfur impurity-free fuels, especially procedures using molecular oxygen as the sole oxidant. However, the state-of-the-art systems still rely on noble metal nanocatalysts,",题名/摘要包含合成、制备、表征、测试或实验-理论联合研究信息，按实验论文归类；其中计算部分视作机理支持。
E0263,Experimental,Mixed_or_unclear,graphene,catalysis,Formulating electronic descriptors to rationally design graphene-supported single-atom catalysts for oxygen electrocatalysis,Journal of Materials Chemistry A,2022,Royal Society of Chemistry,10.1039/d2ta05607k,https://doi.org/10.1039/d2ta05607k,,no_open_pdf_in_metadata,,本文关注 Mixed_or_unclear 单原子位点在 graphene 等载体上的催化行为，主要应用于catalysis。 文章以材料制备、结构表征和催化性能测试为核心，通常结合谱学/显微表征确认单原子分散。 摘要要点：Descriptors indicating activity and stability of G-SACs and a guideline for material design are suggested through pre hoc analysis.,识别到合成、表征、电化学/催化测试或 operando/in situ 等实验关键词；若含 DFT，则视作实验论文的机理支持。
E0264,Experimental,Co,carbon/other support,catalysis,Hierarchically ordered porous carbon with atomically dispersed cobalt for oxidative esterification of furfural,Industrial Chemistry and Materials,2022,Royal Society of Chemistry,10.1039/d2im00045h,https://doi.org/10.1039/d2im00045h,https://pubs.rsc.org/en/content/articlepdf/2023/im/d2im00045h,downloaded_open_access_pdf,Experimental/Co/pdfs/E0264_Hierarchically_ordered_porous_carbon_with_atomically_dispersed_cobalt_for_oxidative_esteri.pdf,"本文关注 Co 单原子位点在 carbon/other support 等载体上的催化行为，主要应用于catalysis。 文章以材料制备、结构表征和催化性能测试为核心，通常结合谱学/显微表征确认单原子分散。 摘要要点：Co-SA/3DOM-NC catalysts with a three-dimensional ordered macropore structure and highly dispersed CoN 4 sites are successfully fabricated, and show high catalytic activity and selectivity in the oxidative esterification of furfural.",题名/摘要包含合成、制备、表征、测试或实验-理论联合研究信息，按实验论文归类；其中计算部分视作机理支持。
E0265,Experimental,Pd,N-doped carbon,oxygen reduction reaction,Highly Selective Oxygen Reduction to Hydrogen Peroxide on a Carbon-Supported Single-Atom Pd Electrocatalyst,ACS Catalysis,2022,American Chemical Society,10.1021/acscatal.1c05633,https://doi.org/10.1021/acscatal.1c05633,https://www.osti.gov/servlets/purl/1889638,downloaded_open_access_pdf,Experimental/Pd/pdfs/E0265_Highly_Selective_Oxygen_Reduction_to_Hydrogen_Peroxide_on_a_Carbon-Supported_Single-Atom_P.pdf,"本文关注 Pd 单原子位点在 N-doped carbon 等载体上的催化行为，主要应用于oxygen reduction reaction。 文章以材料制备、结构表征和催化性能测试为核心，通常结合谱学/显微表征确认单原子分散。 摘要要点：Selective electrochemical two-electron oxygen reduction is a promising route for renewable and on-site H2O2 generation as an alternative to the anthraquinone process. Herein, we report a high-performance nitrogen-coordinated single-atom Pd electrocatalyst, whi",题名/摘要包含合成、制备、表征、测试或实验-理论联合研究信息，按实验论文归类；其中计算部分视作机理支持。
E0266,Experimental,Co; Zn,graphene,oxygen reduction reaction,High‐Loading Co Single Atoms and Clusters Active Sites toward Enhanced Electrocatalysis of Oxygen Reduction Reaction for High‐Performance Zn–Air Battery,Advanced Functional Materials,2022,Wiley,10.1002/adfm.202209726,https://doi.org/10.1002/adfm.202209726,,no_open_pdf_in_metadata,,"本文关注 Co, Zn 单原子位点在 graphene 等载体上的催化行为，主要应用于oxygen reduction reaction。 文章以材料制备、结构表征和催化性能测试为核心，通常结合谱学/显微表征确认单原子分散。 摘要要点：Abstract The development of precious‐metal alternative electrocatalysts for oxygen reduction reaction (ORR) is highly desired for a variety of fuel cells, and single atom catalysts (SACs) have been envisaged to be the promising choice. However, there remains c",题名/摘要包含合成、制备、表征、测试或实验-理论联合研究信息，按实验论文归类；其中计算部分视作机理支持。
E0267,Experimental,Rh,N-doped carbon,oxygen reduction reaction,Hollow Carbon Nanorod Confined Single Atom Rh for Direct Formic Acid Electrooxidation,Advanced Science,2022,Wiley,10.1002/advs.202205299,https://doi.org/10.1002/advs.202205299,,no_open_pdf_in_metadata,,"本文关注 Rh 单原子位点在 N-doped carbon 等载体上的催化行为，主要应用于oxygen reduction reaction。 文章以材料制备、结构表征和催化性能测试为核心，通常结合谱学/显微表征确认单原子分散。 摘要要点：Nearly theoretical 100% atomic utilization (supposing each atom could serve as independent sites to play a role in catalyz) of single-atom catalysts (SACs) makes it highly promising for various applications. However, for most SACs, single-atom sites are trappe",题名/摘要包含合成、制备、表征、测试或实验-理论联合研究信息，按实验论文归类；其中计算部分视作机理支持。
E0268,Experimental,Mn; Co; Ni; Cu,carbon/other support,hydrogen evolution reaction,Hollow mesoporous atomically dispersed metal-nitrogen-carbon catalysts with enhanced diffusion for catalysis involving larger molecules,Nature Communications,2022,Nature Portfolio,10.1038/s41467-022-30520-3,https://doi.org/10.1038/s41467-022-30520-3,https://www.nature.com/articles/s41467-022-30520-3.pdf,open_url_not_pdf,,"本文关注 Mn, Co, Ni, Cu 单原子位点在 carbon/other support 等载体上的催化行为，主要应用于hydrogen evolution reaction。 文章以材料制备、结构表征和催化性能测试为核心，通常结合谱学/显微表征确认单原子分散。 摘要要点：Abstract Single-atom catalysts (SACs) show great promise in various applications due to their maximal atom utilization efficiency. However, the controlled synthesis of SACs with appropriate porous structures remains a challenge that must be overcome to address",题名/摘要包含合成、制备、表征、测试或实验-理论联合研究信息，按实验论文归类；其中计算部分视作机理支持。
E0269,Experimental,Ti,graphene,oxygen reduction reaction,Hydrogen Spillover and Storage on Graphene with Single-Site Ti Catalysts,ACS Energy Letters,2022,American Chemical Society,10.1021/acsenergylett.2c00941,https://doi.org/10.1021/acsenergylett.2c00941,https://arxiv.org/pdf/2206.06638,downloaded_open_access_pdf,Experimental/Ti/pdfs/E0269_Hydrogen_Spillover_and_Storage_on_Graphene_with_Single-Site_Ti_Catalysts.pdf,"本文关注 Ti 单原子位点在 graphene 等载体上的催化行为，主要应用于oxygen reduction reaction。 文章以材料制备、结构表征和催化性能测试为核心，通常结合谱学/显微表征确认单原子分散。 摘要要点：Hydrogen spillover and storage for single-site metal catalysts, including single-atom catalysts (SACs) and single nanocluster catalysts, have been elucidated for various supports but remain poorly understood for inert carbon supports. Here, we use synchrotron-",题名/摘要包含合成、制备、表征、测试或实验-理论联合研究信息，按实验论文归类；其中计算部分视作机理支持。
E0270,Experimental,Fe,carbon/other support,oxygen reduction reaction,Identifying the impact of the covalent-bonded carbon matrix to FeN4 sites for acidic oxygen reduction,Nature Communications,2022,Nature Portfolio,10.1038/s41467-021-27735-1,https://doi.org/10.1038/s41467-021-27735-1,https://www.nature.com/articles/s41467-021-27735-1.pdf,open_url_not_pdf,,"本文关注 Fe 单原子位点在 carbon/other support 等载体上的催化行为，主要应用于oxygen reduction reaction。 文章以材料制备、结构表征和催化性能测试为核心，通常结合谱学/显微表征确认单原子分散。 摘要要点：Abstract The atomic configurations of FeN x moieties are the key to affect the activity of oxygen rection reaction (ORR). However, the traditional synthesis relying on high-temperature pyrolysis towards combining sources of Fe, N, and C often results in the pl",题名/摘要包含合成、制备、表征、测试或实验-理论联合研究信息，按实验论文归类；其中计算部分视作机理支持。
E0271,Experimental,Fe,carbon nitride,hydrogen evolution reaction,In Situ Hydroxylation of a Single-Atom Iron Catalyst for Preferential 1 O 2 Production from H 2 O 2,ACS Catalysis,2022,American Chemical Society,10.1021/acscatal.2c04484,https://doi.org/10.1021/acscatal.2c04484,,no_open_pdf_in_metadata,,"本文关注 Fe 单原子位点在 carbon nitride 等载体上的催化行为，主要应用于hydrogen evolution reaction。 文章以材料制备、结构表征和催化性能测试为核心，通常结合谱学/显微表征确认单原子分散。 摘要要点：In Fenton or Fenton-like reactions, ·OH obtained by the reductive activation of H2O2 is regarded as the major reactive oxygen species (ROS); however, the generation of other ROS like O2·– and 1O2 cannot be negligible. Since the degradation capability of a cert",题名/摘要包含合成、制备、表征、测试或实验-理论联合研究信息，按实验论文归类；其中计算部分视作机理支持。
E0272,Experimental,Co,N-doped carbon,hydrogen evolution reaction,Introducing Co–O Moiety to Co–N–C Single-Atom Catalyst for Ethylbenzene Dehydrogenation,ACS Catalysis,2022,American Chemical Society,10.1021/acscatal.2c01873,https://doi.org/10.1021/acscatal.2c01873,,no_open_pdf_in_metadata,,"本文关注 Co 单原子位点在 N-doped carbon 等载体上的催化行为，主要应用于hydrogen evolution reaction。 文章以材料制备、结构表征和催化性能测试为核心，通常结合谱学/显微表征确认单原子分散。 摘要要点：While single-atom catalysts (SACs) have been extensively studied as a type of high-atom-efficiency heterogeneous catalyst, their reaction stability under high temperature reductive atmosphere is yet to be addressed. In this work, we introduced a Co–O moiety to",题名/摘要包含合成、制备、表征、测试或实验-理论联合研究信息，按实验论文归类；其中计算部分视作机理支持。
E0273,Experimental,Ni,N-doped carbon,CO2 reduction/conversion,Investigation of the Structure of Atomically Dispersed NiN x Sites in Ni and N-Doped Carbon Electrocatalysts by 61 Ni Mössbauer Spectroscopy and Simulations,Journal of the American Chemical Society,2022,American Chemical Society,10.1021/jacs.2c09825,https://doi.org/10.1021/jacs.2c09825,https://www.osti.gov/servlets/purl/2006813,downloaded_open_access_pdf,Experimental/Ni/pdfs/E0273_Investigation_of_the_Structure_of_Atomically_Dispersed_NiN_x_Sites_in_Ni_and_N-Doped_Carbo.pdf,"本文关注 Ni 单原子位点在 N-doped carbon 等载体上的催化行为，主要应用于CO2 reduction/conversion。 文章以材料制备、结构表征和催化性能测试为核心，通常结合谱学/显微表征确认单原子分散。 摘要要点：Ni and nitrogen-doped carbons are selective catalysts for CO2 reduction to CO (CO2R), but the hypothesized NiNx active sites are challenging to probe with traditional characterization methods. Here, we synthesize 61Ni-enriched model catalysts, termed 61NiPACN,",题名/摘要包含合成、制备、表征、测试或实验-理论联合研究信息，按实验论文归类；其中计算部分视作机理支持。
E0274,Experimental,Co; Ir,carbon/other support,oxygen evolution reaction,Iridium single atoms incorporated in Co3O4 efficiently catalyze the oxygen evolution in acidic conditions,Nature Communications,2022,Nature Portfolio,10.1038/s41467-022-35426-8,https://doi.org/10.1038/s41467-022-35426-8,https://www.nature.com/articles/s41467-022-35426-8.pdf,open_url_not_pdf,,"本文关注 Co, Ir 单原子位点在 carbon/other support 等载体上的催化行为，主要应用于oxygen evolution reaction。 文章以材料制备、结构表征和催化性能测试为核心，通常结合谱学/显微表征确认单原子分散。 摘要要点：Abstract Designing active and stable electrocatalysts with economic efficiency for acidic oxygen evolution reaction is essential for developing proton exchange membrane water electrolyzers. Herein, we report on a cobalt oxide incorporated with iridium single a",题名/摘要包含合成、制备、表征、测试或实验-理论联合研究信息，按实验论文归类；其中计算部分视作机理支持。
E0275,Experimental,Cu,carbon/other support,CO2 reduction/conversion,Keeping sight of copper in single-atom catalysts for electrochemical carbon dioxide reduction,Nature Communications,2022,Nature Portfolio,10.1038/s41467-022-30027-x,https://doi.org/10.1038/s41467-022-30027-x,https://www.nature.com/articles/s41467-022-30027-x.pdf,open_url_not_pdf,,"本文关注 Cu 单原子位点在 carbon/other support 等载体上的催化行为，主要应用于CO2 reduction/conversion。 文章以材料制备、结构表征和催化性能测试为核心，通常结合谱学/显微表征确认单原子分散。 摘要要点：Carbon dioxide can be electrochemically converted into valuable multi-carbon products using Cu-based single-atom catalysts. However, transient cluster formation, which is undetectable using ex-situ techniques, may be responsible for C2+ products. Here we discu",识别到合成、表征、电化学/催化测试或 operando/in situ 等实验关键词；若含 DFT，则视作实验论文的机理支持。
E0276,Experimental,Rh; Pt,carbon/other support,oxygen reduction reaction,Kinetically restrained oxygen reduction to hydrogen peroxide with nearly 100% selectivity,Nature Communications,2022,Nature Portfolio,10.1038/s41467-022-30411-7,https://doi.org/10.1038/s41467-022-30411-7,https://www.nature.com/articles/s41467-022-30411-7.pdf,open_url_not_pdf,,"本文关注 Rh, Pt 单原子位点在 carbon/other support 等载体上的催化行为，主要应用于oxygen reduction reaction。 文章以材料制备、结构表征和催化性能测试为核心，通常结合谱学/显微表征确认单原子分散。 摘要要点：Abstract Hydrogen peroxide has been synthesized mainly through the electrocatalytic and photocatalytic oxygen reduction reaction in recent years. Herein, we synthesize a single-atom rhodium catalyst (Rh 1 /NC) to mimic the properties of flavoenzymes for the sy",题名/摘要包含合成、制备、表征、测试或实验-理论联合研究信息，按实验论文归类；其中计算部分视作机理支持。
E0277,Experimental,Cu; Pd,graphene,hydrogen evolution reaction,Low-Temperature Acetylene Semi-Hydrogenation over the Pd 1 –Cu 1 Dual-Atom Catalyst,Journal of the American Chemical Society,2022,American Chemical Society,10.1021/jacs.2c07208,https://doi.org/10.1021/jacs.2c07208,,no_open_pdf_in_metadata,,"本文关注 Cu, Pd 单原子位点在 graphene 等载体上的催化行为，主要应用于hydrogen evolution reaction。 文章以材料制备、结构表征和催化性能测试为核心，通常结合谱学/显微表征确认单原子分散。 摘要要点：The atomically dispersed metal catalyst or single-atom catalyst (SAC) with the utmost metal utilization efficiency shows excellent selectivity toward ethylene compared to the metal nanoparticles catalyst in the acetylene semi-hydrogenation reaction. However, t",题名/摘要包含合成、制备、表征、测试或实验-理论联合研究信息，按实验论文归类；其中计算部分视作机理支持。
E0278,Experimental,Mn; Co; Ni,carbon nitride,hydrogen evolution reaction,Manipulating Selectivity of Hydroxyl Radical Generation by Single-Atom Catalysts in Catalytic Ozonation: Surface or Solution,Environmental Science & Technology,2022,American Chemical Society,10.1021/acs.est.2c06836,https://doi.org/10.1021/acs.est.2c06836,,no_open_pdf_in_metadata,,"本文关注 Mn, Co, Ni 单原子位点在 carbon nitride 等载体上的催化行为，主要应用于hydrogen evolution reaction。 文章以材料制备、结构表征和催化性能测试为核心，通常结合谱学/显微表征确认单原子分散。 摘要要点：Hydroxyl radical-dominated oxidation in catalytic ozonation is, in particular, important in water treatment scenarios for removing organic contaminants, but the mechanism about ozone-based radical oxidation processes is still unclear. Here, we prepared a serie",题名/摘要包含合成、制备、表征、测试或实验-理论联合研究信息，按实验论文归类；其中计算部分视作机理支持。
E0279,Experimental,Pt,carbon/other support,oxygen reduction reaction,Manipulating the oxygen reduction reaction pathway on Pt-coordinated motifs,Nature Communications,2022,Nature Portfolio,10.1038/s41467-022-28346-0,https://doi.org/10.1038/s41467-022-28346-0,https://www.nature.com/articles/s41467-022-28346-0.pdf,open_url_not_pdf,,本文关注 Pt 单原子位点在 carbon/other support 等载体上的催化行为，主要应用于oxygen reduction reaction。 文章以材料制备、结构表征和催化性能测试为核心，通常结合谱学/显微表征确认单原子分散。 摘要要点：Abstract Electrochemical oxygen reduction could proceed via either 4e − -pathway toward maximum chemical-to-electric energy conversion or 2e − -pathway toward onsite H 2 O 2 production. Bulk Pt catalysts are known as the best monometallic materials catalyzing,识别到合成、表征、电化学/催化测试或 operando/in situ 等实验关键词；若含 DFT，则视作实验论文的机理支持。
E0280,Experimental,Fe,carbon/other support,oxygen reduction reaction,Mesopore‐Rich Fe–N–C Catalyst with FeN 4 –O–NC Single‐Atom Sites Delivers Remarkable Oxygen Reduction Reaction Performance in Alkaline Media,Advanced Materials,2022,,10.1002/adma.202202544,https://doi.org/10.1002/adma.202202544,https://onlinelibrary.wiley.com/doi/pdfdirect/10.1002/adma.202202544,download_failed: HTTPError,,"本文关注 Fe 单原子位点在 carbon/other support 等载体上的催化行为，主要应用于oxygen reduction reaction。 文章以材料制备、结构表征和催化性能测试为核心，通常结合谱学/显微表征确认单原子分散。 摘要要点：Abstract Fe–N–C catalysts offer excellent performance for the oxygen reduction reaction (ORR) in alkaline media. With a view toward boosting the intrinsic ORR activity of Fe single‐atom sites in Fe–N–C catalysts, fine‐tuning the local coordination of the Fe si",识别到合成、表征、电化学/催化测试或 operando/in situ 等实验关键词；若含 DFT，则视作实验论文的机理支持。
E0281,Experimental,Fe; Co; Ni; Cu; Zn,carbon/other support,CO2 reduction/conversion,Metal-Coordinated Phthalocyanines as Platform Molecules for Understanding Isolated Metal Sites in the Electrochemical Reduction of CO 2,Journal of the American Chemical Society,2022,American Chemical Society,10.1021/jacs.2c06953,https://doi.org/10.1021/jacs.2c06953,https://www.osti.gov/servlets/purl/1887814,downloaded_open_access_pdf,Experimental/Fe/pdfs/E0281_Metal-Coordinated_Phthalocyanines_as_Platform_Molecules_for_Understanding_Isolated_Metal_S.pdf,"本文关注 Fe, Co, Ni, Cu, Zn 单原子位点在 carbon/other support 等载体上的催化行为，主要应用于CO2 reduction/conversion。 文章以材料制备、结构表征和催化性能测试为核心，通常结合谱学/显微表征确认单原子分散。 摘要要点：Single-atom catalysts (SACs) of non-precious transition metals (TMs) often show unique electrochemical performance, including the electrochemical carbon dioxide reduction reaction (CO2RR). However, the inhomogeneity in their structures makes it difficult to di",题名/摘要包含合成、制备、表征、测试或实验-理论联合研究信息，按实验论文归类；其中计算部分视作机理支持。
E0282,Experimental,Mixed_or_unclear,graphene,oxygen reduction reaction,Modeling Hydrogen and Oxygen Evolution Reactions on Single Atom Catalysts with Density Functional Theory: Role of the Functional,Advanced Theory and Simulations,2022,Wiley,10.1002/adts.202200513,https://doi.org/10.1002/adts.202200513,,no_open_pdf_in_metadata,,"本文关注 Mixed_or_unclear 单原子位点在 graphene 等载体上的催化行为，主要应用于oxygen reduction reaction。 文章以材料制备、结构表征和催化性能测试为核心，通常结合谱学/显微表征确认单原子分散。 摘要要点：Abstract The most widely used approach to predict catalytic activity is density functional theory, whose results however depend on the adopted exchange‐correlation functional. In this work, the role played by the functional in predicting the activity of single",题名/摘要包含合成、制备、表征、测试或实验-理论联合研究信息，按实验论文归类；其中计算部分视作机理支持。
E0283,Experimental,Co; Pt,carbon/other support,hydrogen evolution reaction,Modulating Pt-O-Pt atomic clusters with isolated cobalt atoms for enhanced hydrogen evolution catalysis,Nature Communications,2022,Nature Portfolio,10.1038/s41467-022-30155-4,https://doi.org/10.1038/s41467-022-30155-4,https://www.nature.com/articles/s41467-022-30155-4.pdf,open_url_not_pdf,,"本文关注 Co, Pt 单原子位点在 carbon/other support 等载体上的催化行为，主要应用于hydrogen evolution reaction。 文章以材料制备、结构表征和催化性能测试为核心，通常结合谱学/显微表征确认单原子分散。 摘要要点：Abstract Platinum is the most efficient catalyst for hydrogen evolution reaction in acidic conditions, but its widespread use has been impeded by scarcity and high cost. Herein, Pt atomic clusters (Pt ACs) containing Pt-O-Pt units were prepared using Co/N co-d",题名/摘要包含合成、制备、表征、测试或实验-理论联合研究信息，按实验论文归类；其中计算部分视作机理支持。
E0284,Experimental,Fe; Co; Pt,carbon/other support,hydrogen evolution reaction,Modulating the strong metal-support interaction of single-atom catalysts via vicinal structure decoration,Nature Communications,2022,Nature Portfolio,10.1038/s41467-022-31966-1,https://doi.org/10.1038/s41467-022-31966-1,https://www.nature.com/articles/s41467-022-31966-1.pdf,open_url_not_pdf,,"本文关注 Fe, Co, Pt 单原子位点在 carbon/other support 等载体上的催化行为，主要应用于hydrogen evolution reaction。 文章以材料制备、结构表征和催化性能测试为核心，通常结合谱学/显微表征确认单原子分散。 摘要要点：Abstract Metal-support interaction predominately determines the electronic structure of metal atoms in single-atom catalysts (SACs), largely affecting their catalytic performance. However, directly tuning the metal-support interaction in oxide supported SACs r",题名/摘要包含合成、制备、表征、测试或实验-理论联合研究信息，按实验论文归类；其中计算部分视作机理支持。
E0285,Experimental,Fe,N-doped carbon,oxygen reduction reaction,Molecular Catalyst Synthesis Strategies to Prepare Atomically Dispersed Fe-N-C Heterogeneous Catalysts,Journal of the American Chemical Society,2022,American Chemical Society,10.1021/jacs.2c08884,https://doi.org/10.1021/jacs.2c08884,https://www.osti.gov/servlets/purl/1896566,downloaded_open_access_pdf,Experimental/Fe/pdfs/E0285_Molecular_Catalyst_Synthesis_Strategies_to_Prepare_Atomically_Dispersed_Fe-N-C_Heterogeneo.pdf,"本文关注 Fe 单原子位点在 N-doped carbon 等载体上的催化行为，主要应用于oxygen reduction reaction。 文章以材料制备、结构表征和催化性能测试为核心，通常结合谱学/显微表征确认单原子分散。 摘要要点：We report a strategy to integrate atomically dispersed iron within a heterogeneous nitrogen-doped carbon (N-C) support, inspired by routes for metalation of molecular macrocyclic iron complexes. The N-C support, derived from pyrolysis of a ZIF-8 metal–organic",题名/摘要包含合成、制备、表征、测试或实验-理论联合研究信息，按实验论文归类；其中计算部分视作机理支持。
E0286,Experimental,Fe; Pt,carbon/other support,oxygen reduction reaction,Movable type printing method to synthesize high-entropy single-atom catalysts,Nature Communications,2022,Nature Portfolio,10.1038/s41467-022-32850-8,https://doi.org/10.1038/s41467-022-32850-8,https://www.nature.com/articles/s41467-022-32850-8.pdf,open_url_not_pdf,,"本文关注 Fe, Pt 单原子位点在 carbon/other support 等载体上的催化行为，主要应用于oxygen reduction reaction。 文章以材料制备、结构表征和催化性能测试为核心，通常结合谱学/显微表征确认单原子分散。 摘要要点：The controllable anchoring of multiple isolated metal atoms into a single support exhibits scientific and technological opportunities, while the synthesis of catalysts with multiple single metal atoms remains a challenge and has been rarely reported. Herein, w",题名/摘要包含合成、制备、表征、测试或实验-理论联合研究信息，按实验论文归类；其中计算部分视作机理支持。
E0287,Experimental,Cu,N-doped graphene,catalysis,N-Doped Graphene Supported Cu Single Atoms: Highly Efficient Recyclable Catalyst for Enhanced C–N Coupling Reactions,ACS Nano,2022,American Chemical Society,10.1021/acsnano.1c08898,https://doi.org/10.1021/acsnano.1c08898,,no_open_pdf_in_metadata,,"本文关注 Cu 单原子位点在 N-doped graphene 等载体上的催化行为，主要应用于catalysis。 文章以材料制备、结构表征和催化性能测试为核心，通常结合谱学/显微表征确认单原子分散。 摘要要点：Heterogenization of homogeneous catalysis through supported single-atom catalysts (SACs) provided a feasible solution to recycling catalysts while keeping its efficiency in chemical synthesis. In this work, Cu SACs anchored on N-doped graphene (Cu SACs/NG) wer",题名/摘要包含合成、制备、表征、测试或实验-理论联合研究信息，按实验论文归类；其中计算部分视作机理支持。
E0288,Experimental,Ag,carbon nitride,hydrogen evolution reaction,Nanoscale Self‐Wetting Driven Monatomization of Ag Nanoparticle for Excellent Photocatalytic Hydrogen Evolution,Small,2022,Wiley,10.1002/smll.202107840,https://doi.org/10.1002/smll.202107840,,no_open_pdf_in_metadata,,"本文关注 Ag 单原子位点在 carbon nitride 等载体上的催化行为，主要应用于hydrogen evolution reaction。 文章以材料制备、结构表征和催化性能测试为核心，通常结合谱学/显微表征确认单原子分散。 摘要要点：Abstract Metal nanoparticles (NPs) with <10 nm have demonstrated many novel applications including surprisingly low melting point, astonishing liquid‐like pseudoelasticity, and outstanding hydrogen evolution performance. Here, a nanoscale self‐wetting driven m",题名/摘要包含合成、制备、表征、测试或实验-理论联合研究信息，按实验论文归类；其中计算部分视作机理支持。
E0289,Experimental,Ni,graphene,oxygen evolution reaction,Ni–O 4 as Active Sites for Efficient Oxygen Evolution Reaction with Electronic Metal–Support Interactions,ACS Applied Materials & Interfaces,2022,American Chemical Society,10.1021/acsami.2c11201,https://doi.org/10.1021/acsami.2c11201,,no_open_pdf_in_metadata,,"本文关注 Ni 单原子位点在 graphene 等载体上的催化行为，主要应用于oxygen evolution reaction。 文章以材料制备、结构表征和催化性能测试为核心，通常结合谱学/显微表征确认单原子分散。 摘要要点：Precise adjustment of the metal site structure in single-atom catalysts (SACs) plays a key role in addressing the oxygen evolution reaction (OER). Herein, we report the synthesis of O-doped Ni SACs anchored on porous graphene-like carbon (Ni–O–G) using molten",题名/摘要包含合成、制备、表征、测试或实验-理论联合研究信息，按实验论文归类；其中计算部分视作机理支持。
E0290,Experimental,Cu,carbon/other support,CO2 reduction/conversion,Organic frameworks confined Cu single atoms and nanoclusters for tandem electrocatalytic CO 2 reduction to methane,SmartMat,2022,Wiley,10.1002/smm2.1098,https://doi.org/10.1002/smm2.1098,https://onlinelibrary.wiley.com/doi/pdfdirect/10.1002/smm2.1098,download_failed: HTTPError,,"本文关注 Cu 单原子位点在 carbon/other support 等载体上的催化行为，主要应用于CO2 reduction/conversion。 文章以材料制备、结构表征和催化性能测试为核心，通常结合谱学/显微表征确认单原子分散。 摘要要点：Abstract The electrochemical reduction reaction of carbon dioxide (CO 2 RR) is considered to be an effective way to realize carbon neutrality. As a type of intensively studied materials, covalent organic frameworks (COFs) with a tunable pore structure and vari",题名/摘要包含合成、制备、表征、测试或实验-理论联合研究信息，按实验论文归类；其中计算部分视作机理支持。
E0291,Experimental,Cu; Zn,graphene,hydrogen evolution reaction,Photocatalytic degradation of methylene blue (MB) with Cu 1 –ZnO single atom catalysts on graphene-coated flexible substrates,Journal of Materials Chemistry A,2022,Royal Society of Chemistry,10.1039/d1ta09954j,https://doi.org/10.1039/d1ta09954j,https://pubs.rsc.org/en/content/articlepdf/2022/ta/d1ta09954j,downloaded_open_access_pdf,Experimental/Cu/pdfs/E0291_Photocatalytic_degradation_of_methylene_blue_MB_with_Cu_1_ZnO_single_atom_catalysts_on_gra.pdf,"本文关注 Cu, Zn 单原子位点在 graphene 等载体上的催化行为，主要应用于hydrogen evolution reaction。 文章以材料制备、结构表征和催化性能测试为核心，通常结合谱学/显微表征确认单原子分散。 摘要要点：Single-atom catalyst of Cu 1 @ZnO/GPET synthesized via hydrothermal method is shown to exhibit excellent photocatalytic activity towards the degradation of methylene blue solution due to high electron–hole separation efficiency.",题名/摘要包含合成、制备、表征、测试或实验-理论联合研究信息，按实验论文归类；其中计算部分视作机理支持。
E0292,Experimental,Fe; Co,N-doped graphene,oxygen reduction reaction,"Plasmon-Boosted Fe, Co Dual Single-Atom Catalysts for Ultrasensitive Luminol-Dissolved O 2 Electrochemiluminescence Detection of Prostate-Specific Antigen",Analytical Chemistry,2022,American Chemical Society,10.1021/acs.analchem.2c01370,https://doi.org/10.1021/acs.analchem.2c01370,,no_open_pdf_in_metadata,,"本文关注 Fe, Co 单原子位点在 N-doped graphene 等载体上的催化行为，主要应用于oxygen reduction reaction。 文章以材料制备、结构表征和催化性能测试为核心，通常结合谱学/显微表征确认单原子分散。 摘要要点：Improving the sensitivity of electrochemiluminescence (ECL) systems is highly desired for in vitro ECL diagnosis and bio-detections due to the often-low content of biomarkers in diseases. And dissolved O2 (DO) as a co-reactant is considered superior to H2O2 in",题名/摘要包含合成、制备、表征、测试或实验-理论联合研究信息，按实验论文归类；其中计算部分视作机理支持。
E0293,Experimental,Fe; Co; Ni; Cu,carbon/other support,oxygen reduction reaction,Pseudo-adsorption and long-range redox coupling during oxygen reduction reaction on single atom electrocatalyst,Nature Communications,2022,Nature Portfolio,10.1038/s41467-022-29357-7,https://doi.org/10.1038/s41467-022-29357-7,https://www.nature.com/articles/s41467-022-29357-7.pdf,open_url_not_pdf,,"本文关注 Fe, Co, Ni, Cu 单原子位点在 carbon/other support 等载体上的催化行为，主要应用于oxygen reduction reaction。 文章以材料制备、结构表征和催化性能测试为核心，通常结合谱学/显微表征确认单原子分散。 摘要要点：Fundamental understanding of the dynamic behaviors at the electrochemical interface is crucial for electrocatalyst design and optimization. Here, we revisit the oxygen reduction reaction mechanism on a series of transition metal (M = Fe, Co, Ni, Cu) single ato",题名/摘要包含合成、制备、表征、测试或实验-理论联合研究信息，按实验论文归类；其中计算部分视作机理支持。
E0294,Experimental,Pt,graphene,hydrogen evolution reaction,Pt Single Atom Electrocatalysts at Graphene Edges for Efficient Alkaline Hydrogen Evolution,Advanced Functional Materials,2022,Wiley,10.1002/adfm.202203067,https://doi.org/10.1002/adfm.202203067,,no_open_pdf_in_metadata,,"本文关注 Pt 单原子位点在 graphene 等载体上的催化行为，主要应用于hydrogen evolution reaction。 文章以材料制备、结构表征和催化性能测试为核心，通常结合谱学/显微表征确认单原子分散。 摘要要点：Abstract Graphene edges exhibit a highly localized density of states that result in increased reactivity compared to its basal plane. However, exploiting this increased reactivity to anchor and tune the electronic states of single atom catalysts (SACs) remains",题名/摘要包含合成、制备、表征、测试或实验-理论联合研究信息，按实验论文归类；其中计算部分视作机理支持。
E0295,Experimental,Co; Zn,graphene,hydrogen evolution reaction,Quasi-solid-state Zn-air batteries with an atomically dispersed cobalt electrocatalyst and organohydrogel electrolyte,Nature Communications,2022,Nature Portfolio,10.1038/s41467-022-31383-4,https://doi.org/10.1038/s41467-022-31383-4,https://www.nature.com/articles/s41467-022-31383-4.pdf,open_url_not_pdf,,"本文关注 Co, Zn 单原子位点在 graphene 等载体上的催化行为，主要应用于hydrogen evolution reaction。 文章以材料制备、结构表征和催化性能测试为核心，通常结合谱学/显微表征确认单原子分散。 摘要要点：Abstract Quasi-solid-state Zn-air batteries are usually limited to relatively low-rate ability (<10 mA cm −2 ), which is caused in part by sluggish oxygen electrocatalysis and unstable electrochemical interfaces. Here we present a high-rate and robust quasi-so",题名/摘要包含合成、制备、表征、测试或实验-理论联合研究信息，按实验论文归类；其中计算部分视作机理支持。
E0296,Experimental,Ru,carbon/other support,oxygen reduction reaction,Rational highly dispersed ruthenium for reductive catalytic fractionation of lignocellulose,Nature Communications,2022,Nature Portfolio,10.1038/s41467-022-32451-5,https://doi.org/10.1038/s41467-022-32451-5,https://www.nature.com/articles/s41467-022-32451-5.pdf,open_url_not_pdf,,"本文关注 Ru 单原子位点在 carbon/other support 等载体上的催化行为，主要应用于oxygen reduction reaction。 文章以材料制备、结构表征和催化性能测试为核心，通常结合谱学/显微表征确认单原子分散。 摘要要点：Abstract Producing monomeric phenols from lignin biopolymer depolymerization in a detachable and efficient manner comes under the spotlight on the fullest utilization of sustainable lignocellulosic biomass. Here, we report a low-loaded and highly dispersed Ru",题名/摘要包含合成、制备、表征、测试或实验-理论联合研究信息，按实验论文归类；其中计算部分视作机理支持。
E0297,Experimental,Mixed_or_unclear,carbon/other support,catalysis,Recent advances on carbon-based nanomaterials supported single-atom photo-catalysts for waste water remediation,Journal of nanostructure in chemistry,2022,Springer Nature,10.1007/s40097-022-00511-3,https://doi.org/10.1007/s40097-022-00511-3,,no_open_pdf_in_metadata,,本文关注 Mixed_or_unclear 单原子位点在 carbon/other support 等载体上的催化行为，主要应用于catalysis。 文章以材料制备、结构表征和催化性能测试为核心，通常结合谱学/显微表征确认单原子分散。 摘要未在元数据源中提供，建议通过 DOI 页面查看全文摘要。,识别到合成、表征、电化学/催化测试或 operando/in situ 等实验关键词；若含 DFT，则视作实验论文的机理支持。
E0298,Experimental,Pt,graphene,hydrogen evolution reaction,Role of N in Transition‐Metal‐Nitrides for Anchoring Platinum‐Group Metal Atoms toward Single‐Atom Catalysis,Small Methods,2022,Wiley,10.1002/smtd.202200295,https://doi.org/10.1002/smtd.202200295,https://onlinelibrary.wiley.com/doi/pdfdirect/10.1002/smtd.202200295,download_failed: HTTPError,,本文关注 Pt 单原子位点在 graphene 等载体上的催化行为，主要应用于hydrogen evolution reaction。 文章以材料制备、结构表征和催化性能测试为核心，通常结合谱学/显微表征确认单原子分散。 摘要要点：Abstract Single‐atom catalysts (SACs) with a maximum atom utilization efficiency have received growing attention in heterogeneous catalysis. The supporting substrate that provides atomic‐dispersed anchoring sites and the local electronic environment in these c,题名/摘要包含合成、制备、表征、测试或实验-理论联合研究信息，按实验论文归类；其中计算部分视作机理支持。
E0299,Experimental,Pd,graphene,hydrogen evolution reaction,SiC Monolayers as Promising Substrates for the Development of Highly Stable Palladium Single Atom Catalysts: A Density Functional Theory Study,ChemPhysChem,2022,Wiley,10.1002/cphc.202200112,https://doi.org/10.1002/cphc.202200112,,no_open_pdf_in_metadata,,"本文关注 Pd 单原子位点在 graphene 等载体上的催化行为，主要应用于hydrogen evolution reaction。 文章以材料制备、结构表征和催化性能测试为核心，通常结合谱学/显微表征确认单原子分散。 摘要要点：Abstract Single‐atom catalysts have been touted as highly efficient catalysts, but the catalytic single‐atom sites are unstable and tend to aggregate into nanoparticles during chemical reactions. In this study, we show that SiC monolayers are promising substra",题名/摘要包含合成、制备、表征、测试或实验-理论联合研究信息，按实验论文归类；其中计算部分视作机理支持。
E0300,Experimental,Pt,graphene,hydrogen evolution reaction,"Single Atom Catalysts: What Matters Most, the Active Site or The Surrounding?",ChemCatChem,2022,Wiley,10.1002/cctc.202200611,https://doi.org/10.1002/cctc.202200611,https://onlinelibrary.wiley.com/doi/pdfdirect/10.1002/cctc.202200611,download_failed: HTTPError,,"本文关注 Pt 单原子位点在 graphene 等载体上的催化行为，主要应用于hydrogen evolution reaction。 文章以材料制备、结构表征和催化性能测试为核心，通常结合谱学/显微表征确认单原子分散。 摘要要点：Abstract Single atom catalysts (SACs) consist of isolated metal atoms stabilized on a solid support. The name suggests that the catalytic activity is due to the nature of the metal atom, but of course the interaction with the substrate plays a role as well. Bu",题名/摘要包含合成、制备、表征、测试或实验-理论联合研究信息，按实验论文归类；其中计算部分视作机理支持。
E0301,Experimental,Co,graphene,oxygen reduction reaction,"Single Metal Atom Catalysts and ORR: H-Bonding, Solvation, and the Elusive Hydroperoxyl Intermediate",ACS Catalysis,2022,American Chemical Society,10.1021/acscatal.2c02029,https://doi.org/10.1021/acscatal.2c02029,https://pubs.acs.org/doi/pdf/10.1021/acscatal.2c02029,download_failed: HTTPError,,"本文关注 Co 单原子位点在 graphene 等载体上的催化行为，主要应用于oxygen reduction reaction。 文章以材料制备、结构表征和催化性能测试为核心，通常结合谱学/显微表征确认单原子分散。 摘要要点：The widely investigated oxygen reduction reaction (ORR) is well-known to proceed via two competing routes, involving two or four electrons, and yielding different reaction products, respectively. Both pathways are believed to share a common, elusive intermedia",识别到合成、表征、电化学/催化测试或 operando/in situ 等实验关键词；若含 DFT，则视作实验论文的机理支持。
E0302,Experimental,Zn,carbon/other support,hydrogen evolution reaction,Single Zinc Atom Aggregates: Synergetic Interaction to Boost Fast Polysulfide Conversion in Lithium‐Sulfur Batteries,Advanced Materials,2022,,10.1002/adma.202208470,https://doi.org/10.1002/adma.202208470,,no_open_pdf_in_metadata,,本文关注 Zn 单原子位点在 carbon/other support 等载体上的催化行为，主要应用于hydrogen evolution reaction。 文章以材料制备、结构表征和催化性能测试为核心，通常结合谱学/显微表征确认单原子分散。 摘要要点：Abstract Single‐atom catalysts (SACs) pave new possibilities to improve the utilization efficiency of sulfur electrodes arising from polysulfide shuttle effects and sluggish kinetics due to their excellent applicability in atomic‐scale reaction mechanisms and,识别到合成、表征、电化学/催化测试或 operando/in situ 等实验关键词；若含 DFT，则视作实验论文的机理支持。
E0303,Experimental,V; Co,N-doped graphene,CO2 reduction/conversion,Single-Atom Catalysts Supported on the Graphene/Graphdiyne Heterostructure for Effective CO 2 Electroreduction,Inorganic Chemistry,2022,American Chemical Society,10.1021/acs.inorgchem.2c02020,https://doi.org/10.1021/acs.inorgchem.2c02020,,no_open_pdf_in_metadata,,"本文关注 V, Co 单原子位点在 N-doped graphene 等载体上的催化行为，主要应用于CO2 reduction/conversion。 文章以材料制备、结构表征和催化性能测试为核心，通常结合谱学/显微表征确认单原子分散。 摘要要点：Electrochemical reduction of CO2 to high-energy chemicals is a promising strategy for achieving carbon-neutral energy circulation. However, designing high-performance electrocatalysts for the CO2 reduction reaction (CO2RR) remains a great challenge. In this wo",题名/摘要包含合成、制备、表征、测试或实验-理论联合研究信息，按实验论文归类；其中计算部分视作机理支持。
E0304,Experimental,Mixed_or_unclear,graphene,CO2 reduction/conversion,Single-Atom Catalysts on Covalent Organic Frameworks for CO 2 Reduction,ACS Materials Au,2022,American Chemical Society,10.1021/acsmaterialsau.2c00061,https://doi.org/10.1021/acsmaterialsau.2c00061,https://pubs.acs.org/doi/pdf/10.1021/acsmaterialsau.2c00061,download_failed: HTTPError,,"本文关注 Mixed_or_unclear 单原子位点在 graphene 等载体上的催化行为，主要应用于CO2 reduction/conversion。 文章以材料制备、结构表征和催化性能测试为核心，通常结合谱学/显微表征确认单原子分散。 摘要要点：The long-unresolved issue of CO2 release and the resulting atmospheric change can be solved through the application of effective catalysts. Thus, single-atom catalysts (SACs) have been rapidly developed for the CO2 reduction reaction (CO2RR), as they show impr",识别到合成、表征、电化学/催化测试或 operando/in situ 等实验关键词；若含 DFT，则视作实验论文的机理支持。
E0305,Experimental,V; Ru,N-doped graphene,hydrogen evolution reaction,Single-Atom Low-Valent Alkaline-Earth-Metal Catalysts for Electrochemical Nitrogen Reduction with an Acceptance–Backdonation Mechanism,ACS Applied Materials & Interfaces,2022,American Chemical Society,10.1021/acsami.2c18260,https://doi.org/10.1021/acsami.2c18260,,no_open_pdf_in_metadata,,"本文关注 V, Ru 单原子位点在 N-doped graphene 等载体上的催化行为，主要应用于hydrogen evolution reaction。 文章以材料制备、结构表征和催化性能测试为核心，通常结合谱学/显微表征确认单原子分散。 摘要要点：Single-atom catalysts (SACs) have drawn great attention in developing highly active and low-cost catalysts for electrocatalytic nitrogen reduction reaction (NRR) in ammonia synthesis, but the atomic metal centers are mainly limited to transition metals. Here,",识别到合成、表征、电化学/催化测试或 operando/in situ 等实验关键词；若含 DFT，则视作实验论文的机理支持。
E0306,Experimental,Pd,carbon/other support,hydrogen evolution reaction,Single-Atom Pd Catalysts Supported on Covalent Triazine Frameworks for Hydrogen Production from Formic Acid,ACS Applied Nano Materials,2022,American Chemical Society,10.1021/acsanm.2c02746,https://doi.org/10.1021/acsanm.2c02746,http://rua.ua.es/dspace/bitstream/10045/126076/6/Bulushev_etal_2022_ACSApplNanoMater_revised.pdf,download_failed: URLError,,"本文关注 Pd 单原子位点在 carbon/other support 等载体上的催化行为，主要应用于hydrogen evolution reaction。 文章以材料制备、结构表征和催化性能测试为核心，通常结合谱学/显微表征确认单原子分散。 摘要要点：According to our knowledge, single-atom Pd catalysts supported on covalent triazine frameworks (CTF) have not been studied in the production of hydrogen from formic acid. Therefore, we synthesized 1 wt % Pd single-atom catalysts based on CTF-1, pyCTF, and bipy",题名/摘要包含合成、制备、表征、测试或实验-理论联合研究信息，按实验论文归类；其中计算部分视作机理支持。
E0307,Experimental,Fe,carbon/other support,CO2 reduction/conversion,Site‐Specific Axial Oxygen Coordinated FeN 4 Active Sites for Highly Selective Electroreduction of Carbon Dioxide,Advanced Functional Materials,2022,Wiley,10.1002/adfm.202111446,https://doi.org/10.1002/adfm.202111446,https://onlinelibrary.wiley.com/doi/pdfdirect/10.1002/adfm.202111446,download_failed: HTTPError,,"本文关注 Fe 单原子位点在 carbon/other support 等载体上的催化行为，主要应用于CO2 reduction/conversion。 文章以材料制备、结构表征和催化性能测试为核心，通常结合谱学/显微表征确认单原子分散。 摘要要点：Abstract Regulating the coordination environment via heteroatoms to break the symmetrical electronic structure of M‐N 4 active sites provides a promising route to engineer metal‐nitrogen‐carbon catalysts for electrochemical CO 2 reduction reaction. However, it",题名/摘要包含合成、制备、表征、测试或实验-理论联合研究信息，按实验论文归类；其中计算部分视作机理支持。
E0308,Experimental,Fe,graphene,oxygen reduction reaction,Sp‐Hybridized Nitrogen as New Anchoring Sites of Iron Single Atoms to Boost the Oxygen Reduction Reaction,Angewandte Chemie International Edition,2022,Wiley,10.1002/anie.202208238,https://doi.org/10.1002/anie.202208238,,no_open_pdf_in_metadata,,"本文关注 Fe 单原子位点在 graphene 等载体上的催化行为，主要应用于oxygen reduction reaction。 文章以材料制备、结构表征和催化性能测试为核心，通常结合谱学/显微表征确认单原子分散。 摘要要点：Abstract Carbon supported single‐atom catalysts with metal‐N x configuration are considered as one of the most efficient catalysts for the oxygen reduction reaction (ORR). However, most of the metal‐N x active sites are composed by pyridinic N at the defect lo",识别到合成、表征、电化学/催化测试或 operando/in situ 等实验关键词；若含 DFT，则视作实验论文的机理支持。
E0309,Experimental,Fe,graphene,oxygen reduction reaction,Sp‐Hybridized Nitrogen as New Anchoring Sites of Iron Single Atoms to Boost the Oxygen Reduction Reaction,Angewandte Chemie,2022,Wiley,10.1002/ange.202208238,https://doi.org/10.1002/ange.202208238,,no_open_pdf_in_metadata,,"本文关注 Fe 单原子位点在 graphene 等载体上的催化行为，主要应用于oxygen reduction reaction。 文章以材料制备、结构表征和催化性能测试为核心，通常结合谱学/显微表征确认单原子分散。 摘要要点：Abstract Carbon supported single‐atom catalysts with metal‐N x configuration are considered as one of the most efficient catalysts for the oxygen reduction reaction (ORR). However, most of the metal‐N x active sites are composed by pyridinic N at the defect lo",识别到合成、表征、电化学/催化测试或 operando/in situ 等实验关键词；若含 DFT，则视作实验论文的机理支持。
E0310,Experimental,Mixed_or_unclear,N-doped graphene,CO2 reduction/conversion,Structural rule of N-coordinated single-atom catalysts for electrochemical CO 2 reduction,Journal of Materials Chemistry A,2022,Royal Society of Chemistry,10.1039/d1ta09015a,https://doi.org/10.1039/d1ta09015a,,no_open_pdf_in_metadata,,本文关注 Mixed_or_unclear 单原子位点在 N-doped graphene 等载体上的催化行为，主要应用于CO2 reduction/conversion。 文章以材料制备、结构表征和催化性能测试为核心，通常结合谱学/显微表征确认单原子分散。 摘要要点：Metal single-atom catalysts (SACs) on N 2 -coordinated N-doped graphenes exhibit an attractive prospect in electrochemical CO 2 reduction.,识别到合成、表征、电化学/催化测试或 operando/in situ 等实验关键词；若含 DFT，则视作实验论文的机理支持。
E0311,Experimental,Mixed_or_unclear,carbon/other support,hydrogen evolution reaction,"Sulfur Reduction Reaction in Lithium–Sulfur Batteries: Mechanisms, Catalysts, and Characterization",Advanced Energy Materials,2022,Wiley,10.1002/aenm.202202094,https://doi.org/10.1002/aenm.202202094,https://onlinelibrary.wiley.com/doi/pdfdirect/10.1002/aenm.202202094,download_failed: HTTPError,,"本文关注 Mixed_or_unclear 单原子位点在 carbon/other support 等载体上的催化行为，主要应用于hydrogen evolution reaction。 文章以材料制备、结构表征和催化性能测试为核心，通常结合谱学/显微表征确认单原子分散。 摘要要点：Abstract Lithium–sulfur batteries are one of the most promising alternatives for advanced battery systems due to the merits of extraordinary theoretical specific energy density, abundant resources, environmental friendliness, and high safety. However, the slug",题名/摘要包含合成、制备、表征、测试或实验-理论联合研究信息，按实验论文归类；其中计算部分视作机理支持。
E0312,Experimental,Sc; Ti; V; Cr; Mn; Fe; Co; Ni; Cu; Pd; Pt,N-doped graphene,oxygen reduction reaction,Superoxo and Peroxo Complexes on Single-Atom Catalysts: Impact on the Oxygen Evolution Reaction,ACS Catalysis,2022,American Chemical Society,10.1021/acscatal.2c03020,https://doi.org/10.1021/acscatal.2c03020,,no_open_pdf_in_metadata,,"本文关注 Sc, Ti, V, Cr, Mn, Fe, Co, Ni, Cu, Pd, Pt 单原子位点在 N-doped graphene 等载体上的催化行为，主要应用于oxygen reduction reaction。 文章以材料制备、结构表征和催化性能测试为核心，通常结合谱学/显微表征确认单原子分散。 摘要要点：In this work, we demonstrate the essential role of the formation of superoxo and peroxo complexes on single-atom catalysts (SACs), an aspect that is often neglected in the study of these systems. By means of density functional theory calculations, we consider",题名/摘要包含合成、制备、表征、测试或实验-理论联合研究信息，按实验论文归类；其中计算部分视作机理支持。
E0313,Experimental,Fe,carbon/other support,catalysis,Synergistic Effect of Fe Single‐Atom Catalyst for Highly Efficient Microwave‐Stimulated Remediation of Chloramphenicol‐Contaminated Soil,Small,2022,Wiley,10.1002/smll.202205341,https://doi.org/10.1002/smll.202205341,,no_open_pdf_in_metadata,,"本文关注 Fe 单原子位点在 carbon/other support 等载体上的催化行为，主要应用于catalysis。 文章以材料制备、结构表征和催化性能测试为核心，通常结合谱学/显微表征确认单原子分散。 摘要要点：Abstract Chloramphenicol (CAP) has long been used extensively in agriculture and is severely toxic to the biological environment. Microwave catalysis appears a promising method for soil remediation due to its fast and effective heat transfer, but it is challen",识别到合成、表征、电化学/催化测试或 operando/in situ 等实验关键词；若含 DFT，则视作实验论文的机理支持。
E0314,Experimental,V; Ni; In,carbon/other support,CO2 reduction/conversion,Template-Sacrificing Synthesis of Well-Defined Asymmetrically Coordinated Single-Atom Catalysts for Highly Efficient CO 2 Electrocatalytic Reduction,ACS Nano,2022,American Chemical Society,10.1021/acsnano.1c07746,https://doi.org/10.1021/acsnano.1c07746,https://dr.ntu.edu.sg/bitstream/10356/161637/2/Template-Sacrificing%20Synthesis%20of%20Well-Defined%20Asymmetrically%20Coordinated%20Single-Atom%20Catalysts%20for%20Highly%20Efficient%20CO2%20Electrocatalytic%20Reduction.pdf,downloaded_open_access_pdf,Experimental/V/pdfs/E0314_Template-Sacrificing_Synthesis_of_Well-Defined_Asymmetrically_Coordinated_Single-Atom_Cata.pdf,"本文关注 V, Ni, In 单原子位点在 carbon/other support 等载体上的催化行为，主要应用于CO2 reduction/conversion。 文章以材料制备、结构表征和催化性能测试为核心，通常结合谱学/显微表征确认单原子分散。 摘要要点：Although various single-atom catalysts have been designed, atomically engineering their coordination environment remains a great challenge. Herein, a one-pot template-sacrificing pyrolysis approach is developed to synthesize well-defined Ni–N4–O catalytic site",题名/摘要包含合成、制备、表征、测试或实验-理论联合研究信息，按实验论文归类；其中计算部分视作机理支持。
E0315,Experimental,Ti; Fe; Ni; Zn; Ru; Ir; Sn; Bi,N-doped carbon,CO2 reduction/conversion,The Hong Kong Polytechnic University 85th anniversary special issue—Towards carbon neutrality,EcoMat,2022,Wiley,10.1002/eom2.12311,https://doi.org/10.1002/eom2.12311,,no_open_pdf_in_metadata,,"本文关注 Ti, Fe, Ni, Zn, Ru, Ir, Sn, Bi 单原子位点在 N-doped carbon 等载体上的催化行为，主要应用于CO2 reduction/conversion。 文章以材料制备、结构表征和催化性能测试为核心，通常结合谱学/显微表征确认单原子分散。 摘要要点：In the past 85 years, the colleagues in the Hong Kong Polytechnic University (PolyU) have committed themselves to interdisciplinary research that led to innovative discoveries for a more sustainable tomorrow. We uncovered fundamental knowledge and contributed",题名/摘要包含合成、制备、表征、测试或实验-理论联合研究信息，按实验论文归类；其中计算部分视作机理支持。
E0316,Experimental,Mixed_or_unclear,graphene,CO oxidation,Tuning low-temperature CO oxidation activities via N-doping on graphene-supported three-coordinated nickle single-atom catalysts,Physical Chemistry Chemical Physics,2022,Royal Society of Chemistry,10.1039/d2cp04975a,https://doi.org/10.1039/d2cp04975a,,no_open_pdf_in_metadata,,本文关注 Mixed_or_unclear 单原子位点在 graphene 等载体上的催化行为，主要应用于CO oxidation。 文章以材料制备、结构表征和催化性能测试为核心，通常结合谱学/显微表征确认单原子分散。 摘要要点：exhibits excellent catalytic performance with the highest total reaction rate comparable to that of noble metal SACs. These findings are helpful for understanding the N-doping influence and rationalizing the art of designing novel SACs for CO oxidation at low,识别到合成、表征、电化学/催化测试或 operando/in situ 等实验关键词；若含 DFT，则视作实验论文的机理支持。
E0317,Experimental,Cu,carbon/other support,CO2 reduction/conversion,Tuning the Coordination Structure of CuNC Single Atom Catalysts for Simultaneous Electrochemical Reduction of CO 2 and NO 3 – to Urea,Advanced Energy Materials,2022,Wiley,10.1002/aenm.202201500,https://doi.org/10.1002/aenm.202201500,https://onlinelibrary.wiley.com/doi/pdfdirect/10.1002/aenm.202201500,download_failed: HTTPError,,"本文关注 Cu 单原子位点在 carbon/other support 等载体上的催化行为，主要应用于CO2 reduction/conversion。 文章以材料制备、结构表征和催化性能测试为核心，通常结合谱学/显微表征确认单原子分散。 摘要要点：Abstract Closing both the carbon and nitrogen loops is a critical venture to support the establishment of the circular, net‐zero carbon economy. Although single atom catalysts (SACs) have gained interest for the electrochemical reduction reactions of both carb",识别到合成、表征、电化学/催化测试或 operando/in situ 等实验关键词；若含 DFT，则视作实验论文的机理支持。
E0318,Experimental,Fe; Co; Ni; Ru,N-doped carbon,oxygen reduction reaction,"Tuning the Site-to-Site Interaction in Ru–M (M = Co, Fe, Ni) Diatomic Electrocatalysts to Climb up the Volcano Plot of Oxygen Electroreduction",ACS Nano,2022,American Chemical Society,10.1021/acsnano.2c02324,https://doi.org/10.1021/acsnano.2c02324,http://ira.lib.polyu.edu.hk/bitstream/10397/99317/1/Liu_Tuning_Site-to-Site_Interaction.pdf,download_failed: ConnectionResetError,,"本文关注 Fe, Co, Ni, Ru 单原子位点在 N-doped carbon 等载体上的催化行为，主要应用于oxygen reduction reaction。 文章以材料制备、结构表征和催化性能测试为核心，通常结合谱学/显微表征确认单原子分散。 摘要要点：The modulating of the geometric and electronic structures of metal–N–C atomic catalysts for improving their performance in catalyzing oxygen reduction reactions (ORRs) is highly desirable yet challenging. We herein report a delicate “encapsulation–substitution",题名/摘要包含合成、制备、表征、测试或实验-理论联合研究信息，按实验论文归类；其中计算部分视作机理支持。
E0319,Experimental,Fe; Mo,carbon/other support,hydrogen evolution reaction,Two-dimensional mineral hydrogel-derived single atoms-anchored heterostructures for ultrastable hydrogen evolution,Nature Communications,2022,Nature Portfolio,10.1038/s41467-022-33725-8,https://doi.org/10.1038/s41467-022-33725-8,https://www.nature.com/articles/s41467-022-33725-8.pdf,open_url_not_pdf,,"本文关注 Fe, Mo 单原子位点在 carbon/other support 等载体上的催化行为，主要应用于hydrogen evolution reaction。 文章以材料制备、结构表征和催化性能测试为核心，通常结合谱学/显微表征确认单原子分散。 摘要要点：Abstract Hydrogen energy is critical for achieving carbon neutrality. Heterostructured materials with single metal-atom dispersion are desirable for hydrogen production. However, it remains a great challenge to achieve large-scale fabrication of single atom-an",题名/摘要包含合成、制备、表征、测试或实验-理论联合研究信息，按实验论文归类；其中计算部分视作机理支持。
E0320,Experimental,Fe; Co,carbon nitride,hydrogen evolution reaction,Understanding of the Dual Roles of Phosphorus in Atomically Distributed Fe/Co-N 4 P 2 over Carbon Nitride for Photocatalytic Debromination from Tetrabromobisphenol A,ACS Applied Materials & Interfaces,2022,American Chemical Society,10.1021/acsami.1c21850,https://doi.org/10.1021/acsami.1c21850,,no_open_pdf_in_metadata,,"本文关注 Fe, Co 单原子位点在 carbon nitride 等载体上的催化行为，主要应用于hydrogen evolution reaction。 文章以材料制备、结构表征和催化性能测试为核心，通常结合谱学/显微表征确认单原子分散。 摘要要点：Atomically dispersed Fe and Co on carbon nitride under an external phosphine (PH3) atmosphere (P-Fe1Co1/CN) are prepared. Combined with the results of calculations and experiments, the formed P-induced bimetallic single atoms of Fe/Co-N4P2 can provide more rea",题名/摘要包含合成、制备、表征、测试或实验-理论联合研究信息，按实验论文归类；其中计算部分视作机理支持。
E0321,Experimental,Mixed_or_unclear,graphene,oxygen reduction reaction,Universal Principles for the Rational Design of Single Atom Electrocatalysts? Handle with Care,ACS Catalysis,2022,American Chemical Society,10.1021/acscatal.2c01011,https://doi.org/10.1021/acscatal.2c01011,https://pubs.acs.org/doi/pdf/10.1021/acscatal.2c01011,download_failed: HTTPError,,本文关注 Mixed_or_unclear 单原子位点在 graphene 等载体上的催化行为，主要应用于oxygen reduction reaction。 文章以材料制备、结构表征和催化性能测试为核心，通常结合谱学/显微表征确认单原子分散。 摘要要点：One of the objectives of electronic structure theory is to predict chemical and catalytic activities. This is a challenging target due to the large number of variables that determine the performance of a heterogeneous catalyst. The complexity of the problem ha,题名/摘要包含合成、制备、表征、测试或实验-理论联合研究信息，按实验论文归类；其中计算部分视作机理支持。
E0322,Experimental,Mn; Fe; Co; Ni; Cu; Mo,carbon nitride,CO2 reduction/conversion,Unraveling the Catalytic Performance of the Nonprecious Metal Single-Atom-Embedded Graphitic s -Triazine-Based C 3 N 4 for CO 2 Hydrogenation,ACS Applied Materials & Interfaces,2022,American Chemical Society,10.1021/acsami.2c09813,https://doi.org/10.1021/acsami.2c09813,,no_open_pdf_in_metadata,,"本文关注 Mn, Fe, Co, Ni, Cu, Mo 单原子位点在 carbon nitride 等载体上的催化行为，主要应用于CO2 reduction/conversion。 文章以材料制备、结构表征和催化性能测试为核心，通常结合谱学/显微表征确认单原子分散。 摘要要点：Graphitic carbon nitride (g-C3N4) is regarded as a promising potent photoelectrocatalyst for CO2 reduction. Here, extensive first-principles calculations and ab initio molecular dynamics (AIMD) simulations are performed to systematically explore the structural",题名/摘要包含合成、制备、表征、测试或实验-理论联合研究信息，按实验论文归类；其中计算部分视作机理支持。
E0323,Experimental,Mixed_or_unclear,graphene,hydrogen evolution reaction,Using Coordination Chemistry Concepts to Unravel Electronic Properties of SACs in Bidimensional Materials,The Journal of Physical Chemistry C,2022,American Chemical Society,10.1021/acs.jpcc.2c02307,https://doi.org/10.1021/acs.jpcc.2c02307,,no_open_pdf_in_metadata,,"本文关注 Mixed_or_unclear 单原子位点在 graphene 等载体上的催化行为，主要应用于hydrogen evolution reaction。 文章以材料制备、结构表征和催化性能测试为核心，通常结合谱学/显微表征确认单原子分散。 摘要要点：Single atom catalysts (SACs) embedded in bidimensional (2D) materials are commonly viewed as chemically doped 2D systems whose electronic properties can be discussed in terms of solid state physics, where the doping atoms are perturbating agents to the semimet",题名/摘要包含合成、制备、表征、测试或实验-理论联合研究信息，按实验论文归类；其中计算部分视作机理支持。
E0324,Experimental,Ni,MXene,hydrogen evolution reaction,Vacancy‐Rich MXene‐Immobilized Ni Single Atoms as a High‐Performance Electrocatalyst for the Hydrazine Oxidation Reaction,Advanced Materials,2022,,10.1002/adma.202204388,https://doi.org/10.1002/adma.202204388,https://onlinelibrary.wiley.com/doi/pdfdirect/10.1002/adma.202204388,download_failed: HTTPError,,"本文关注 Ni 单原子位点在 MXene 等载体上的催化行为，主要应用于hydrogen evolution reaction。 文章以材料制备、结构表征和催化性能测试为核心，通常结合谱学/显微表征确认单原子分散。 摘要要点：Abstract Single‐atom catalysts (SACs), on account of their outstanding catalytic potential, are currently emerging as high‐performance materials in the field of heterogeneous catalysis. Constructing a strong interaction between the single atom and its supporti",题名/摘要包含合成、制备、表征、测试或实验-理论联合研究信息，按实验论文归类；其中计算部分视作机理支持。
E0325,Experimental,Co; Zn,N-doped graphene,oxygen reduction reaction,Vibronic Coupling of Adjacent Single-Atom Co and Zn Sites for Bifunctional Electrocatalysis of Oxygen Reduction and Evolution Reactions,The Journal of Physical Chemistry Letters,2022,American Chemical Society,10.1021/acs.jpclett.2c00209,https://doi.org/10.1021/acs.jpclett.2c00209,,no_open_pdf_in_metadata,,"本文关注 Co, Zn 单原子位点在 N-doped graphene 等载体上的催化行为，主要应用于oxygen reduction reaction。 文章以材料制备、结构表征和催化性能测试为核心，通常结合谱学/显微表征确认单原子分散。 摘要要点：With the goal of improving the activity of single-atom catalysts, in-depth investigations were performed to design adjacent single-metal sites to produce a modulation effect by using symmetry breaking as an indicator of tuning the electronic structure. A CoN4-",识别到合成、表征、电化学/催化测试或 operando/in situ 等实验关键词；若含 DFT，则视作实验论文的机理支持。
E0326,Experimental,Pd,carbon nitride,oxygen reduction reaction,A Direct Z‐Scheme Quasi‐2D/2D Heterojunction Constructed by Loading Photosensitive Metal–Organic Nanorings with Pd Single Atoms on Graphitic–C 3 N 4 for Superior Visible Light‐Driven H 2 Production,Solar RRL,2023,Wiley,10.1002/solr.202300148,https://doi.org/10.1002/solr.202300148,https://onlinelibrary.wiley.com/doi/pdfdirect/10.1002/solr.202300148,download_failed: HTTPError,,"本文关注 Pd 单原子位点在 carbon nitride 等载体上的催化行为，主要应用于oxygen reduction reaction。 文章以材料制备、结构表征和催化性能测试为核心，通常结合谱学/显微表征确认单原子分散。 摘要要点：Rational design of Z‐scheme composite photocatalysts with 2D/2D heterojunction is a promising method to convert solar energy into chemical fuels. Herein, a Pd 2 L 2 ‐type metal–organic nanoring (MAC‐1), which can serve as a photochemical molecular device (PMD)",识别到合成、表征、电化学/催化测试或 operando/in situ 等实验关键词；若含 DFT，则视作实验论文的机理支持。
E0327,Experimental,Co; Au,carbon nitride,oxygen reduction reaction,A Monolayer Carbon Nitride on Au(111) with a High Density of Single Co Sites,ACS Nano,2023,American Chemical Society,10.1021/acsnano.3c05996,https://doi.org/10.1021/acsnano.3c05996,https://pure.au.dk/ws/files/421723003/A_Monolayer_Carbon_Nitride_on_Au.pdf,downloaded_open_access_pdf,Experimental/Co/pdfs/E0327_A_Monolayer_Carbon_Nitride_on_Au_111_with_a_High_Density_of_Single_Co_Sites.pdf,"本文关注 Co, Au 单原子位点在 carbon nitride 等载体上的催化行为，主要应用于oxygen reduction reaction。 文章以材料制备、结构表征和催化性能测试为核心，通常结合谱学/显微表征确认单原子分散。 摘要要点：Carbon nitrides that expose atomically dispersed single-atom metals in the form of M–N–C (M = metal) sites are attractive earth-abundant catalyst materials that have been demonstrated in electrocatalytic conversion reactions. The catalytic performance is deter",题名/摘要包含合成、制备、表征、测试或实验-理论联合研究信息，按实验论文归类；其中计算部分视作机理支持。
E0328,Experimental,Zn,carbon/other support,CO2 reduction/conversion,A green edge-hosted zinc single-site heterogeneous catalyst for superior Fenton-like activity,Proceedings of the National Academy of Sciences,2023,National Academy of Sciences,10.1073/pnas.2221228120,https://doi.org/10.1073/pnas.2221228120,https://pmc.ncbi.nlm.nih.gov/articles/PMC10450848/pdf/pnas.202221228.pdf,open_url_not_pdf,,"本文关注 Zn 单原子位点在 carbon/other support 等载体上的催化行为，主要应用于CO2 reduction/conversion。 文章以材料制备、结构表征和催化性能测试为核心，通常结合谱学/显微表征确认单原子分散。 摘要要点：Developing green heterogeneous catalysts with excellent Fenton-like activity is critical for water remediation technologies. However, current catalysts often rely on toxic transitional metals, and their catalytic performance is far from satisfactory as alterna",题名/摘要包含合成、制备、表征、测试或实验-理论联合研究信息，按实验论文归类；其中计算部分视作机理支持。
E0329,Experimental,Cu,N-doped carbon,CO2 reduction/conversion,Adjacent Copper Single Atoms Promote C–C Coupling in Electrochemical CO 2 Reduction for the Efficient Conversion of Ethanol,Journal of the American Chemical Society,2023,American Chemical Society,10.1021/jacs.3c04612,https://doi.org/10.1021/jacs.3c04612,,no_open_pdf_in_metadata,,"本文关注 Cu 单原子位点在 N-doped carbon 等载体上的催化行为，主要应用于CO2 reduction/conversion。 文章以材料制备、结构表征和催化性能测试为核心，通常结合谱学/显微表征确认单原子分散。 摘要要点：The electrochemical CO2 reduction reaction (CO2RR) using renewable electricity is one of the most promising strategies for reaching the goal of carbon neutrality. Multicarbonous (C2+) products have broad applications, and ethanol is a valuable chemical and fue",题名/摘要包含合成、制备、表征、测试或实验-理论联合研究信息，按实验论文归类；其中计算部分视作机理支持。
E0330,Experimental,V; Mn; Fe; Co; Ni; Cu; Ir; Pt,carbon/other support,oxygen reduction reaction,"Advanced Design of Metal Nanoclusters and Single Atoms Embedded in C 1 N 1 ‐Derived Carbon Materials for ORR, HER, and OER",Advanced Functional Materials,2023,Wiley,10.1002/adfm.202300405,https://doi.org/10.1002/adfm.202300405,https://hal.univ-lorraine.fr/hal-04146229/document,download_failed: URLError,,"本文关注 V, Mn, Fe, Co, Ni, Cu, Ir, Pt 单原子位点在 carbon/other support 等载体上的催化行为，主要应用于oxygen reduction reaction。 文章以材料制备、结构表征和催化性能测试为核心，通常结合谱学/显微表征确认单原子分散。 摘要要点：Abstract Single atoms and nanoclusters of Fe, Ni, Co, Cu, and Mn are systematically designed and embedded in a well‐defined C 1 N 1 ‐type material that has internal cavities of ≈0.6 nm based on four N atoms. These N atoms serve as perfect anchoring points for",题名/摘要包含合成、制备、表征、测试或实验-理论联合研究信息，按实验论文归类；其中计算部分视作机理支持。
E0331,Experimental,Mn; W,carbon nitride,oxygen reduction reaction,An Atomically Dispersed Mn-Photocatalyst for Generating Hydrogen Peroxide from Seawater via the Water Oxidation Reaction (WOR),Journal of the American Chemical Society,2023,American Chemical Society,10.1021/jacs.3c03785,https://doi.org/10.1021/jacs.3c03785,https://lirias.kuleuven.be/retrieve/45714fed-95f6-44d2-9383-e06394552249,downloaded_open_access_pdf,Experimental/Mn/pdfs/E0331_An_Atomically_Dispersed_Mn-Photocatalyst_for_Generating_Hydrogen_Peroxide_from_Seawater_vi.pdf,"本文关注 Mn, W 单原子位点在 carbon nitride 等载体上的催化行为，主要应用于oxygen reduction reaction。 文章以材料制备、结构表征和催化性能测试为核心，通常结合谱学/显微表征确认单原子分散。 摘要要点：In this work, we have fabricated an aryl amino-substituted graphitic carbon nitride (g-C3N4) catalyst with atomically dispersed Mn capable of generating hydrogen peroxide (H2O2) directly from seawater. This new catalyst exhibited excellent reactivity, obtainin",题名/摘要包含合成、制备、表征、测试或实验-理论联合研究信息，按实验论文归类；其中计算部分视作机理支持。
E0332,Experimental,Ti,carbon/other support,catalysis,Application of single-atom Ti-doped g-C 3 N 4 in photocatalytic H 2 O 2 production,Materials Advances,2023,Royal Society of Chemistry,10.1039/d3ma00606a,https://doi.org/10.1039/d3ma00606a,https://pubs.rsc.org/en/content/articlepdf/2023/ma/d3ma00606a,downloaded_open_access_pdf,Experimental/Ti/pdfs/E0332_Application_of_single-atom_Ti-doped_g-C_3_N_4_in_photocatalytic_H_2_O_2_production.pdf,本文关注 Ti 单原子位点在 carbon/other support 等载体上的催化行为，主要应用于catalysis。 文章以材料制备、结构表征和催化性能测试为核心，通常结合谱学/显微表征确认单原子分散。 摘要要点：Synthesizing highly effective photocatalysts for hydrogen peroxide (H 2 O 2 ) generation is still a challenge.,识别到合成、表征、电化学/催化测试或 operando/in situ 等实验关键词；若含 DFT，则视作实验论文的机理支持。
E0333,Experimental,Ni,carbon/other support,CO2 reduction/conversion,Asymmetric dinitrogen-coordinated nickel single-atomic sites for efficient CO2 electroreduction,Nature Communications,2023,Nature Portfolio,10.1038/s41467-023-39505-2,https://doi.org/10.1038/s41467-023-39505-2,https://www.nature.com/articles/s41467-023-39505-2.pdf,open_url_not_pdf,,"本文关注 Ni 单原子位点在 carbon/other support 等载体上的催化行为，主要应用于CO2 reduction/conversion。 文章以材料制备、结构表征和催化性能测试为核心，通常结合谱学/显微表征确认单原子分散。 摘要要点：Abstract Developing highly efficient, selective and low-overpotential electrocatalysts for carbon dioxide (CO 2 ) reduction is crucial. This study reports an efficient Ni single-atom catalyst coordinated with pyrrolic nitrogen and pyridinic nitrogen for CO 2 r",题名/摘要包含合成、制备、表征、测试或实验-理论联合研究信息，按实验论文归类；其中计算部分视作机理支持。
E0334,Experimental,Fe,graphene,oxygen reduction reaction,Atomic Charge Schemes Comparison for Fe Single Atom in Graphitic Carbon: Insights from Quantum Simulations and Machine Learning,The Journal of Physical Chemistry C,2023,American Chemical Society,10.1021/acs.jpcc.3c02475,https://doi.org/10.1021/acs.jpcc.3c02475,,no_open_pdf_in_metadata,,"本文关注 Fe 单原子位点在 graphene 等载体上的催化行为，主要应用于oxygen reduction reaction。 文章以材料制备、结构表征和催化性能测试为核心，通常结合谱学/显微表征确认单原子分散。 摘要要点：Single-atom catalysts (SACs), where a transition-metal atom is embedded in graphitic carbon materials, have shown great potential as effective catalysts. The metal atom plays a major role in determining the catalytic reactivity, and substrate–metal interaction",题名/摘要包含合成、制备、表征、测试或实验-理论联合研究信息，按实验论文归类；其中计算部分视作机理支持。
E0335,Experimental,Cu,carbon/other support,oxygen reduction reaction,Atomic Cu‐N‐P‐C Active Complex with Integrated Oxidation and Chlorination for Improved Ethylene Oxychlorination,Advanced Science,2023,Wiley,10.1002/advs.202205635,https://doi.org/10.1002/advs.202205635,https://onlinelibrary.wiley.com/doi/pdfdirect/10.1002/advs.202205635,download_failed: HTTPError,,"本文关注 Cu 单原子位点在 carbon/other support 等载体上的催化行为，主要应用于oxygen reduction reaction。 文章以材料制备、结构表征和催化性能测试为核心，通常结合谱学/显微表征确认单原子分散。 摘要要点：Abstract Fine constructing the chemical environment of the central metal is vital in developing efficient single‐atom catalysts (SACs). Herein, the atomically dispersed Cu on the N‐doped carbon is modulated by introducing CuP moiety to CuNC SAC. Through fin",识别到合成、表征、电化学/催化测试或 operando/in situ 等实验关键词；若含 DFT，则视作实验论文的机理支持。
E0336,Experimental,Mixed_or_unclear,graphene,CO2 reduction/conversion,Atomically Dispersed Alkaline‐Earth Metals as Active Centers for CO 2 Electroreduction to Exclusively Produce Formate,Small Structures,2023,Wiley,10.1002/sstr.202200358,https://doi.org/10.1002/sstr.202200358,https://onlinelibrary.wiley.com/doi/pdfdirect/10.1002/sstr.202200358,download_failed: HTTPError,,"本文关注 Mixed_or_unclear 单原子位点在 graphene 等载体上的催化行为，主要应用于CO2 reduction/conversion。 文章以材料制备、结构表征和催化性能测试为核心，通常结合谱学/显微表征确认单原子分散。 摘要要点：Electrocatalytic CO 2 reduction reaction (CO 2 RR) to produce formate (HCOOH) attracts special interest in the upgrade of waste CO 2 . For the selective CO 2 conversion into HCOOH, the preferable binding of *OCHO compared with *COOH is a prerequisite, which pr",题名/摘要包含合成、制备、表征、测试或实验-理论联合研究信息，按实验论文归类；其中计算部分视作机理支持。
E0337,Experimental,Fe,carbon/other support,oxygen reduction reaction,Atomically Dispersed FeN 2 P 2 Motif with High Activity and Stability for Oxygen Reduction Reaction Over the Entire pH Range,Angewandte Chemie International Edition,2023,Wiley,10.1002/anie.202307504,https://doi.org/10.1002/anie.202307504,https://onlinelibrary.wiley.com/doi/pdfdirect/10.1002/anie.202307504,download_failed: HTTPError,,"本文关注 Fe 单原子位点在 carbon/other support 等载体上的催化行为，主要应用于oxygen reduction reaction。 文章以材料制备、结构表征和催化性能测试为核心，通常结合谱学/显微表征确认单原子分散。 摘要要点：Abstract The past decade has witnessed the great potential of Fe‐based single‐atom electrocatalysis in catalyzing oxygen reduction reaction (ORR). However, it remains a grand challenge to substantially improve their intrinsic activity and long‐term stability i",题名/摘要包含合成、制备、表征、测试或实验-理论联合研究信息，按实验论文归类；其中计算部分视作机理支持。
E0338,Experimental,Mn,graphene,hydrogen evolution reaction,Atomically Dispersed Manganese on Graphene Nanosheets as Biocompatible Nanozyme for Glutathione Detection in Liver Tissue Lysate Using Microfluidic Paper-based Analytical Devices,ACS Applied Materials & Interfaces,2023,American Chemical Society,10.1021/acsami.3c08762,https://doi.org/10.1021/acsami.3c08762,,no_open_pdf_in_metadata,,"本文关注 Mn 单原子位点在 graphene 等载体上的催化行为，主要应用于hydrogen evolution reaction。 文章以材料制备、结构表征和催化性能测试为核心，通常结合谱学/显微表征确认单原子分散。 摘要要点：Recently, single atom catalysts (SACs) featuring M-Nx (M = metal) active sites on carbon support have drawn considerable attention due to their promising enzyme-like catalytic properties. However, typical synthesis methods of SACs often involve energy-intensiv",题名/摘要包含合成、制备、表征、测试或实验-理论联合研究信息，按实验论文归类；其中计算部分视作机理支持。
E0339,Experimental,Mixed_or_unclear,graphene,hydrogen evolution reaction,Atomically Dispersed Metals on Nanodiamond-Derived Hybrid Materials for Heterogeneous Catalysis,Accounts of Materials Research,2023,American Chemical Society,10.1021/accountsmr.2c00152,https://doi.org/10.1021/accountsmr.2c00152,,no_open_pdf_in_metadata,,"本文关注 Mixed_or_unclear 单原子位点在 graphene 等载体上的催化行为，主要应用于hydrogen evolution reaction。 文章以材料制备、结构表征和催化性能测试为核心，通常结合谱学/显微表征确认单原子分散。 摘要要点：ConspectusSupported metal catalyst, has been one of the most important systems in the field of heterogeneous catalysis. The great complexity of both the compositions and structures of such supported metal catalysts provides a great degree of freedom for tuning",题名/摘要包含合成、制备、表征、测试或实验-理论联合研究信息，按实验论文归类；其中计算部分视作机理支持。
E0340,Experimental,Ni; Pt,carbon/other support,oxygen reduction reaction,Atomically Dispersed Ni–N 4 Sites Assist Pt 3 Ni Nanocages with Pt Skin to Synergistically Enhance Oxygen Reduction Activity and Stability,Small,2023,Wiley,10.1002/smll.202300200,https://doi.org/10.1002/smll.202300200,https://onlinelibrary.wiley.com/doi/pdfdirect/10.1002/smll.202300200,download_failed: HTTPError,,"本文关注 Ni, Pt 单原子位点在 carbon/other support 等载体上的催化行为，主要应用于oxygen reduction reaction。 文章以材料制备、结构表征和催化性能测试为核心，通常结合谱学/显微表征确认单原子分散。 摘要要点：Abstract Currently, the rarity and high cost of platinum (Pt)‐based electrocatalysts seriously limit their commercial application in fuel cells cathode. Decorating Pt with atomically dispersed metal–nitrogen sites possibly offers an effective pathway to synerg",识别到合成、表征、电化学/催化测试或 operando/in situ 等实验关键词；若含 DFT，则视作实验论文的机理支持。
E0341,Experimental,Cu,carbon/other support,hydrogen evolution reaction,Atomically Dispersed Unsaturated Cu‐N 3 Sites on High‐Curvature Hierarchically Porous Carbon Nanotube for Synergetic Enhanced Nitrate Electroreduction to Ammonia,Advanced Functional Materials,2023,Wiley,10.1002/adfm.202302651,https://doi.org/10.1002/adfm.202302651,https://onlinelibrary.wiley.com/doi/pdfdirect/10.1002/adfm.202302651,download_failed: HTTPError,,"本文关注 Cu 单原子位点在 carbon/other support 等载体上的催化行为，主要应用于hydrogen evolution reaction。 文章以材料制备、结构表征和催化性能测试为核心，通常结合谱学/显微表征确认单原子分散。 摘要要点：Abstract Cu‐based single‐atom catalysts (SACs) are regarded as promising candidates for electrocatalytic reduction of nitrate to ammonia (NO 3 RR) owing to the appropriate intrinsic activity and the merits of SACs. However, most reported Cu SACs are based on 4",题名/摘要包含合成、制备、表征、测试或实验-理论联合研究信息，按实验论文归类；其中计算部分视作机理支持。
E0342,Experimental,Zn,carbon/other support,hydrogen evolution reaction,Atomically Dispersed Zinc Active Sites Efficiently Promote the Electrochemical Conversion of N 2 to NH 3,Energy & environment materials,2023,Wiley,10.1002/eem2.12630,https://doi.org/10.1002/eem2.12630,https://onlinelibrary.wiley.com/doi/pdfdirect/10.1002/eem2.12630,download_failed: HTTPError,,"本文关注 Zn 单原子位点在 carbon/other support 等载体上的催化行为，主要应用于hydrogen evolution reaction。 文章以材料制备、结构表征和催化性能测试为核心，通常结合谱学/显微表征确认单原子分散。 摘要要点：At present, the research on highly active and stable nitrogen reduction reaction catalysts is still challenging work for the electrosynthesis of ammonia (NH 3 ). Herein, we synthesized atomically dispersed zinc active sites supported on N‐doped carbon nanoshee",题名/摘要包含合成、制备、表征、测试或实验-理论联合研究信息，按实验论文归类；其中计算部分视作机理支持。
E0343,Experimental,Mn,carbon/other support,oxygen reduction reaction,Atomically dispersed Mn atoms coordinated with N and O within an N-doped porous carbon framework for boosted oxygen reduction catalysis,Nanoscale,2023,Royal Society of Chemistry,10.1039/d2nr06096e,https://doi.org/10.1039/d2nr06096e,https://pubs.rsc.org/en/content/articlepdf/2023/nr/d2nr06096e,downloaded_open_access_pdf,Experimental/Mn/pdfs/E0343_Atomically_dispersed_Mn_atoms_coordinated_with_N_and_O_within_an_N-doped_porous_carbon_fra.pdf,本文关注 Mn 单原子位点在 carbon/other support 等载体上的催化行为，主要应用于oxygen reduction reaction。 文章以材料制备、结构表征和催化性能测试为核心，通常结合谱学/显微表征确认单原子分散。 摘要要点：centers contributed to the superior ORR performance with lower energy barriers and optimized adsorption capacity of intermediates. These findings provide insights into the design and development of specific coordinated structures of atomically dispersed cataly,识别到合成、表征、电化学/催化测试或 operando/in situ 等实验关键词；若含 DFT，则视作实验论文的机理支持。
E0344,Experimental,Ni; Ce,N-doped carbon,oxygen evolution reaction,Atomically dispersed Ni activates adjacent Ce sites for enhanced electrocatalytic oxygen evolution activity,Science Advances,2023,American Association for the Advancement of Science,10.1126/sciadv.adh1320,https://doi.org/10.1126/sciadv.adh1320,https://www.science.org/doi/pdf/10.1126/sciadv.adh1320?download=true,download_failed: HTTPError,,"本文关注 Ni, Ce 单原子位点在 N-doped carbon 等载体上的催化行为，主要应用于oxygen evolution reaction。 文章以材料制备、结构表征和催化性能测试为核心，通常结合谱学/显微表征确认单原子分散。 摘要要点：Manipulating the intrinsic activity of heterogeneous catalysts at the atomic level is an effective strategy to improve the electrocatalytic performances but remains challenging. Here, atomically dispersed Ni anchored on CeO 2 particles entrenched on peanut-sha",题名/摘要包含合成、制备、表征、测试或实验-理论联合研究信息，按实验论文归类；其中计算部分视作机理支持。
E0345,Experimental,Fe; Zn,carbon/other support,oxygen reduction reaction,Bimetal‐bridging Nitrogen Coordination in Carbon‐based Electrocatalysts for pH‐universal Oxygen Reduction,Angewandte Chemie,2023,Wiley,10.1002/ange.202316005,https://doi.org/10.1002/ange.202316005,https://onlinelibrary.wiley.com/doi/pdfdirect/10.1002/ange.202316005,download_failed: HTTPError,,"本文关注 Fe, Zn 单原子位点在 carbon/other support 等载体上的催化行为，主要应用于oxygen reduction reaction。 文章以材料制备、结构表征和催化性能测试为核心，通常结合谱学/显微表征确认单原子分散。 摘要要点：Abstract Electrocatalysts with atomically dispersed metal sites (e.g., metal‐nitrogen‐carbon) have been deemed as promising alternatives for noble‐metal catalysts in couples of electrocatalytic reactions. However, the modulation of such atomic sites and the un",题名/摘要包含合成、制备、表征、测试或实验-理论联合研究信息，按实验论文归类；其中计算部分视作机理支持。
E0346,Experimental,Fe,carbon/other support,CO2 reduction/conversion,Boosting Electrocatalytic Carbon Dioxide Reduction via Self‐Relaxation of Asymmetric Coordination in Fe‐Based Single Atom Catalyst,Angewandte Chemie International Edition,2023,Wiley,10.1002/anie.202318246,https://doi.org/10.1002/anie.202318246,https://onlinelibrary.wiley.com/doi/pdfdirect/10.1002/anie.202318246,download_failed: HTTPError,,本文关注 Fe 单原子位点在 carbon/other support 等载体上的催化行为，主要应用于CO2 reduction/conversion。 文章以材料制备、结构表征和催化性能测试为核心，通常结合谱学/显微表征确认单原子分散。 摘要要点：Abstract Addressing the limitations arising from the consistent catalytic behavior observed for various intermediates during the electrochemical carbon dioxide reduction reaction (CO 2 RR) poses a significant challenge in the optimization of catalytic activity,识别到合成、表征、电化学/催化测试或 operando/in situ 等实验关键词；若含 DFT，则视作实验论文的机理支持。
E0347,Experimental,Fe,carbon/other support,CO2 reduction/conversion,Boosting Electrocatalytic Carbon Dioxide Reduction via Self‐Relaxation of Asymmetric Coordination in Fe‐Based Single Atom Catalyst,Angewandte Chemie,2023,Wiley,10.1002/ange.202318246,https://doi.org/10.1002/ange.202318246,https://onlinelibrary.wiley.com/doi/pdfdirect/10.1002/ange.202318246,download_failed: HTTPError,,本文关注 Fe 单原子位点在 carbon/other support 等载体上的催化行为，主要应用于CO2 reduction/conversion。 文章以材料制备、结构表征和催化性能测试为核心，通常结合谱学/显微表征确认单原子分散。 摘要要点：Abstract Addressing the limitations arising from the consistent catalytic behavior observed for various intermediates during the electrochemical carbon dioxide reduction reaction (CO 2 RR) poses a significant challenge in the optimization of catalytic activity,识别到合成、表征、电化学/催化测试或 operando/in situ 等实验关键词；若含 DFT，则视作实验论文的机理支持。
E0348,Experimental,Fe,carbon/other support,hydrogen evolution reaction,Breaking Local Charge Symmetry of Iron Single Atoms for Efficient Electrocatalytic Nitrate Reduction to Ammonia,Angewandte Chemie,2023,Wiley,10.1002/ange.202308044,https://doi.org/10.1002/ange.202308044,https://onlinelibrary.wiley.com/doi/pdfdirect/10.1002/ange.202308044,download_failed: HTTPError,,"本文关注 Fe 单原子位点在 carbon/other support 等载体上的催化行为，主要应用于hydrogen evolution reaction。 文章以材料制备、结构表征和催化性能测试为核心，通常结合谱学/显微表征确认单原子分散。 摘要要点：Abstract The electrochemical conversion of nitrate pollutants into value‐added ammonia is a feasible way to achieve artificial nitrogen cycle. However, the development of electrocatalytic nitrate‐to‐ammonia reduction reaction (NO 3 − RR) has been hampered by h",识别到合成、表征、电化学/催化测试或 operando/in situ 等实验关键词；若含 DFT，则视作实验论文的机理支持。
E0349,Experimental,Mixed_or_unclear,carbon/other support,hydrogen evolution reaction,C 60 and Derivatives Boost Electrocatalysis and Photocatalysis: Electron Buffers to Heterojunctions,Advanced Energy Materials,2023,Wiley,10.1002/aenm.202302438,https://doi.org/10.1002/aenm.202302438,https://onlinelibrary.wiley.com/doi/pdfdirect/10.1002/aenm.202302438,download_failed: HTTPError,,本文关注 Mixed_or_unclear 单原子位点在 carbon/other support 等载体上的催化行为，主要应用于hydrogen evolution reaction。 文章以材料制备、结构表征和催化性能测试为核心，通常结合谱学/显微表征确认单原子分散。 摘要要点：Abstract Buckminsterfullerene (C 60 ) and derivatives are significant in the synthesis of efficient electrocatalysts and photocatalysts. This is because of electron acceptor properties and distinctive heterostructure(s) and physicochemical characteristics. Hig,题名/摘要包含合成、制备、表征、测试或实验-理论联合研究信息，按实验论文归类；其中计算部分视作机理支持。
E0350,Experimental,Fe; Cu,graphene,hydrogen evolution reaction,Can Metal–Nitrogen–Carbon Single-Atom Catalysts Boost the Electroreduction of Carbon Monoxide?,JACS Au,2023,American Chemical Society,10.1021/jacsau.3c00026,https://doi.org/10.1021/jacsau.3c00026,https://pubs.acs.org/doi/pdf/10.1021/jacsau.3c00026,download_failed: HTTPError,,"本文关注 Fe, Cu 单原子位点在 graphene 等载体上的催化行为，主要应用于hydrogen evolution reaction。 文章以材料制备、结构表征和催化性能测试为核心，通常结合谱学/显微表征确认单原子分散。 摘要要点：electroreduction. Unfortunately, the SACs generally cannot generate chemicals other than CO, while deep reduction products are more appealing because of their higher market potential, and the origin of governing CO reduction (COR) remains elusive. Here, by usi",题名/摘要包含合成、制备、表征、测试或实验-理论联合研究信息，按实验论文归类；其中计算部分视作机理支持。
E0351,Experimental,Pt,graphene,oxygen reduction reaction,Catalysis Sans Catalyst Loss: The Origins of Prolonged Stability of Graphene–Metal–Graphene Sandwich Architecture for Oxygen Reduction Reactions,Advanced Science,2023,Wiley,10.1002/advs.202304616,https://doi.org/10.1002/advs.202304616,https://onlinelibrary.wiley.com/doi/pdfdirect/10.1002/advs.202304616,download_failed: HTTPError,,"本文关注 Pt 单原子位点在 graphene 等载体上的催化行为，主要应用于oxygen reduction reaction。 文章以材料制备、结构表征和催化性能测试为核心，通常结合谱学/显微表征确认单原子分散。 摘要要点：Over the past decades, the design of active catalysts has been the subject of intense research efforts. However, there has been significantly less deliberate emphasis on rationally designing a catalyst system with a prolonged stability. A major obstacle comes",题名/摘要包含合成、制备、表征、测试或实验-理论联合研究信息，按实验论文归类；其中计算部分视作机理支持。
E0352,Experimental,Mn; Co; Ni,carbon/other support,hydrogen evolution reaction,Catalytic ozonation mechanism over M1-N3C1 active sites,Nature Communications,2023,Nature Portfolio,10.1038/s41467-023-42853-8,https://doi.org/10.1038/s41467-023-42853-8,https://www.nature.com/articles/s41467-023-42853-8.pdf,open_url_not_pdf,,"本文关注 Mn, Co, Ni 单原子位点在 carbon/other support 等载体上的催化行为，主要应用于hydrogen evolution reaction。 文章以材料制备、结构表征和催化性能测试为核心，通常结合谱学/显微表征确认单原子分散。 摘要要点：Abstract The structure-activity relationship in catalytic ozonation remains unclear, hindering the understanding of activity origins. Here, we report activity trends in catalytic ozonation using a series of single-atom catalysts with well-defined M 1 -N 3 C 1",题名/摘要包含合成、制备、表征、测试或实验-理论联合研究信息，按实验论文归类；其中计算部分视作机理支持。
E0353,Experimental,Fe,N-doped carbon,CO2 reduction/conversion,Chemical Kinetic Method for Active-Site Quantification in Fe-N-C Catalysts and Correlation with Molecular Probe and Spectroscopic Site-Counting Methods,Journal of the American Chemical Society,2023,American Chemical Society,10.1021/jacs.3c08790,https://doi.org/10.1021/jacs.3c08790,https://hal.science/hal-04740668/document,open_url_not_pdf,,本文关注 Fe 单原子位点在 N-doped carbon 等载体上的催化行为，主要应用于CO2 reduction/conversion。 文章以材料制备、结构表征和催化性能测试为核心，通常结合谱学/显微表征确认单原子分散。 摘要要点：Mononuclear Fe ions ligated by nitrogen (FeNx) dispersed on nitrogen-doped carbon (Fe-N-C) serve as active centers for electrocatalytic O2 reduction and thermocatalytic aerobic oxidations. Despite their promise as replacements for precious metals in a variety,题名/摘要包含合成、制备、表征、测试或实验-理论联合研究信息，按实验论文归类；其中计算部分视作机理支持。
E0354,Experimental,Pt,carbon/other support,oxygen reduction reaction,Chemical Kinetics of Metal Single Atom and Nanocluster Formation on Surfaces: An Example of Pt on Hexagonal Boron Nitride,Nano Letters,2023,American Chemical Society,10.1021/acs.nanolett.3c01968,https://doi.org/10.1021/acs.nanolett.3c01968,https://orca.cardiff.ac.uk/id/eprint/162555/1/nl3c01968.pdf,download_failed: HTTPError,,本文关注 Pt 单原子位点在 carbon/other support 等载体上的催化行为，主要应用于oxygen reduction reaction。 文章以材料制备、结构表征和催化性能测试为核心，通常结合谱学/显微表征确认单原子分散。 摘要要点：The production of atomically dispersed metal catalysts remains a significant challenge in the field of heterogeneous catalysis due to coexistence with continuously packed sites such as nanoclusters and nanoparticles. This work presents a comprehensive guidance,题名/摘要包含合成、制备、表征、测试或实验-理论联合研究信息，按实验论文归类；其中计算部分视作机理支持。
E0355,Experimental,Fe; Co,graphene oxide,CO2 reduction/conversion,Co Single Atom-FeCo Alloy-Carbon Nanotube Catalysts on Graphene for Lithium–Oxygen and Lithium–Carbon Dioxide Batteries,ACS Sustainable Chemistry & Engineering,2023,American Chemical Society,10.1021/acssuschemeng.3c00912,https://doi.org/10.1021/acssuschemeng.3c00912,,no_open_pdf_in_metadata,,"本文关注 Fe, Co 单原子位点在 graphene oxide 等载体上的催化行为，主要应用于CO2 reduction/conversion。 文章以材料制备、结构表征和催化性能测试为核心，通常结合谱学/显微表征确认单原子分散。 摘要要点：Lithium–oxygen (Li–O2) and lithium–carbon dioxide (Li–CO2) batteries are emerging as promising energy storage devices. Bifunctional catalysts play a crucial role in the reduction and evolution reactions for rechargeable Li–O2 and Li–CO2 batteries. In this stud",题名/摘要包含合成、制备、表征、测试或实验-理论联合研究信息，按实验论文归类；其中计算部分视作机理支持。
E0356,Experimental,Co; Pt,carbon/other support,oxygen reduction reaction,CoSe 2 supported single Pt site catalysts for hydrogen peroxide generation via two‐electron oxygen reduction,SusMat,2023,Wiley,10.1002/sus2.132,https://doi.org/10.1002/sus2.132,https://onlinelibrary.wiley.com/doi/pdfdirect/10.1002/sus2.132,download_failed: HTTPError,,"本文关注 Co, Pt 单原子位点在 carbon/other support 等载体上的催化行为，主要应用于oxygen reduction reaction。 文章以材料制备、结构表征和催化性能测试为核心，通常结合谱学/显微表征确认单原子分散。 摘要要点：Abstract Electrocatalytic oxygen reduction reaction (ORR) to prepare H 2 O 2 in acidic medium has the advantages of green, safety, and portability, which shows broad development prospects. However, it still suffers from low catalyst activity, insufficient sele",题名/摘要包含合成、制备、表征、测试或实验-理论联合研究信息，按实验论文归类；其中计算部分视作机理支持。
E0357,Experimental,Fe,N-doped graphene,oxygen reduction reaction,Collective Behavior of Single-Atom Catalysts: A Synergistic Effect between Strain and Site Configuration,The Journal of Physical Chemistry Letters,2023,American Chemical Society,10.1021/acs.jpclett.3c02530,https://doi.org/10.1021/acs.jpclett.3c02530,,no_open_pdf_in_metadata,,"本文关注 Fe 单原子位点在 N-doped graphene 等载体上的催化行为，主要应用于oxygen reduction reaction。 文章以材料制备、结构表征和催化性能测试为核心，通常结合谱学/显微表征确认单原子分散。 摘要要点：Fe single-atom catalysts on N-doped graphene (Fe–NC) exhibit good and variable catalytic activity linked to the active site density and configuration. Here, we comprehensively investigate the Fe–NC catalysts under various strained states and site densities to",识别到合成、表征、电化学/催化测试或 operando/in situ 等实验关键词；若含 DFT，则视作实验论文的机理支持。
E0358,Experimental,V; Ni,N-doped carbon,CO2 reduction/conversion,Competitive Trapping of Single Atoms onto a Metal Carbide Surface,ACS Nano,2023,American Chemical Society,10.1021/acsnano.3c00866,https://doi.org/10.1021/acsnano.3c00866,,no_open_pdf_in_metadata,,"本文关注 V, Ni 单原子位点在 N-doped carbon 等载体上的催化行为，主要应用于CO2 reduction/conversion。 文章以材料制备、结构表征和催化性能测试为核心，通常结合谱学/显微表征确认单原子分散。 摘要要点：Controlling atomic adjustment of single-atom catalysts (SACs) can directly change its local configuration, regulate the energy barrier of intermediates, and further optimize reaction pathways. Herein, we report an atom manipulating process to synthesize Ni ato",题名/摘要包含合成、制备、表征、测试或实验-理论联合研究信息，按实验论文归类；其中计算部分视作机理支持。
E0359,Experimental,Mixed_or_unclear,carbon/other support,catalysis,Computation-aided design of oxygen-ligand-steered single-atom catalysts: Sewing unzipped carbon nanotubes,Chem,2023,Elsevier BV,10.1016/j.chempr.2023.07.007,https://doi.org/10.1016/j.chempr.2023.07.007,http://www.cell.com/article/S2451929423003583/pdf,download_failed: HTTPError,,本文关注 Mixed_or_unclear 单原子位点在 carbon/other support 等载体上的催化行为，主要应用于catalysis。 文章以材料制备、结构表征和催化性能测试为核心，通常结合谱学/显微表征确认单原子分散。 摘要未在元数据源中提供，建议通过 DOI 页面查看全文摘要。,识别到合成、表征、电化学/催化测试或 operando/in situ 等实验关键词；若含 DFT，则视作实验论文的机理支持。
E0360,Experimental,Fe,carbon/other support,oxygen reduction reaction,Converting carbon black into an efficient and multi-site ORR electrocatalyst: the importance of bottom-up construction parameters,Nanoscale,2023,Royal Society of Chemistry,10.1039/d3nr04244h,https://doi.org/10.1039/d3nr04244h,https://rodin.uca.es/bitstream/10498/32607/1/OA_2024_0076.pdf,downloaded_open_access_pdf,Experimental/Fe/pdfs/E0360_Converting_carbon_black_into_an_efficient_and_multi-site_ORR_electrocatalyst_the_importanc.pdf,"本文关注 Fe 单原子位点在 carbon/other support 等载体上的催化行为，主要应用于oxygen reduction reaction。 文章以材料制备、结构表征和催化性能测试为核心，通常结合谱学/显微表征确认单原子分散。 摘要要点：Surface modification of highly porous and conductive carbon black was performed. Preserved porosity, single-atom Fe–N centers, Fe nanoclusters, and other N-containing sites contribute to high electrocatalytic activity and stability towards the ORR.",题名/摘要包含合成、制备、表征、测试或实验-理论联合研究信息，按实验论文归类；其中计算部分视作机理支持。
E0361,Experimental,Cu,carbon/other support,hydrogen evolution reaction,Copper Single Atoms Chelated on Ligand‐Modified Carbon for Ullmann‐type C−O Coupling,ChemSusChem,2023,Wiley,10.1002/cssc.202301529,https://doi.org/10.1002/cssc.202301529,https://onlinelibrary.wiley.com/doi/pdfdirect/10.1002/cssc.202301529,download_failed: HTTPError,,"本文关注 Cu 单原子位点在 carbon/other support 等载体上的催化行为，主要应用于hydrogen evolution reaction。 文章以材料制备、结构表征和催化性能测试为核心，通常结合谱学/显微表征确认单原子分散。 摘要要点：Cross-coupling reactions are of great importance in chemistry due to their ability to facilitate the construction of complex organic molecules. Among these reactions, the Ullmann-type C-O coupling between phenols and aryl halides is particularly noteworthy and",识别到合成、表征、电化学/催化测试或 operando/in situ 等实验关键词；若含 DFT，则视作实验论文的机理支持。
E0362,Experimental,Cu,carbon/other support,CO2 reduction/conversion,Cu‐Based Catalytic Materials for Electrochemical Carbon Dioxide Reduction: Recent Advances and Perspectives,Advanced Energy and Sustainability Research,2023,Wiley,10.1002/aesr.202300034,https://doi.org/10.1002/aesr.202300034,https://onlinelibrary.wiley.com/doi/pdfdirect/10.1002/aesr.202300034,download_failed: HTTPError,,本文关注 Cu 单原子位点在 carbon/other support 等载体上的催化行为，主要应用于CO2 reduction/conversion。 文章以材料制备、结构表征和催化性能测试为核心，通常结合谱学/显微表征确认单原子分散。 摘要要点：Electrocatalytic CO 2 reduction reaction (CRR) is a promising way to convert carbon dioxide (CO 2 ) into value‐added hydrocarbons to alleviate the ever‐increasing environmental problem and accelerate the realization of carbon cycling. Cost‐effective and stable,题名/摘要包含合成、制备、表征、测试或实验-理论联合研究信息，按实验论文归类；其中计算部分视作机理支持。
E0363,Experimental,Fe; Zn,carbon/other support,hydrogen evolution reaction,Decorating Mg 12 O 12 Nanocage with Late First-Row Transition Metals To Act as Single-Atom Catalysts for the Hydrogen Evolution Reaction,ACS Omega,2023,American Chemical Society,10.1021/acsomega.3c01794,https://doi.org/10.1021/acsomega.3c01794,https://pmc.ncbi.nlm.nih.gov/articles/PMC10586255/pdf/ao3c01794.pdf,open_url_not_pdf,,"本文关注 Fe, Zn 单原子位点在 carbon/other support 等载体上的催化行为，主要应用于hydrogen evolution reaction。 文章以材料制备、结构表征和催化性能测试为核心，通常结合谱学/显微表征确认单原子分散。 摘要要点：In the pursuit of sustainable clean energy sources, the hydrogen evolution reaction (HER) has attained significant interest from the scientific community. Single-atom catalysts (SACs) are among the most promising candidates for future electrocatalysis because",题名/摘要包含合成、制备、表征、测试或实验-理论联合研究信息，按实验论文归类；其中计算部分视作机理支持。
E0364,Experimental,Mo; Pt,N-doped carbon,hydrogen evolution reaction,Defect-driven nanostructuring of low-nuclearity Pt-Mo ensembles for continuous gas-phase formic acid dehydrogenation,Nature Communications,2023,Nature Portfolio,10.1038/s41467-023-42759-5,https://doi.org/10.1038/s41467-023-42759-5,https://www.nature.com/articles/s41467-023-42759-5.pdf,open_url_not_pdf,,"本文关注 Mo, Pt 单原子位点在 N-doped carbon 等载体上的催化行为，主要应用于hydrogen evolution reaction。 文章以材料制备、结构表征和催化性能测试为核心，通常结合谱学/显微表征确认单原子分散。 摘要要点：Abstract Supported metal clusters comprising of well-tailored low-nuclearity heteroatoms have great potentials in catalysis owing to the maximized exposure of active sites and metal synergy. However, atomically precise design of these architectures is still ch",题名/摘要包含合成、制备、表征、测试或实验-理论联合研究信息，按实验论文归类；其中计算部分视作机理支持。
E0365,Experimental,Fe; Co; Cu,graphene,hydrogen evolution reaction,"Density Functional Theory Studies of the Direct Conversion of Methane to Methanol Using O 2 on Graphitic MN 4 G-BN (M = Fe, Co, Cu) and CuN 4 G-PN Single-Atom Catalysts",ACS Applied Nano Materials,2023,American Chemical Society,10.1021/acsanm.3c00156,https://doi.org/10.1021/acsanm.3c00156,,no_open_pdf_in_metadata,,"本文关注 Fe, Co, Cu 单原子位点在 graphene 等载体上的催化行为，主要应用于hydrogen evolution reaction。 文章以材料制备、结构表征和催化性能测试为核心，通常结合谱学/显微表征确认单原子分散。 摘要要点：Graphene-based single-atom catalysts have attracted increasing interest due to their potential to catalyze the direct conversion of CH4 to CH3OH. In particular, the porphyrin-like FeN4 complex has recently been reported to convert CH4 to CH3OH at low temperatu",题名/摘要包含合成、制备、表征、测试或实验-理论联合研究信息，按实验论文归类；其中计算部分视作机理支持。
E0366,Experimental,V; Cr; Mn; Fe; Co; Ni; Cu,graphene,oxygen reduction reaction,Density Functional Theory Study of Single-Atom Transition Metal Catalysts Supported on Pyridine-Substituted Graphene Nanosheets for Oxygen Reduction Reaction,ACS Applied Nano Materials,2023,American Chemical Society,10.1021/acsanm.3c04535,https://doi.org/10.1021/acsanm.3c04535,,no_open_pdf_in_metadata,,"本文关注 V, Cr, Mn, Fe, Co, Ni, Cu 单原子位点在 graphene 等载体上的催化行为，主要应用于oxygen reduction reaction。 文章以材料制备、结构表征和催化性能测试为核心，通常结合谱学/显微表征确认单原子分散。 摘要要点：The oxygen reduction reaction (ORR) is of great importance due to its applications for alternative energies and environmental remediation. Therefore, controlling the selectivity toward the four-electrons pathway is of current interest. In this work, using dens",题名/摘要包含合成、制备、表征、测试或实验-理论联合研究信息，按实验论文归类；其中计算部分视作机理支持。
E0367,Experimental,Ni,carbon nitride,oxygen reduction reaction,Developing Ni single-atom sites in carbon nitride for efficient photocatalytic H2O2 production,Nature Communications,2023,Nature Portfolio,10.1038/s41467-023-42887-y,https://doi.org/10.1038/s41467-023-42887-y,https://www.nature.com/articles/s41467-023-42887-y.pdf,open_url_not_pdf,,"本文关注 Ni 单原子位点在 carbon nitride 等载体上的催化行为，主要应用于oxygen reduction reaction。 文章以材料制备、结构表征和催化性能测试为核心，通常结合谱学/显微表征确认单原子分散。 摘要要点：Abstract Photocatalytic two-electron oxygen reduction to produce high-value hydrogen peroxide (H 2 O 2 ) is gaining popularity as a promising avenue of research. However, structural evolution mechanisms of catalytically active sites in the entire photosyntheti",题名/摘要包含合成、制备、表征、测试或实验-理论联合研究信息，按实验论文归类；其中计算部分视作机理支持。
E0368,Experimental,Mn,N-doped carbon,hydrogen evolution reaction,Developing Single-Atomic Manganese Nanozymes for Synergistic Mild Photothermal/Multienzymatic Therapy,ACS Omega,2023,American Chemical Society,10.1021/acsomega.3c07714,https://doi.org/10.1021/acsomega.3c07714,https://pmc.ncbi.nlm.nih.gov/articles/PMC10753745/pdf/ao3c07714.pdf,open_url_not_pdf,,"本文关注 Mn 单原子位点在 N-doped carbon 等载体上的催化行为，主要应用于hydrogen evolution reaction。 文章以材料制备、结构表征和催化性能测试为核心，通常结合谱学/显微表征确认单原子分散。 摘要要点：Synergistic mild photothermal/nanozyme therapy with outstanding hyperthermia performance and excellent multienzyme properties is highly needed for osteosarcoma treatment. Herein, we have developed efficient single-atom nanozymes (SANs) consisting of Mn sites a",识别到合成、表征、电化学/催化测试或 operando/in situ 等实验关键词；若含 DFT，则视作实验论文的机理支持。
E0369,Experimental,Fe; Co; Ni; Cu,carbon/other support,oxygen reduction reaction,Direct Observation of Transition Metal Ions Evolving into Single Atoms: Formation and Transformation of Nanoparticle Intermediates,Advanced Science,2023,Wiley,10.1002/advs.202206166,https://doi.org/10.1002/advs.202206166,https://onlinelibrary.wiley.com/doi/pdfdirect/10.1002/advs.202206166,download_failed: HTTPError,,"本文关注 Fe, Co, Ni, Cu 单原子位点在 carbon/other support 等载体上的催化行为，主要应用于oxygen reduction reaction。 文章以材料制备、结构表征和催化性能测试为核心，通常结合谱学/显微表征确认单原子分散。 摘要要点：Abstract Understanding the dynamical evolution from metal ions to single atoms is of great importance to the rational development of synthesis strategies for single atom catalysts (SACs) against metal sintering during pyrolysis. Herein, an in situ observation",识别到合成、表征、电化学/催化测试或 operando/in situ 等实验关键词；若含 DFT，则视作实验论文的机理支持。
E0370,Experimental,Fe; Mo,carbon nitride,oxygen reduction reaction,Dual-functional single-atomic Mo/Fe clusters–decorated C 3 N 5 via three electron-pathway in oxygen reduction reaction for tandemly removing contaminants from water,Proceedings of the National Academy of Sciences,2023,National Academy of Sciences,10.1073/pnas.2305883120,https://doi.org/10.1073/pnas.2305883120,https://pmc.ncbi.nlm.nih.gov/articles/PMC10523597/pdf/pnas.202305883.pdf,open_url_not_pdf,,"本文关注 Fe, Mo 单原子位点在 carbon nitride 等载体上的催化行为，主要应用于oxygen reduction reaction。 文章以材料制备、结构表征和催化性能测试为核心，通常结合谱学/显微表征确认单原子分散。 摘要要点：Inspired by the development of single-atom catalysts (SACs), the fabrication of multimetallic SACs can be a promising technical approach for the in situ electro-Fenton (EF) process. Herein, dual-functional atomically dispersed Mo–Fe sites embedded in carbon ni",题名/摘要包含合成、制备、表征、测试或实验-理论联合研究信息，按实验论文归类；其中计算部分视作机理支持。
E0371,Experimental,Co,N-doped graphene,CO2 reduction/conversion,Electrochemical Potential-Driven Shift of Frontier Orbitals in M–N–C Single-Atom Catalysts Leading to Inverted Adsorption Energies,Journal of the American Chemical Society,2023,American Chemical Society,10.1021/jacs.3c08697,https://doi.org/10.1021/jacs.3c08697,,no_open_pdf_in_metadata,,"本文关注 Co 单原子位点在 N-doped graphene 等载体上的催化行为，主要应用于CO2 reduction/conversion。 文章以材料制备、结构表征和催化性能测试为核心，通常结合谱学/显微表征确认单原子分散。 摘要要点：Electronic structure is essential to understanding the catalytic mechanism of metal single-atom catalysts (SACs), especially under electrochemical conditions. This study delves into the nuanced modulation of “frontier orbitals” in SACs on nitrogen-doped graphe",识别到合成、表征、电化学/催化测试或 operando/in situ 等实验关键词；若含 DFT，则视作实验论文的机理支持。
E0372,Experimental,Mixed_or_unclear,carbon/other support,oxygen reduction reaction,Elucidating electrochemical nitrate and nitrite reduction over atomically-dispersed transition metal sites,Nature Communications,2023,Nature Portfolio,10.1038/s41467-023-40174-4,https://doi.org/10.1038/s41467-023-40174-4,https://www.nature.com/articles/s41467-023-40174-4.pdf,open_url_not_pdf,,本文关注 Mixed_or_unclear 单原子位点在 carbon/other support 等载体上的催化行为，主要应用于oxygen reduction reaction。 文章以材料制备、结构表征和催化性能测试为核心，通常结合谱学/显微表征确认单原子分散。 摘要要点：Abstract Electrocatalytic reduction of waste nitrates (NO 3 − ) enables the synthesis of ammonia (NH 3 ) in a carbon neutral and decentralized manner. Atomically dispersed metal-nitrogen-carbon (M-N-C) catalysts demonstrate a high catalytic activity and unique,题名/摘要包含合成、制备、表征、测试或实验-理论联合研究信息，按实验论文归类；其中计算部分视作机理支持。
E0373,Experimental,Pd,carbon/other support,hydrogen evolution reaction,Engineering of Local Coordination Microenvironment in Single‐Atom Catalysts Enabling Sustainable Conversion of Biomass into a Broad Range of Amines,Advanced Materials,2023,,10.1002/adma.202305924,https://doi.org/10.1002/adma.202305924,https://onlinelibrary.wiley.com/doi/pdfdirect/10.1002/adma.202305924,download_failed: HTTPError,,本文关注 Pd 单原子位点在 carbon/other support 等载体上的催化行为，主要应用于hydrogen evolution reaction。 文章以材料制备、结构表征和催化性能测试为核心，通常结合谱学/显微表征确认单原子分散。 摘要要点：Abstract Utilizing renewable biomass as a substitute for fossil resources to produce high‐value chemicals with a low carbon footprint is an effective strategy for achieving a carbon‐neutral society. Production of chemicals via single‐atom catalysis is an attra,题名/摘要包含合成、制备、表征、测试或实验-理论联合研究信息，按实验论文归类；其中计算部分视作机理支持。
E0374,Experimental,Fe,graphene,hydrogen evolution reaction,Enhanced interfacial water dissociation on a hydrated iron porphyrin single-atom catalyst in graphene,Communications Chemistry,2023,Nature Portfolio,10.1038/s42004-023-01027-9,https://doi.org/10.1038/s42004-023-01027-9,https://www.nature.com/articles/s42004-023-01027-9.pdf,open_url_not_pdf,,"本文关注 Fe 单原子位点在 graphene 等载体上的催化行为，主要应用于hydrogen evolution reaction。 文章以材料制备、结构表征和催化性能测试为核心，通常结合谱学/显微表征确认单原子分散。 摘要要点：Abstract Single Atom Catalysis (SAC) is an expanding field of heterogeneous catalysis in which single metallic atoms embedded in different materials catalyze a chemical reaction, but these new catalytic materials still lack fundamental understanding when used",识别到合成、表征、电化学/催化测试或 operando/in situ 等实验关键词；若含 DFT，则视作实验论文的机理支持。
E0375,Experimental,Pd,graphene,CO2 reduction/conversion,Enhancing the activity of Pd ensembles on graphene by manipulating coordination environment,Proceedings of the National Academy of Sciences,2023,National Academy of Sciences,10.1073/pnas.2216879120,https://doi.org/10.1073/pnas.2216879120,https://www.osti.gov/servlets/purl/2282034,downloaded_open_access_pdf,Experimental/Pd/pdfs/E0375_Enhancing_the_activity_of_Pd_ensembles_on_graphene_by_manipulating_coordination_environmen.pdf,"本文关注 Pd 单原子位点在 graphene 等载体上的催化行为，主要应用于CO2 reduction/conversion。 文章以材料制备、结构表征和催化性能测试为核心，通常结合谱学/显微表征确认单原子分散。 摘要要点：Atomic dispersion of metal catalysts on a substrate accounts for the increased atomic efficiency of single-atom catalysts (SACs) in various catalytic schemes compared to the nanoparticle counterparts. However, lacking neighboring metal sites has been shown to",题名/摘要包含合成、制备、表征、测试或实验-理论联合研究信息，按实验论文归类；其中计算部分视作机理支持。
E0376,Experimental,Fe,N-doped carbon,oxygen reduction reaction,Epoxy‐rich Fe Single Atom Sites Boost Oxygen Reduction Electrocatalysis,Angewandte Chemie International Edition,2023,Wiley,10.1002/anie.202308349,https://doi.org/10.1002/anie.202308349,https://onlinelibrary.wiley.com/doi/pdfdirect/10.1002/anie.202308349,download_failed: HTTPError,,本文关注 Fe 单原子位点在 N-doped carbon 等载体上的催化行为，主要应用于oxygen reduction reaction。 文章以材料制备、结构表征和催化性能测试为核心，通常结合谱学/显微表征确认单原子分散。 摘要要点：Electrocatalysts for highly efficient oxygen reduction reaction (ORR) are crucial for energy conversion and storage devices. Single-atom catalysts with maximized metal utilization and altered electronic structure are the most promising alternatives to replace,题名/摘要包含合成、制备、表征、测试或实验-理论联合研究信息，按实验论文归类；其中计算部分视作机理支持。
E0377,Experimental,Fe,carbon/other support,oxygen reduction reaction,Epoxy‐rich Fe Single Atom Sites Boost Oxygen Reduction Electrocatalysis,Angewandte Chemie,2023,Wiley,10.1002/ange.202308349,https://doi.org/10.1002/ange.202308349,https://onlinelibrary.wiley.com/doi/pdfdirect/10.1002/ange.202308349,download_failed: HTTPError,,本文关注 Fe 单原子位点在 carbon/other support 等载体上的催化行为，主要应用于oxygen reduction reaction。 文章以材料制备、结构表征和催化性能测试为核心，通常结合谱学/显微表征确认单原子分散。 摘要要点：Abstract Electrocatalysts for highly efficient oxygen reduction reaction (ORR) are crucial for energy conversion and storage devices. Single‐atom catalysts with maximized metal utilization and altered electronic structure are the most promising alternatives to,题名/摘要包含合成、制备、表征、测试或实验-理论联合研究信息，按实验论文归类；其中计算部分视作机理支持。
E0378,Experimental,Ru; Pt; Au,carbon/other support,hydrogen evolution reaction,Evidence of bifunctionality of carbons and metal atoms in catalyzed acetylene hydrochlorination,Nature Communications,2023,Nature Portfolio,10.1038/s41467-023-41344-0,https://doi.org/10.1038/s41467-023-41344-0,https://www.nature.com/articles/s41467-023-41344-0.pdf,open_url_not_pdf,,"本文关注 Ru, Pt, Au 单原子位点在 carbon/other support 等载体上的催化行为，主要应用于hydrogen evolution reaction。 文章以材料制备、结构表征和催化性能测试为核心，通常结合谱学/显微表征确认单原子分散。 摘要要点：Carbon supports are ubiquitous components of heterogeneous catalysts for acetylene hydrochlorination to vinyl chloride, from commercial mercury-based systems to more sustainable metal single-atom alternatives. Their potential co-catalytic role has long been po",题名/摘要包含合成、制备、表征、测试或实验-理论联合研究信息，按实验论文归类；其中计算部分视作机理支持。
E0379,Experimental,Mixed_or_unclear,N-doped carbon,oxygen reduction reaction,External-Shell Oxygen Enabling the Local Environment Modulation of Unsaturated NbN 3 for Efficient Electrosynthesis of Hydrogen Peroxide,ACS Applied Materials & Interfaces,2023,American Chemical Society,10.1021/acsami.2c21632,https://doi.org/10.1021/acsami.2c21632,https://hal.science/hal-04276530/document,open_url_not_pdf,,"本文关注 Mixed_or_unclear 单原子位点在 N-doped carbon 等载体上的催化行为，主要应用于oxygen reduction reaction。 文章以材料制备、结构表征和催化性能测试为核心，通常结合谱学/显微表征确认单原子分散。 摘要要点：Single-atom catalysts with a tunable coordination structure have shown grand potential in flexibly altering the selectivity of oxygen reduction reaction (ORR) toward the desired pathway. However, rationally mediating the ORR pathway by modulating the local coo",题名/摘要包含合成、制备、表征、测试或实验-理论联合研究信息，按实验论文归类；其中计算部分视作机理支持。
E0380,Experimental,Ni,carbon/other support,CO2 reduction/conversion,Facile Synthesis and Insight of Atomically Dispersed Ni Catalyst on N‐Doped Carbonized Lignin for Highly Efficient Electrochemical CO 2 Reduction to CO,ChemSusChem,2023,Wiley,10.1002/cssc.202300530,https://doi.org/10.1002/cssc.202300530,https://onlinelibrary.wiley.com/doi/pdfdirect/10.1002/cssc.202300530,download_failed: HTTPError,,"本文关注 Ni 单原子位点在 carbon/other support 等载体上的催化行为，主要应用于CO2 reduction/conversion。 文章以材料制备、结构表征和催化性能测试为核心，通常结合谱学/显微表征确认单原子分散。 摘要要点：Abstract For the electrochemical CO 2 reduction reaction (CO 2 RR), the single‐metal atom catalysts (SACs) on N‐doped carbon are considered promising alternatives to conventional catalysts owing to their unique electrocatalytic properties. However, environment",题名/摘要包含合成、制备、表征、测试或实验-理论联合研究信息，按实验论文归类；其中计算部分视作机理支持。
E0381,Experimental,Fe,N-doped carbon,CO2 reduction/conversion,Facile and Scalable Synthesis of Metal- and Nitrogen-Doped Carbon Nanotubes for Efficient Electrochemical CO 2 Reduction,ACS Sustainable Chemistry & Engineering,2023,American Chemical Society,10.1021/acssuschemeng.3c01222,https://doi.org/10.1021/acssuschemeng.3c01222,https://www.osti.gov/servlets/purl/2470194,downloaded_open_access_pdf,Experimental/Fe/pdfs/E0381_Facile_and_Scalable_Synthesis_of_Metal-_and_Nitrogen-Doped_Carbon_Nanotubes_for_Efficient_.pdf,"本文关注 Fe 单原子位点在 N-doped carbon 等载体上的催化行为，主要应用于CO2 reduction/conversion。 文章以材料制备、结构表征和催化性能测试为核心，通常结合谱学/显微表征确认单原子分散。 摘要要点：Metal- and nitrogen-doped carbon (M–N–C) is a promising material to catalyze electrochemical CO2 reduction reaction (CO2RR). However, most M–N–C catalysts in the literature require complicated synthesis procedures and produce small quantities per batch, limiti",题名/摘要包含合成、制备、表征、测试或实验-理论联合研究信息，按实验论文归类；其中计算部分视作机理支持。
E0382,Experimental,Mixed_or_unclear,graphene,oxygen reduction reaction,Facilitating two-electron oxygen reduction with pyrrolic nitrogen sites for electrochemical hydrogen peroxide production,Nature Communications,2023,Nature Portfolio,10.1038/s41467-023-40118-y,https://doi.org/10.1038/s41467-023-40118-y,https://www.nature.com/articles/s41467-023-40118-y.pdf,open_url_not_pdf,,"本文关注 Mixed_or_unclear 单原子位点在 graphene 等载体上的催化行为，主要应用于oxygen reduction reaction。 文章以材料制备、结构表征和催化性能测试为核心，通常结合谱学/显微表征确认单原子分散。 摘要要点：Abstract Electrocatalytic hydrogen peroxide (H 2 O 2 ) production via the two-electron oxygen reduction reaction is a promising alternative to the energy-intensive and high-pollution anthraquinone oxidation process. However, developing advanced electrocatalyst",题名/摘要包含合成、制备、表征、测试或实验-理论联合研究信息，按实验论文归类；其中计算部分视作机理支持。
E0383,Experimental,Co; Ni; Pt,N-doped graphene,hydrogen evolution reaction,Flash-Thermal Shock Synthesis of Single Atoms in Ambient Air,ACS Nano,2023,American Chemical Society,10.1021/acsnano.3c02968,https://doi.org/10.1021/acsnano.3c02968,,no_open_pdf_in_metadata,,"本文关注 Co, Ni, Pt 单原子位点在 N-doped graphene 等载体上的催化行为，主要应用于hydrogen evolution reaction。 文章以材料制备、结构表征和催化性能测试为核心，通常结合谱学/显微表征确认单原子分散。 摘要要点：Single-atom catalysts feature interesting catalytic activity toward applications that rely on surface reactions such as electrochemical energy storage, catalysis, and gas sensors. However, conventional synthetic approaches for such catalysts require extended p",题名/摘要包含合成、制备、表征、测试或实验-理论联合研究信息，按实验论文归类；其中计算部分视作机理支持。
E0384,Experimental,Co,carbon/other support,oxygen reduction reaction,Fluorine‐regulated carbon nanotubes decorated with Co single atoms for multi‐site electrocatalysis toward two‐electron oxygen reduction,EcoMat,2023,Wiley,10.1002/eom2.12336,https://doi.org/10.1002/eom2.12336,https://onlinelibrary.wiley.com/doi/pdfdirect/10.1002/eom2.12336,download_failed: HTTPError,,"本文关注 Co 单原子位点在 carbon/other support 等载体上的催化行为，主要应用于oxygen reduction reaction。 文章以材料制备、结构表征和催化性能测试为核心，通常结合谱学/显微表征确认单原子分散。 摘要要点：Abstract Producing hydrogen peroxide (H 2 O 2 ) via a two‐electron oxygen reduction reaction (2 e − ‐ORR) is a promising alternative to the conventional anthraquinone process, because of its exceptional low‐risk and distributed features. The low yield of H 2 O",题名/摘要包含合成、制备、表征、测试或实验-理论联合研究信息，按实验论文归类；其中计算部分视作机理支持。
E0385,Experimental,Cu,N-doped carbon,catalysis,Free-standing membrane incorporating single-atom catalysts for ultrafast electroreduction of low-concentration nitrate,Proceedings of the National Academy of Sciences,2023,National Academy of Sciences,10.1073/pnas.2217703120,https://doi.org/10.1073/pnas.2217703120,https://www.osti.gov/servlets/purl/2425475,downloaded_open_access_pdf,Experimental/Cu/pdfs/E0385_Free-standing_membrane_incorporating_single-atom_catalysts_for_ultrafast_electroreduction_.pdf,"本文关注 Cu 单原子位点在 N-doped carbon 等载体上的催化行为，主要应用于catalysis。 文章以材料制备、结构表征和催化性能测试为核心，通常结合谱学/显微表征确认单原子分散。 摘要要点：The release of wastewaters containing relatively low levels of nitrate (NO 3 − ) results in sufficient contamination to induce harmful algal blooms and to elevate drinking water NO 3 − concentrations to potentially hazardous levels. In particular, the facile t",题名/摘要包含合成、制备、表征、测试或实验-理论联合研究信息，按实验论文归类；其中计算部分视作机理支持。
E0386,Experimental,V; Mn; Fe; Co; Ni; Cu; Ru; Rh; Pd; Ag; Ir; Pt; Au,carbon nitride,oxygen reduction reaction,From Porphyrin-Like Rings to High-Density Single-Atom Catalytic Sites: Unveiling the Superiority of p-C 2 N for Bifunctional Oxygen Electrocatalysis,ACS Applied Materials & Interfaces,2023,American Chemical Society,10.1021/acsami.3c15264,https://doi.org/10.1021/acsami.3c15264,,no_open_pdf_in_metadata,,"本文关注 V, Mn, Fe, Co, Ni, Cu, Ru, Rh, Pd, Ag, Ir, Pt, Au 单原子位点在 carbon nitride 等载体上的催化行为，主要应用于oxygen reduction reaction。 文章以材料制备、结构表征和催化性能测试为核心，通常结合谱学/显微表征确认单原子分散。 摘要要点：With effective utilization of the catalytic site, single-atom catalysts (SACs) supported by nitrogen atoms surrounding built-in pores of two-dimensional (2D) materials, such as porphyrin/phthalocyanine-based covalent organic frameworks, have been highly promis",题名/摘要包含合成、制备、表征、测试或实验-理论联合研究信息，按实验论文归类；其中计算部分视作机理支持。
E0387,Experimental,Ru; Rh; Pd; Ir; Pt,carbon/other support,oxygen reduction reaction,General approach for atomically dispersed precious metal catalysts toward hydrogen reaction,Carbon Energy,2023,Wiley,10.1002/cey2.294,https://doi.org/10.1002/cey2.294,https://onlinelibrary.wiley.com/doi/pdfdirect/10.1002/cey2.294,download_failed: HTTPError,,"本文关注 Ru, Rh, Pd, Ir, Pt 单原子位点在 carbon/other support 等载体上的催化行为，主要应用于oxygen reduction reaction。 文章以材料制备、结构表征和催化性能测试为核心，通常结合谱学/显微表征确认单原子分散。 摘要要点：Abstract As a carbon‐free energy carrier, hydrogen has become the pivot for future clean energy, while efficient hydrogen production and combustion still require precious metal‐based catalysts. Single‐atom catalysts (SACs) with high atomic utilization open up",题名/摘要包含合成、制备、表征、测试或实验-理论联合研究信息，按实验论文归类；其中计算部分视作机理支持。
E0388,Experimental,Ni,graphene,catalysis,Graphene-Supported Single-Atom Ni as High-Performance Catalyst for Direct Methane-to-Methanol Conversion,The Journal of Physical Chemistry C,2023,American Chemical Society,10.1021/acs.jpcc.3c04213,https://doi.org/10.1021/acs.jpcc.3c04213,,no_open_pdf_in_metadata,,"本文关注 Ni 单原子位点在 graphene 等载体上的催化行为，主要应用于catalysis。 文章以材料制备、结构表征和催化性能测试为核心，通常结合谱学/显微表征确认单原子分散。 摘要要点：Inspired by the excellent performance of NiO+ in converting CH4 to CH3OH in the gas phase and the efficiency of single-atom catalysts, we constructed a Ni–O active site on single-vacant (SV) graphene by using O3/N2O as the oxidant. Quantum chemistry calculatio",识别到合成、表征、电化学/催化测试或 operando/in situ 等实验关键词；若含 DFT，则视作实验论文的机理支持。
E0389,Experimental,Mixed_or_unclear,carbon nitride,catalysis,"Graphitic carbon nitride (g-C 3 N 4 ) based heterogeneous single atom catalysts: synthesis, characterisation and catalytic applications",Journal of Materials Chemistry A,2023,Royal Society of Chemistry,10.1039/d2ta09776a,https://doi.org/10.1039/d2ta09776a,https://pubs.rsc.org/en/content/articlepdf/2023/ta/d2ta09776a,downloaded_open_access_pdf,Experimental/Mixed_or_unclear/pdfs/E0389_Graphitic_carbon_nitride_g-C_3_N_4_based_heterogeneous_single_atom_catalysts_synthesis_cha.pdf,"本文关注 Mixed_or_unclear 单原子位点在 carbon nitride 等载体上的催化行为，主要应用于catalysis。 文章以材料制备、结构表征和催化性能测试为核心，通常结合谱学/显微表征确认单原子分散。 摘要要点：The ease of anchoring single atoms on the g-C 3 N 4 matrix, through its abundant nitrogen sites, facilitates a variety of single atom catalysts for applications in multiple domains of catalysis.",识别到合成、表征、电化学/催化测试或 operando/in situ 等实验关键词；若含 DFT，则视作实验论文的机理支持。
E0390,Experimental,Rh,carbon nitride,hydrogen evolution reaction,Highly dispersed Rh single atoms over graphitic carbon nitride as a robust catalyst for the hydroformylation reaction,Catalysis Science & Technology,2023,Royal Society of Chemistry,10.1039/d2cy02094g,https://doi.org/10.1039/d2cy02094g,https://pubs.rsc.org/en/content/articlepdf/2023/cy/d2cy02094g,downloaded_open_access_pdf,Experimental/Rh/pdfs/E0390_Highly_dispersed_Rh_single_atoms_over_graphitic_carbon_nitride_as_a_robust_catalyst_for_th.pdf,"本文关注 Rh 单原子位点在 carbon nitride 等载体上的催化行为，主要应用于hydrogen evolution reaction。 文章以材料制备、结构表征和催化性能测试为核心，通常结合谱学/显微表征确认单原子分散。 摘要要点：Rhodium-catalysed hydroformylation, effective tool in bulk and fine-chemical synthesis, predominantly uses soluble metal complexes. For that reason, the metal leaching and the catalyst recycling are still the major drawbacks of this process. Single-atom cataly",识别到合成、表征、电化学/催化测试或 operando/in situ 等实验关键词；若含 DFT，则视作实验论文的机理支持。
E0391,Experimental,V; Ru,graphene,hydrogen evolution reaction,Hydrogen Radical-Induced Electrocatalytic N 2 Reduction at a Low Potential,Journal of the American Chemical Society,2023,American Chemical Society,10.1021/jacs.3c01319,https://doi.org/10.1021/jacs.3c01319,https://dr.ntu.edu.sg/bitstream/10356/169330/2/Hydrogen%20Radical-Induced%20Electrocatalytic%20N2%20Reduction%20at%20a%20Low%20Potential.pdf,downloaded_open_access_pdf,Experimental/V/pdfs/E0391_Hydrogen_Radical-Induced_Electrocatalytic_N_2_Reduction_at_a_Low_Potential.pdf,"本文关注 V, Ru 单原子位点在 graphene 等载体上的催化行为，主要应用于hydrogen evolution reaction。 文章以材料制备、结构表征和催化性能测试为核心，通常结合谱学/显微表征确认单原子分散。 摘要要点：Realizing efficient hydrogenation of N2 molecules in the electrocatalytic nitrogen reduction reaction (NRR) is crucial in achieving high activity at a low potential because it theoretically requires a higher equilibrium potential than other steps. Analogous to",识别到合成、表征、电化学/催化测试或 operando/in situ 等实验关键词；若含 DFT，则视作实验论文的机理支持。
E0392,Experimental,Pt,carbon/other support,hydrogen evolution reaction,Importance of broken geometric symmetry of single-atom Pt sites for efficient electrocatalysis,Nature Communications,2023,Nature Portfolio,10.1038/s41467-023-38964-x,https://doi.org/10.1038/s41467-023-38964-x,https://www.nature.com/articles/s41467-023-38964-x.pdf,open_url_not_pdf,,"本文关注 Pt 单原子位点在 carbon/other support 等载体上的催化行为，主要应用于hydrogen evolution reaction。 文章以材料制备、结构表征和催化性能测试为核心，通常结合谱学/显微表征确认单原子分散。 摘要要点：Abstract Platinum single-atom catalysts hold promise as a new frontier in heterogeneous electrocatalysis. However, the exact chemical nature of active Pt sites is highly elusive, arousing many hypotheses to compensate for the significant discrepancies between",识别到合成、表征、电化学/催化测试或 operando/in situ 等实验关键词；若含 DFT，则视作实验论文的机理支持。
E0393,Experimental,Fe,carbon/other support,oxygen evolution reaction,Improving Electrocatalytic Oxygen Evolution through Local Field Distortion in Mg/Fe Dual‐site Catalysts,Angewandte Chemie,2023,Wiley,10.1002/ange.202314303,https://doi.org/10.1002/ange.202314303,https://onlinelibrary.wiley.com/doi/pdfdirect/10.1002/ange.202314303,download_failed: HTTPError,,"本文关注 Fe 单原子位点在 carbon/other support 等载体上的催化行为，主要应用于oxygen evolution reaction。 文章以材料制备、结构表征和催化性能测试为核心，通常结合谱学/显微表征确认单原子分散。 摘要要点：Abstract Transition metal single atom electrocatalysts (SACs) with metal‐nitrogen‐carbon (M−N−C) configuration show great potential in oxygen evolution reaction (OER), whereby the spin‐dependent electrons must be allowed to transfer along reactants (OH − /H 2",题名/摘要包含合成、制备、表征、测试或实验-理论联合研究信息，按实验论文归类；其中计算部分视作机理支持。
E0394,Experimental,Fe,carbon/other support,oxygen reduction reaction,Investigating the Role of Fe‐Pyrrolic N4 Configuration in the Oxygen Reduction Reaction via Covalently Bound Porphyrin Functionalized Carbon Nanotubes,Advanced Functional Materials,2023,Wiley,10.1002/adfm.202311086,https://doi.org/10.1002/adfm.202311086,https://onlinelibrary.wiley.com/doi/pdfdirect/10.1002/adfm.202311086,download_failed: HTTPError,,"本文关注 Fe 单原子位点在 carbon/other support 等载体上的催化行为，主要应用于oxygen reduction reaction。 文章以材料制备、结构表征和催化性能测试为核心，通常结合谱学/显微表征确认单原子分散。 摘要要点：Abstract Atomically dispersed iron–nitrogen–carbon catalysts are promised, low‐cost, and high‐performance electrocatalysts for the Oxygen Reduction Reaction (ORR) in fuel cells. However, most Fe–N–C materials are produced via pyrolysis at a high temperature an",识别到合成、表征、电化学/催化测试或 operando/in situ 等实验关键词；若含 DFT，则视作实验论文的机理支持。
E0395,Experimental,Co,graphene,oxygen reduction reaction,Langmuir–Blodgett Monolayer of Cobalt Phthalocyanine as Ultralow Loading Single-Atom Catalyst for Highly Efficient H 2 O 2 Production,ACS Nano,2023,American Chemical Society,10.1021/acsnano.3c08424,https://doi.org/10.1021/acsnano.3c08424,,no_open_pdf_in_metadata,,"本文关注 Co 单原子位点在 graphene 等载体上的催化行为，主要应用于oxygen reduction reaction。 文章以材料制备、结构表征和催化性能测试为核心，通常结合谱学/显微表征确认单原子分散。 摘要要点：The electrochemical production of H2O2 via the two-electron oxygen-reduction reaction (2e– ORR) has been actively studied using systems with atomically dispersed metal–nitrogen–carbon (M–N–C) structures. However, the development of well-defined M–N–C structure",题名/摘要包含合成、制备、表征、测试或实验-理论联合研究信息，按实验论文归类；其中计算部分视作机理支持。
E0396,Experimental,La,graphene,oxygen evolution reaction,Lanthanum-Doped Graphene for Electrocatalytic Reduction of Nitrogen Monoxide,The Journal of Physical Chemistry C,2023,American Chemical Society,10.1021/acs.jpcc.3c01366,https://doi.org/10.1021/acs.jpcc.3c01366,https://www.osti.gov/servlets/purl/2007442,downloaded_open_access_pdf,Experimental/La/pdfs/E0396_Lanthanum-Doped_Graphene_for_Electrocatalytic_Reduction_of_Nitrogen_Monoxide.pdf,"本文关注 La 单原子位点在 graphene 等载体上的催化行为，主要应用于oxygen evolution reaction。 文章以材料制备、结构表征和催化性能测试为核心，通常结合谱学/显微表征确认单原子分散。 摘要要点：Electrocatalytic conversion of nitrogen oxides is a promising approach to address nitrogen pollution in underground water. Nitrogen oxides, such as nitrate and nitrite, can be reduced to N2 and NH3 over an electrocatalyst, with NO as the key intermediate, subs",题名/摘要包含合成、制备、表征、测试或实验-理论联合研究信息，按实验论文归类；其中计算部分视作机理支持。
E0397,Experimental,Au,graphene,catalysis,Linear-Structure Single-Atom Gold(I) Catalyst for Dehydrogenative Coupling of Organosilanes with Alcohols,ACS Catalysis,2023,American Chemical Society,10.1021/acscatal.3c03937,https://doi.org/10.1021/acscatal.3c03937,https://arts.units.it/bitstream/11368/3066687/1/kadam-et-al-2023-linear-structure-single-atom-gold%28i%29-catalyst-for-dehydrogenative-coupling-of-organosilanes-with.pdf,download_failed: HTTPError,,本文关注 Au 单原子位点在 graphene 等载体上的催化行为，主要应用于catalysis。 文章以材料制备、结构表征和催化性能测试为核心，通常结合谱学/显微表征确认单原子分散。 摘要要点：A strategy for the synthesis of a gold-based single-atom catalyst (SAC) via a one-step room temperature reduction of Au(III) salt and stabilization of Au(I) ions on nitrile-functionalized graphene (cyanographene; G-CN) is described. The graphene-supported G(CN,题名/摘要包含合成、制备、表征、测试或实验-理论联合研究信息，按实验论文归类；其中计算部分视作机理支持。
E0398,Experimental,Mixed_or_unclear,MXene,hydrogen evolution reaction,"MAX, MXene, or MX: What Are They and Which One Is Better?",Advanced Materials,2023,,10.1002/adma.202306072,https://doi.org/10.1002/adma.202306072,https://onlinelibrary.wiley.com/doi/pdfdirect/10.1002/adma.202306072,download_failed: HTTPError,,"本文关注 Mixed_or_unclear 单原子位点在 MXene 等载体上的催化行为，主要应用于hydrogen evolution reaction。 文章以材料制备、结构表征和催化性能测试为核心，通常结合谱学/显微表征确认单原子分散。 摘要要点：The fast ever-growing interest in transition metal carbonitrides (MXenes) for energy and catalysis is undermined by the undesirable multi-surficial terminations, which severely limit their applications. In contrast, considering the intriguing and tunable elect",识别到合成、表征、电化学/催化测试或 operando/in situ 等实验关键词；若含 DFT，则视作实验论文的机理支持。
E0399,Experimental,Pd,carbon nitride,hydrogen evolution reaction,Metal Single‐Atom Cocatalyst on Carbon Nitride for the Photocatalytic Hydrogen Evolution Reaction: Effects of Metal Species (Adv. Funct. Mater. 33/2023),Advanced Functional Materials,2023,Wiley,10.1002/adfm.202370202,https://doi.org/10.1002/adfm.202370202,https://onlinelibrary.wiley.com/doi/pdfdirect/10.1002/adfm.202370202,download_failed: HTTPError,,"本文关注 Pd 单原子位点在 carbon nitride 等载体上的催化行为，主要应用于hydrogen evolution reaction。 文章以材料制备、结构表征和催化性能测试为核心，通常结合谱学/显微表征确认单原子分散。 摘要要点：Single-Atom Catalysts In article number 2303321, Yuichi Negishi, Tokuhisa Kawawaki, and co-workers create single-atom (SA) photocatalysts with high loading weight. Pd SA-loaded carbon nitride (g-C3N4) exhibit the highest photocatalytic H2-evolution activity re",识别到合成、表征、电化学/催化测试或 operando/in situ 等实验关键词；若含 DFT，则视作实验论文的机理支持。
E0400,Experimental,V; Mn; Fe; Co; Ni,carbon/other support,oxygen reduction reaction,Mimicking Metalloenzyme Microenvironments in the Transition Metal‐Single Atom Catalysts for Electrochemical Hydrogen Peroxide Synthesis in an Acidic Medium,Small Methods,2023,Wiley,10.1002/smtd.202300234,https://doi.org/10.1002/smtd.202300234,https://onlinelibrary.wiley.com/doi/pdfdirect/10.1002/smtd.202300234,download_failed: HTTPError,,"本文关注 V, Mn, Fe, Co, Ni 单原子位点在 carbon/other support 等载体上的催化行为，主要应用于oxygen reduction reaction。 文章以材料制备、结构表征和催化性能测试为核心，通常结合谱学/显微表征确认单原子分散。 摘要要点：Abstract Electrochemical reduction of oxygen into hydrogen peroxide in an acidic medium offers an energy‐efficient and green H 2 O 2 synthesis as an alternative to the energy‐intensive anthraquinone process. Unfortunately, high overpotential, low production ra",识别到合成、表征、电化学/催化测试或 operando/in situ 等实验关键词；若含 DFT，则视作实验论文的机理支持。
E0401,Experimental,Fe; Co,carbon/other support,oxygen reduction reaction,Modification of Conductive Carbon with N‐Coordinated Fe−Co Dual‐Metal Sites for Oxygen Reduction Reaction,ChemElectroChem,2023,Wiley,10.1002/celc.202300272,https://doi.org/10.1002/celc.202300272,https://onlinelibrary.wiley.com/doi/pdfdirect/10.1002/celc.202300272,download_failed: HTTPError,,"本文关注 Fe, Co 单原子位点在 carbon/other support 等载体上的催化行为，主要应用于oxygen reduction reaction。 文章以材料制备、结构表征和催化性能测试为核心，通常结合谱学/显微表征确认单原子分散。 摘要要点：Abstract Earth‐abundant commercial conductive carbon materials are ideal electrocatalyst supports but cannot be directly utilized for single‐atom catalysts owing to the lack of anchoring sites. Therefore, we employed crosslink polymerization to modify the cond",题名/摘要包含合成、制备、表征、测试或实验-理论联合研究信息，按实验论文归类；其中计算部分视作机理支持。
E0402,Experimental,Fe,carbon/other support,oxygen reduction reaction,Modular Iron–Bipyridine-Based Conjugated Aerogels as Catalysts for Oxygen Reduction Reaction,ACS Catalysis,2023,American Chemical Society,10.1021/acscatal.3c03998,https://doi.org/10.1021/acscatal.3c03998,https://www.osti.gov/servlets/purl/2281115,downloaded_open_access_pdf,Experimental/Fe/pdfs/E0402_Modular_Iron_Bipyridine-Based_Conjugated_Aerogels_as_Catalysts_for_Oxygen_Reduction_Reacti.pdf,"本文关注 Fe 单原子位点在 carbon/other support 等载体上的催化行为，主要应用于oxygen reduction reaction。 文章以材料制备、结构表征和催化性能测试为核心，通常结合谱学/显微表征确认单原子分散。 摘要要点：Aerogels have a large surface area and a porous structure, which make them an attractive catalyst support materials for fuel cells. Modifying the aerogels’ building blocks and introducing catalytic sites into their backbones allow them to function as both cata",题名/摘要包含合成、制备、表征、测试或实验-理论联合研究信息，按实验论文归类；其中计算部分视作机理支持。
E0403,Experimental,Co,graphene,hydrogen evolution reaction,Modulating Electronic Structure Engineering of Atomically Dispersed Cobalt Catalyst in Fenton-like Reaction for Efficient Degradation of Organic Pollutants,Environmental Science & Technology,2023,American Chemical Society,10.1021/acs.est.3c04712,https://doi.org/10.1021/acs.est.3c04712,,no_open_pdf_in_metadata,,"本文关注 Co 单原子位点在 graphene 等载体上的催化行为，主要应用于hydrogen evolution reaction。 文章以材料制备、结构表征和催化性能测试为核心，通常结合谱学/显微表征确认单原子分散。 摘要要点：Currently, the lack of model catalysts limits the understanding of the catalytic essence. Herein, we report the functional group modification of model single atom catalysts (SACs) with an accurately regulated electronic structure for accelerating the sluggish",题名/摘要包含合成、制备、表征、测试或实验-理论联合研究信息，按实验论文归类；其中计算部分视作机理支持。
E0404,Experimental,Fe; Zn; Ru,carbon/other support,hydrogen evolution reaction,Nb 2 S 2 C Monolayers with Transition Metal Atoms Embedded at the S Vacancy Are Promising Single-Atom Catalysts for CO Oxidation,ACS Omega,2023,American Chemical Society,10.1021/acsomega.3c02984,https://doi.org/10.1021/acsomega.3c02984,https://pmc.ncbi.nlm.nih.gov/articles/PMC10468833/pdf/ao3c02984.pdf,open_url_not_pdf,,"本文关注 Fe, Zn, Ru 单原子位点在 carbon/other support 等载体上的催化行为，主要应用于hydrogen evolution reaction。 文章以材料制备、结构表征和催化性能测试为核心，通常结合谱学/显微表征确认单原子分散。 摘要要点：Single atoms anchored on stable and robust two-dimensional (2D) materials are attractive catalysts for carbon monoxide (CO) oxidation. Here, 3d (Fe-Zn), 4d (Ru-Cd), and 5d (Os-Hg) transition metal-decorated Nb2S2C monolayers were systematically studied as pote",题名/摘要包含合成、制备、表征、测试或实验-理论联合研究信息，按实验论文归类；其中计算部分视作机理支持。
E0405,Experimental,Ni,N-doped carbon,CO2 reduction/conversion,Ni Single Atoms Confined in Nitrogen-Doped Carbon Nanotubes for Active and Selective Hydrogenation of CO 2 to CO,ACS Catalysis,2023,American Chemical Society,10.1021/acscatal.3c00767,https://doi.org/10.1021/acscatal.3c00767,,no_open_pdf_in_metadata,,本文关注 Ni 单原子位点在 N-doped carbon 等载体上的催化行为，主要应用于CO2 reduction/conversion。 文章以材料制备、结构表征和催化性能测试为核心，通常结合谱学/显微表征确认单原子分散。 摘要要点：Developing efficient non-precious-metal catalysts capable of selectively converting CO2 into fuels and chemicals is desirable yet remains a challenge. Ni-based catalysts usually exhibit high activity in methanation reactions but low selectivity and stability i,题名/摘要包含合成、制备、表征、测试或实验-理论联合研究信息，按实验论文归类；其中计算部分视作机理支持。
E0406,Experimental,Ni,graphene,CO2 reduction/conversion,Ni Single Atoms Embedded in Graphene Nanoribbon Sieves for High‐Performance CO 2 Reduction to CO,Small,2023,Wiley,10.1002/smll.202303016,https://doi.org/10.1002/smll.202303016,,no_open_pdf_in_metadata,,"本文关注 Ni 单原子位点在 graphene 等载体上的催化行为，主要应用于CO2 reduction/conversion。 文章以材料制备、结构表征和催化性能测试为核心，通常结合谱学/显微表征确认单原子分散。 摘要要点：Abstract Ni single‐atom catalysts (SACs) are appealing for electrochemical reduction CO 2 reduction (CO 2 RR). However, regulating the balance between the activity and conductivity remains a challenge to Ni SACs due to the limitation of substrates structure. H",题名/摘要包含合成、制备、表征、测试或实验-理论联合研究信息，按实验论文归类；其中计算部分视作机理支持。
E0407,Experimental,Ni,carbon/other support,CO2 reduction/conversion,Ni single‐atom arrays as self‐supported electrocatalysts for CO 2 RR,AIChE Journal,2023,Wiley,10.1002/aic.18161,https://doi.org/10.1002/aic.18161,https://onlinelibrary.wiley.com/doi/pdfdirect/10.1002/aic.18161,download_failed: HTTPError,,"本文关注 Ni 单原子位点在 carbon/other support 等载体上的催化行为，主要应用于CO2 reduction/conversion。 文章以材料制备、结构表征和催化性能测试为核心，通常结合谱学/显微表征确认单原子分散。 摘要要点：Abstract Developing highly active, selective, and stable electrocatalysts for the CO 2 reduction reaction (CO 2 RR) is essential to relieve the greenhouse effect and the energy crisis. Traditional catalytic electrodes require ionomer binders, which inevitably",题名/摘要包含合成、制备、表征、测试或实验-理论联合研究信息，按实验论文归类；其中计算部分视作机理支持。
E0408,Experimental,Ni,graphene,CO2 reduction/conversion,Nickel Single Atom Density‐Dependent CO 2 Efficient Electroreduction,Small,2023,Wiley,10.1002/smll.202308080,https://doi.org/10.1002/smll.202308080,https://onlinelibrary.wiley.com/doi/pdfdirect/10.1002/smll.202308080,download_failed: HTTPError,,"本文关注 Ni 单原子位点在 graphene 等载体上的催化行为，主要应用于CO2 reduction/conversion。 文章以材料制备、结构表征和催化性能测试为核心，通常结合谱学/显微表征确认单原子分散。 摘要要点：Abstract The transition metal–nitrogen–carbon (M─N─C) with MNx sites has shown great potential in CO 2 electroreduction (CO 2 RR) for producing high value‐added C 1 products. However, a comprehensive and profound understanding of the intrinsic relationship bet",题名/摘要包含合成、制备、表征、测试或实验-理论联合研究信息，按实验论文归类；其中计算部分视作机理支持。
E0409,Experimental,Ni,carbon nitride,catalysis,Nickel Single-Atom Catalyst Boosts Electrochemiluminescence of Graphitic Carbon Nitride for Sensitive Detection of HBV DNA,Analytical Chemistry,2023,American Chemical Society,10.1021/acs.analchem.3c03989,https://doi.org/10.1021/acs.analchem.3c03989,,no_open_pdf_in_metadata,,"本文关注 Ni 单原子位点在 carbon nitride 等载体上的催化行为，主要应用于catalysis。 文章以材料制备、结构表征和催化性能测试为核心，通常结合谱学/显微表征确认单原子分散。 摘要要点：Owing to excellent catalytic activity, single-atom catalysts (SACs) have recently attracted considerable research interest in the electrochemiluminescence (ECL) field. However, the applications of SACs are mostly limited to conventional luminol ECL system. Hen",题名/摘要包含合成、制备、表征、测试或实验-理论联合研究信息，按实验论文归类；其中计算部分视作机理支持。
E0410,Experimental,Fe,graphene,oxygen reduction reaction,Optimizing reaction intermediate adsorption by engineering the coordination structure of single-atom Fe–N 5 –C electrocatalysts for efficient oxygen reduction,Inorganic Chemistry Frontiers,2023,Royal Society of Chemistry,10.1039/d3qi00700f,https://doi.org/10.1039/d3qi00700f,,no_open_pdf_in_metadata,,"本文关注 Fe 单原子位点在 graphene 等载体上的催化行为，主要应用于oxygen reduction reaction。 文章以材料制备、结构表征和催化性能测试为核心，通常结合谱学/显微表征确认单原子分散。 摘要要点：Guided by DFT calculation results, the FeN 5 single-atom catalyst with asymmetric coordination is fabricated by axially anchoring FeN 4 species with the N atom doped on graphene and shows extraordinary ORR catalytic performance.",题名/摘要包含合成、制备、表征、测试或实验-理论联合研究信息，按实验论文归类；其中计算部分视作机理支持。
E0411,Experimental,V; Fe; Co; Ni; Zn; Sn; Bi,carbon/other support,oxygen reduction reaction,Oxygen Reduction Reaction Activity in Non-Precious Single-Atom (M–N/C) Catalysts─Contribution of Metal and Carbon/Nitrogen Framework-Based Sites,ACS Catalysis,2023,American Chemical Society,10.1021/acscatal.3c00356,https://doi.org/10.1021/acscatal.3c00356,https://pubs.acs.org/doi/pdf/10.1021/acscatal.3c00356,download_failed: HTTPError,,"本文关注 V, Fe, Co, Ni, Zn, Sn, Bi 单原子位点在 carbon/other support 等载体上的催化行为，主要应用于oxygen reduction reaction。 文章以材料制备、结构表征和催化性能测试为核心，通常结合谱学/显微表征确认单原子分散。 摘要要点：We examine the performance of a number of single-atom M–N/C electrocatalysts with a common structure in order to deconvolute the activity of the framework N/C support from the metal M–N4 sites in M–N/Cs. The formation of the N/C framework with coordinating nit",识别到合成、表征、电化学/催化测试或 operando/in situ 等实验关键词；若含 DFT，则视作实验论文的机理支持。
E0412,Experimental,Co,carbon/other support,hydrogen evolution reaction,Oxygen doping of cobalt-single-atom coordination enhances peroxymonosulfate activation and high-valent cobalt–oxo species formation,Proceedings of the National Academy of Sciences,2023,National Academy of Sciences,10.1073/pnas.2219923120,https://doi.org/10.1073/pnas.2219923120,https://pmc.ncbi.nlm.nih.gov/articles/PMC10120063/pdf/pnas.202219923.pdf,open_url_not_pdf,,"本文关注 Co 单原子位点在 carbon/other support 等载体上的催化行为，主要应用于hydrogen evolution reaction。 文章以材料制备、结构表征和催化性能测试为核心，通常结合谱学/显微表征确认单原子分散。 摘要要点：The high-valent cobalt–oxo species (Co(IV)=O) is being increasingly investigated for water purification because of its high redox potential, long half-life, and antiinterference properties. However, generation of Co(IV)=O is inefficient and unsustainable. Here",题名/摘要包含合成、制备、表征、测试或实验-理论联合研究信息，按实验论文归类；其中计算部分视作机理支持。
E0413,Experimental,V,N-doped carbon,hydrogen evolution reaction,Oxygen-Bridged Vanadium Single-Atom Dimer Catalysts Promoting High Faradaic Efficiency of Ammonia Electrosynthesis,ACS Nano,2023,American Chemical Society,10.1021/acsnano.2c11954,https://doi.org/10.1021/acsnano.2c11954,,no_open_pdf_in_metadata,,"本文关注 V 单原子位点在 N-doped carbon 等载体上的催化行为，主要应用于hydrogen evolution reaction。 文章以材料制备、结构表征和催化性能测试为核心，通常结合谱学/显微表征确认单原子分散。 摘要要点：Single-atom catalysts have already been widely investigated for the nitrogen reduction reaction (NRR). However, the simplicity of a single atom as an active center encounters the challenge of modulating the multiple reaction intermediates during the NRR proces",识别到合成、表征、电化学/催化测试或 operando/in situ 等实验关键词；若含 DFT，则视作实验论文的机理支持。
E0414,Experimental,Fe; Pd,carbon/other support,oxygen reduction reaction,Palladium Enhanced Iron Active Site – An Efficient Dual‐Atom Catalyst for Oxygen Electroreduction,Small,2023,Wiley,10.1002/smll.202303321,https://doi.org/10.1002/smll.202303321,https://onlinelibrary.wiley.com/doi/pdfdirect/10.1002/smll.202303321,download_failed: HTTPError,,"本文关注 Fe, Pd 单原子位点在 carbon/other support 等载体上的催化行为，主要应用于oxygen reduction reaction。 文章以材料制备、结构表征和催化性能测试为核心，通常结合谱学/显微表征确认单原子分散。 摘要要点：Abstract Metal–nitrogen–carbon (M–C/N) electrocatalysts have been shown to have satisfactory catalytic activity and long‐term durability for the oxygen reduction reaction (ORR). Here, a strategy to prepare a new electrocatalyst (Fe&Pd–C/N) using a unique metal",题名/摘要包含合成、制备、表征、测试或实验-理论联合研究信息，按实验论文归类；其中计算部分视作机理支持。
E0415,Experimental,Ni,carbon nitride,hydrogen evolution reaction,Partial Thermal Condensation Mediated Synthesis of High‐Density Nickel Single Atom Sites on Carbon Nitride for Selective Photooxidation of Methane into Methanol,Small,2023,Wiley,10.1002/smll.202304574,https://doi.org/10.1002/smll.202304574,https://onlinelibrary.wiley.com/doi/pdfdirect/10.1002/smll.202304574,download_failed: HTTPError,,"本文关注 Ni 单原子位点在 carbon nitride 等载体上的催化行为，主要应用于hydrogen evolution reaction。 文章以材料制备、结构表征和催化性能测试为核心，通常结合谱学/显微表征确认单原子分散。 摘要要点：Abstract Direct selective transformation of greenhouse methane (CH 4 ) to liquid oxygenates (methanol) can substitute energy‐intensive two‐step (reforming/Fischer–Tropsch) synthesis while creating environmental benefits. The development of inexpensive, selecti",题名/摘要包含合成、制备、表征、测试或实验-理论联合研究信息，按实验论文归类；其中计算部分视作机理支持。
E0416,Experimental,Pd,g-C3N4,hydrogen evolution reaction,Pd Active Sites on Covalent Triazine Frameworks for Catalytic Hydrogen Production from Formic Acid,ACS Applied Nano Materials,2023,American Chemical Society,10.1021/acsanm.3c02199,https://doi.org/10.1021/acsanm.3c02199,http://rua.ua.es/dspace/bitstream/10045/136614/7/Bulushev_etal_2023_ACSApplNanoMater_accepted.pdf,download_failed: TimeoutError,,本文关注 Pd 单原子位点在 g-C3N4 等载体上的催化行为，主要应用于hydrogen evolution reaction。 文章以材料制备、结构表征和催化性能测试为核心，通常结合谱学/显微表征确认单原子分散。 摘要要点：Covalent triazine frameworks (CTF) have been recently applied as supports for metal catalysts for different reactions. Varying the nature of the CTF support could improve catalytic properties due to a change in the nature of metal active sites presented in the,题名/摘要包含合成、制备、表征、测试或实验-理论联合研究信息，按实验论文归类；其中计算部分视作机理支持。
E0417,Experimental,Bi,carbon/other support,CO2 reduction/conversion,Penta‐Coordinated Y Sites Modulated Single Bi Sites for Promoted Selectivity of Electrochemical CO 2 Reduction,Advanced Functional Materials,2023,Wiley,10.1002/adfm.202311087,https://doi.org/10.1002/adfm.202311087,https://onlinelibrary.wiley.com/doi/pdfdirect/10.1002/adfm.202311087,download_failed: HTTPError,,"本文关注 Bi 单原子位点在 carbon/other support 等载体上的催化行为，主要应用于CO2 reduction/conversion。 文章以材料制备、结构表征和催化性能测试为核心，通常结合谱学/显微表征确认单原子分散。 摘要要点：Abstract Atomically dispersed catalysts with two active sites have attracted attention in recent years. The two different sites may act synergistically in catalytic reactions or one site as active site and another regulates it. In this work, rare earth (RE)‐ba",题名/摘要包含合成、制备、表征、测试或实验-理论联合研究信息，按实验论文归类；其中计算部分视作机理支持。
E0418,Experimental,Fe,graphene,nitrogen reduction/ammonia synthesis,Periodic Defect Engineering of Iron–Nitrogen–Carbon Catalysts for Nitrate Electroreduction to Ammonia,Small,2023,Wiley,10.1002/smll.202307315,https://doi.org/10.1002/smll.202307315,https://pure.tue.nl/ws/files/319672538/Small_-_2023_-_Zhu_-_Periodic_Defect_Engineering_of_Iron_Nitrogen_Carbon_Catalysts_for_Nitrate_Electroreduction_to_Ammonia.pdf,downloaded_open_access_pdf,Experimental/Fe/pdfs/E0418_Periodic_Defect_Engineering_of_Iron_Nitrogen_Carbon_Catalysts_for_Nitrate_Electroreduction.pdf,"本文关注 Fe 单原子位点在 graphene 等载体上的催化行为，主要应用于nitrogen reduction/ammonia synthesis。 文章以材料制备、结构表征和催化性能测试为核心，通常结合谱学/显微表征确认单原子分散。 摘要要点：Abstract Iron–nitrogen–carbon single atom catalyst (SAC) is regarded as one of the promising electrocatalysts for NO 3 − reduction reaction (NO 3 RR) to NH 3 due to its high activity and selectivity. However, synergistic effects of topological defects and FeN",题名/摘要包含合成、制备、表征、测试或实验-理论联合研究信息，按实验论文归类；其中计算部分视作机理支持。
E0419,Experimental,Cu,carbon/other support,CO2 reduction/conversion,Perylenediimide-Incorporated Covalent Triazine Framework: A Highly Conductive Carbon Support for Copper Single-Atom Catalysts in Electrocatalytic CO 2 Conversion,Energy & Fuels,2023,American Chemical Society,10.1021/acs.energyfuels.3c03268,https://doi.org/10.1021/acs.energyfuels.3c03268,http://www.alice.cnptia.embrapa.br/bitstream/doc/1164292/1/P-Perylenediimide-Incorporated-Covalent-Triazine-Framework.pdf,downloaded_open_access_pdf,Experimental/Cu/pdfs/E0419_Perylenediimide-Incorporated_Covalent_Triazine_Framework_A_Highly_Conductive_Carbon_Suppor.pdf,"本文关注 Cu 单原子位点在 carbon/other support 等载体上的催化行为，主要应用于CO2 reduction/conversion。 文章以材料制备、结构表征和催化性能测试为核心，通常结合谱学/显微表征确认单原子分散。 摘要要点：Here, we show that a perylenediimide-incorporated covalent triazine framework (PDI-CTF) leads to an adequate conductive carbon support for copper single-atom catalysts (Cu-SACs), allowing the selective electroreduction of CO2 to methanol. CTF-Cu-SACs converted",题名/摘要包含合成、制备、表征、测试或实验-理论联合研究信息，按实验论文归类；其中计算部分视作机理支持。
E0420,Experimental,Co,carbon/other support,hydrogen evolution reaction,Phosphorus-modified cobalt single-atom catalysts loaded on crosslinked carbon nanosheets for efficient alkaline hydrogen evolution reaction,Nanoscale,2023,Royal Society of Chemistry,10.1039/d2nr07066a,https://doi.org/10.1039/d2nr07066a,https://pubs.rsc.org/en/content/articlepdf/2023/nr/d2nr07066a,downloaded_open_access_pdf,Experimental/Co/pdfs/E0420_Phosphorus-modified_cobalt_single-atom_catalysts_loaded_on_crosslinked_carbon_nanosheets_f.pdf,"本文关注 Co 单原子位点在 carbon/other support 等载体上的催化行为，主要应用于hydrogen evolution reaction。 文章以材料制备、结构表征和催化性能测试为核心，通常结合谱学/显微表征确认单原子分散。 摘要要点：A phosphorus-modified cobalt single atom catalyst supported on crosslinked carbon nanosheets was developed, which showed a superb catalytic activity for alkaline hydrogen evolution reaction.",识别到合成、表征、电化学/催化测试或 operando/in situ 等实验关键词；若含 DFT，则视作实验论文的机理支持。
E0421,Experimental,Co,graphene oxide,hydrogen evolution reaction,Photothermal-enabled single-atom catalysts for high-efficiency hydrogen peroxide photosynthesis from natural seawater,Nature Communications,2023,Nature Portfolio,10.1038/s41467-023-38211-3,https://doi.org/10.1038/s41467-023-38211-3,https://www.nature.com/articles/s41467-023-38211-3.pdf,open_url_not_pdf,,"本文关注 Co 单原子位点在 graphene oxide 等载体上的催化行为，主要应用于hydrogen evolution reaction。 文章以材料制备、结构表征和催化性能测试为核心，通常结合谱学/显微表征确认单原子分散。 摘要要点：Abstract Hydrogen peroxide (H 2 O 2 ) is a powerful industrial oxidant and potential carbon-neutral liquid energy carrier. Sunlight-driven synthesis of H 2 O 2 from the most earth-abundant O 2 and seawater is highly desirable. However, the solar-to-chemical ef",题名/摘要包含合成、制备、表征、测试或实验-理论联合研究信息，按实验论文归类；其中计算部分视作机理支持。
E0422,Experimental,Mixed_or_unclear,carbon/other support,CO2 reduction/conversion,Porous Organic Polymers‐Based Single‐Atom Catalysts for Sustainable Energy‐Related Electrocatalysis,Advanced Energy Materials,2023,Wiley,10.1002/aenm.202301378,https://doi.org/10.1002/aenm.202301378,https://onlinelibrary.wiley.com/doi/pdfdirect/10.1002/aenm.202301378,download_failed: HTTPError,,"本文关注 Mixed_or_unclear 单原子位点在 carbon/other support 等载体上的催化行为，主要应用于CO2 reduction/conversion。 文章以材料制备、结构表征和催化性能测试为核心，通常结合谱学/显微表征确认单原子分散。 摘要要点：Abstract Single‐atom catalysts (SACs) have been emerging as attractive catalytic materials in electrocatalysis for sustainable energy storage and conversion. To realize the practical implementation of SACs, reliable support is highly imperative to stabilize at",识别到合成、表征、电化学/催化测试或 operando/in situ 等实验关键词；若含 DFT，则视作实验论文的机理支持。
E0423,Experimental,Ni,N-doped graphene,CO2 reduction/conversion,Precursor-mediated in situ growth of hierarchical N-doped graphene nanofibers confining nickel single atoms for CO 2 electroreduction,Proceedings of the National Academy of Sciences,2023,National Academy of Sciences,10.1073/pnas.2219043120,https://doi.org/10.1073/pnas.2219043120,https://www.osti.gov/servlets/purl/2423922,downloaded_open_access_pdf,Experimental/Ni/pdfs/E0423_Precursor-mediated_in_situ_growth_of_hierarchical_N-doped_graphene_nanofibers_confining_ni.pdf,"本文关注 Ni 单原子位点在 N-doped graphene 等载体上的催化行为，主要应用于CO2 reduction/conversion。 文章以材料制备、结构表征和催化性能测试为核心，通常结合谱学/显微表征确认单原子分散。 摘要要点：Despite the various strategies for achieving metal–nitrogen–carbon (M–N–C) single-atom catalysts (SACs) with different microenvironments for electrochemical carbon dioxide reduction reaction (CO 2 RR), the synthesis–structure–performance correlation remains el",题名/摘要包含合成、制备、表征、测试或实验-理论联合研究信息，按实验论文归类；其中计算部分视作机理支持。
E0424,Experimental,Mixed_or_unclear,N-doped carbon,oxygen reduction reaction,Quantitative Description of Metal Center Organization and Interactions in Single‐Atom Catalysts,Advanced Materials,2023,,10.1002/adma.202307991,https://doi.org/10.1002/adma.202307991,https://onlinelibrary.wiley.com/doi/pdfdirect/10.1002/adma.202307991,download_failed: HTTPError,,"本文关注 Mixed_or_unclear 单原子位点在 N-doped carbon 等载体上的催化行为，主要应用于oxygen reduction reaction。 文章以材料制备、结构表征和催化性能测试为核心，通常结合谱学/显微表征确认单原子分散。 摘要要点：Ultra-high-density single-atom catalysts (UHD-SACs) present unique opportunities for harnessing cooperative effects between neighboring metal centers. However, the lack of tools to establish correlations between the density, types, and arrangements of isolated",题名/摘要包含合成、制备、表征、测试或实验-理论联合研究信息，按实验论文归类；其中计算部分视作机理支持。
E0425,Experimental,V; Ce; La,N-doped graphene,CO2 reduction/conversion,Rare Earth Metal Anchored into Nitrogen-Doped Graphene for CO 2 Electrocatalytic Reduction to C1 Products,Langmuir,2023,American Chemical Society,10.1021/acs.langmuir.3c02135,https://doi.org/10.1021/acs.langmuir.3c02135,,no_open_pdf_in_metadata,,"本文关注 V, Ce, La 单原子位点在 N-doped graphene 等载体上的催化行为，主要应用于CO2 reduction/conversion。 文章以材料制备、结构表征和催化性能测试为核心，通常结合谱学/显微表征确认单原子分散。 摘要要点：Single-atom catalysts (SACs) are attracting global attention due to their 100% atomic utilization rate and unique properties. Rare-earth-based SACs have shown great potential in the field of electrocatalysis in recent years. In this study, the catalytic perfor",题名/摘要包含合成、制备、表征、测试或实验-理论联合研究信息，按实验论文归类；其中计算部分视作机理支持。
E0426,Experimental,Co,carbon/other support,oxygen reduction reaction,Rational design of heterogenized molecular phthalocyanine hybrid single-atom electrocatalyst towards two-electron oxygen reduction,Nature Communications,2023,Nature Portfolio,10.1038/s41467-023-37066-y,https://doi.org/10.1038/s41467-023-37066-y,https://www.nature.com/articles/s41467-023-37066-y.pdf,open_url_not_pdf,,"本文关注 Co 单原子位点在 carbon/other support 等载体上的催化行为，主要应用于oxygen reduction reaction。 文章以材料制备、结构表征和催化性能测试为核心，通常结合谱学/显微表征确认单原子分散。 摘要要点：Abstract Single-atom catalysts supported on solid substrates have inspired extensive interest, but the rational design of high-efficiency single-atom catalysts is still plagued by ambiguous structure determination of active sites and its local support effect.",题名/摘要包含合成、制备、表征、测试或实验-理论联合研究信息，按实验论文归类；其中计算部分视作机理支持。
E0427,Experimental,Fe,carbon/other support,nitrogen reduction/ammonia synthesis,Rational design of iron single-atom catalysts for electrochemical nitrate reduction to produce ammonia,Discover Chemical Engineering,2023,Springer Nature,10.1007/s43938-023-00038-1,https://doi.org/10.1007/s43938-023-00038-1,https://link.springer.com/content/pdf/10.1007/s43938-023-00038-1.pdf,open_url_not_pdf,,"本文关注 Fe 单原子位点在 carbon/other support 等载体上的催化行为，主要应用于nitrogen reduction/ammonia synthesis。 文章以材料制备、结构表征和催化性能测试为核心，通常结合谱学/显微表征确认单原子分散。 摘要要点：Abstract Ammonia (NH 3 ) is the second-most produced chemical with broad applications and vital for the chemical industry. However, the current Haber–Bosch synthesis is problematic with high energy consumption and carbon footprints. Electrochemical nitrate red",识别到合成、表征、电化学/催化测试或 operando/in situ 等实验关键词；若含 DFT，则视作实验论文的机理支持。
E0428,Experimental,Fe; Ni; Au,carbon/other support,CO2 reduction/conversion,Reaching the Fundamental Limitation in CO 2 Reduction to CO with Single Atom Catalysts,Advanced Functional Materials,2023,Wiley,10.1002/adfm.202302468,https://doi.org/10.1002/adfm.202302468,https://onlinelibrary.wiley.com/doi/pdfdirect/10.1002/adfm.202302468,download_failed: HTTPError,,"本文关注 Fe, Ni, Au 单原子位点在 carbon/other support 等载体上的催化行为，主要应用于CO2 reduction/conversion。 文章以材料制备、结构表征和催化性能测试为核心，通常结合谱学/显微表征确认单原子分散。 摘要要点：Abstract The electrochemical CO 2 reduction reaction (CO 2 RR) to value‐added chemicals with renewable electricity is a promising method to decarbonize parts of the chemical industry. Recently, single metal atoms in nitrogen‐doped carbon (MNC) have emerged as",题名/摘要包含合成、制备、表征、测试或实验-理论联合研究信息，按实验论文归类；其中计算部分视作机理支持。
E0429,Experimental,Cu,carbon/other support,hydrogen evolution reaction,Reaction‐Induced Formation of Stable Mononuclear Cu(I)Cl Species on Carbon for Low‐Footprint Vinyl Chloride Production,Advanced Materials,2023,,10.1002/adma.202211464,https://doi.org/10.1002/adma.202211464,https://onlinelibrary.wiley.com/doi/pdfdirect/10.1002/adma.202211464,download_failed: HTTPError,,"本文关注 Cu 单原子位点在 carbon/other support 等载体上的催化行为，主要应用于hydrogen evolution reaction。 文章以材料制备、结构表征和催化性能测试为核心，通常结合谱学/显微表征确认单原子分散。 摘要要点：Abstract Copper catalysts are attractive candidates for Hg‐free vinyl chloride monomer (VCM) production via acetylene hydrochlorination due to their non‐toxic nature and high stability. However, the optimal architecture for Cu‐based catalysts at the nanoscale",识别到合成、表征、电化学/催化测试或 operando/in situ 等实验关键词；若含 DFT，则视作实验论文的机理支持。
E0430,Experimental,Mixed_or_unclear,carbon/other support,hydrogen evolution reaction,"Recent Advance of Atomically Dispersed Dual‐Metal Sites Carbocatalysts: Properties, Synthetic Materials, Catalytic Mechanisms, and Applications in Persulfate‐Based Advanced Oxidation Process",Advanced Functional Materials,2023,Wiley,10.1002/adfm.202301229,https://doi.org/10.1002/adfm.202301229,https://onlinelibrary.wiley.com/doi/pdfdirect/10.1002/adfm.202301229,download_failed: HTTPError,,"本文关注 Mixed_or_unclear 单原子位点在 carbon/other support 等载体上的催化行为，主要应用于hydrogen evolution reaction。 文章以材料制备、结构表征和催化性能测试为核心，通常结合谱学/显微表征确认单原子分散。 摘要要点：Abstract Recently, atomically dispersed dual‐metal sites carbocatalysts (DMSCs) make a wave in the field of persulfate‐based advanced oxidation processes (PS‐AOPs) in light of their ≈100% atomic utilization efficiency, high density of active sites, and superio",题名/摘要包含合成、制备、表征、测试或实验-理论联合研究信息，按实验论文归类；其中计算部分视作机理支持。
E0431,Experimental,Mixed_or_unclear,carbon/other support,hydrogen evolution reaction,Recent Progress on Non‐Carbon‐Supported Single‐Atom Catalysts for Electrochemical Conversion of Green Energy,Small Science,2023,Wiley,10.1002/smsc.202300010,https://doi.org/10.1002/smsc.202300010,https://onlinelibrary.wiley.com/doi/pdfdirect/10.1002/smsc.202300010,download_failed: HTTPError,,本文关注 Mixed_or_unclear 单原子位点在 carbon/other support 等载体上的催化行为，主要应用于hydrogen evolution reaction。 文章以材料制备、结构表征和催化性能测试为核心，通常结合谱学/显微表征确认单原子分散。 摘要要点：Single-atom catalysts (SACs) are a popular area of research for clean energy conversion owing to their cost-effectiveness and excellent performance. The support plays a vital role in uniformly stabilizing and dispersing the single atoms. Although easily access,题名/摘要包含合成、制备、表征、测试或实验-理论联合研究信息，按实验论文归类；其中计算部分视作机理支持。
E0432,Experimental,Co,N-doped carbon,hydrogen evolution reaction,"Reductive Coupling of Nitroarenes and HCHO for General Synthesis of Functional Ethane-1,2-diamines by a Cobalt Single-Atom Catalyst",Journal of the American Chemical Society,2023,American Chemical Society,10.1021/jacs.3c04857,https://doi.org/10.1021/jacs.3c04857,https://hal.science/hal-04166151/document,open_url_not_pdf,,"本文关注 Co 单原子位点在 N-doped carbon 等载体上的催化行为，主要应用于hydrogen evolution reaction。 文章以材料制备、结构表征和催化性能测试为核心，通常结合谱学/显微表征确认单原子分散。 摘要要点：Despite the extensive applications, selective and diverse access to N,N′-diarylethane-1,2-diamines remains, to date, a challenge. Here, by developing a bifunctional cobalt single-atom catalyst (CoSA-N/NC), we present a general method for direct synthesis of su",题名/摘要包含合成、制备、表征、测试或实验-理论联合研究信息，按实验论文归类；其中计算部分视作机理支持。
E0433,Experimental,Fe,carbon/other support,hydrogen evolution reaction,Regulating Fe Aggregation State via Unique FeNV Pre‐Coordination to Optimize the Adsorption‐Catalysis Effect in High‐Performance Lithium‐Sulfur Batteries,Advanced Functional Materials,2023,Wiley,10.1002/adfm.202303705,https://doi.org/10.1002/adfm.202303705,https://onlinelibrary.wiley.com/doi/pdfdirect/10.1002/adfm.202303705,download_failed: HTTPError,,"本文关注 Fe 单原子位点在 carbon/other support 等载体上的催化行为，主要应用于hydrogen evolution reaction。 文章以材料制备、结构表征和催化性能测试为核心，通常结合谱学/显微表征确认单原子分散。 摘要要点：Abstract Lithium‐sulfur batteries (LSBs) suffer from uncontrollable shuttling behavior of lithium polysulfides (LiPSs: Li 2 S x , 4 ≤ x ≤8) and the sluggish reaction kinetics of bidirectional liquid‐solid transformations, which are commonly coped through a com",题名/摘要包含合成、制备、表征、测试或实验-理论联合研究信息，按实验论文归类；其中计算部分视作机理支持。
E0434,Experimental,Fe,carbon/other support,oxygen reduction reaction,Regulating the Coordination Geometry and Oxidation State of Single‐Atom Fe Sites for Enhanced Oxygen Reduction Electrocatalysis,Small,2023,Wiley,10.1002/smll.202300373,https://doi.org/10.1002/smll.202300373,https://onlinelibrary.wiley.com/doi/pdfdirect/10.1002/smll.202300373,download_failed: HTTPError,,本文关注 Fe 单原子位点在 carbon/other support 等载体上的催化行为，主要应用于oxygen reduction reaction。 文章以材料制备、结构表征和催化性能测试为核心，通常结合谱学/显微表征确认单原子分散。 摘要要点：Abstract FeNC catalysts demonstrate remarkable activity and stability for the oxygen reduction reaction (ORR) in polymer electrolyte membrane fuel cells and Zn–air batteries (ZABs). The local coordination of Fe single atoms in FeNC catalysts strongly impac,题名/摘要包含合成、制备、表征、测试或实验-理论联合研究信息，按实验论文归类；其中计算部分视作机理支持。
E0435,Experimental,Co; Ru,N-doped carbon,oxygen reduction reaction,Revealing the Synergistic Enhancement Effect of Dual Metal RuFe(Co) Sites for Bifunctional Oxygen Catalysis,ACS Materials Letters,2023,American Chemical Society,10.1021/acsmaterialslett.3c00286,https://doi.org/10.1021/acsmaterialslett.3c00286,,no_open_pdf_in_metadata,,"本文关注 Co, Ru 单原子位点在 N-doped carbon 等载体上的催化行为，主要应用于oxygen reduction reaction。 文章以材料制备、结构表征和催化性能测试为核心，通常结合谱学/显微表征确认单原子分散。 摘要要点：Modifying the geometric and electronic structures of metal–N–C single-atom catalysts to improve their catalytic activities is quite desirable and challenging. Here, theoretical analysis and experiment indicate the inherent synergistic effect of dual metal site",题名/摘要包含合成、制备、表征、测试或实验-理论联合研究信息，按实验论文归类；其中计算部分视作机理支持。
E0436,Experimental,Fe,carbon/other support,hydrogen evolution reaction,Robust ring-opening reaction via asymmetrically coordinated Fe single atoms scaffolded by spoke-like mesoporous carbon nanospheres,Proceedings of the National Academy of Sciences,2023,National Academy of Sciences,10.1073/pnas.2218261120,https://doi.org/10.1073/pnas.2218261120,https://pmc.ncbi.nlm.nih.gov/articles/PMC10083595/pdf/pnas.202218261.pdf,open_url_not_pdf,,"本文关注 Fe 单原子位点在 carbon/other support 等载体上的催化行为，主要应用于hydrogen evolution reaction。 文章以材料制备、结构表征和催化性能测试为核心，通常结合谱学/显微表征确认单原子分散。 摘要要点：The ability to construct metal single-atom catalysts (SACs) asymmetrically coordinated with organic heteroatoms represents an important endeavor toward developing high-performance catalysts over symmetrically coordinated counterparts. Moreover, it is of key im",题名/摘要包含合成、制备、表征、测试或实验-理论联合研究信息，按实验论文归类；其中计算部分视作机理支持。
E0437,Experimental,Fe; Co,carbon/other support,oxygen reduction reaction,Role of the Metal Precursor in Preparing Dual-Atom Catalysts for the Oxygen Reduction Reaction,ACS Omega,2023,American Chemical Society,10.1021/acsomega.3c06005,https://doi.org/10.1021/acsomega.3c06005,https://pmc.ncbi.nlm.nih.gov/articles/PMC10633877/pdf/ao3c06005.pdf,open_url_not_pdf,,"本文关注 Fe, Co 单原子位点在 carbon/other support 等载体上的催化行为，主要应用于oxygen reduction reaction。 文章以材料制备、结构表征和催化性能测试为核心，通常结合谱学/显微表征确认单原子分散。 摘要要点：Dual-atom catalysts (DACs) have arisen as a novel type of heterogeneous catalyst that extends from single-atom catalysts (SACs) by incorporating two kinds of metals. These materials have demonstrated enhanced performance when compared to SACs. The choice of me",题名/摘要包含合成、制备、表征、测试或实验-理论联合研究信息，按实验论文归类；其中计算部分视作机理支持。
E0438,Experimental,Ti; Cu,carbon/other support,CO2 reduction/conversion,Room-temperature photosynthesis of propane from CO2 with Cu single atoms on vacancy-rich TiO2,Nature Communications,2023,Nature Portfolio,10.1038/s41467-023-36778-5,https://doi.org/10.1038/s41467-023-36778-5,https://www.nature.com/articles/s41467-023-36778-5.pdf,open_url_not_pdf,,"本文关注 Ti, Cu 单原子位点在 carbon/other support 等载体上的催化行为，主要应用于CO2 reduction/conversion。 文章以材料制备、结构表征和催化性能测试为核心，通常结合谱学/显微表征确认单原子分散。 摘要要点：Abstract Photochemical conversion of CO 2 into high-value C 2+ products is difficult to achieve due to the energetic and mechanistic challenges in forming multiple C-C bonds. Herein, an efficient photocatalyst for the conversion of CO 2 into C 3 H 8 is prepare",题名/摘要包含合成、制备、表征、测试或实验-理论联合研究信息，按实验论文归类；其中计算部分视作机理支持。
E0439,Experimental,Co; Ru,carbon/other support,hydrogen evolution reaction,Ruthenium-cobalt single atom alloy for CO photo-hydrogenation to liquid fuels at ambient pressures,Nature Communications,2023,Nature Portfolio,10.1038/s41467-023-37631-5,https://doi.org/10.1038/s41467-023-37631-5,https://www.nature.com/articles/s41467-023-37631-5.pdf,open_url_not_pdf,,"本文关注 Co, Ru 单原子位点在 carbon/other support 等载体上的催化行为，主要应用于hydrogen evolution reaction。 文章以材料制备、结构表征和催化性能测试为核心，通常结合谱学/显微表征确认单原子分散。 摘要要点：Abstract Photothermal Fischer-Tropsch synthesis represents a promising strategy for converting carbon monoxide into value-added chemicals. High pressures (2-5 MPa) are typically required for efficient C-C coupling reactions and the production of C 5+ liquid fu",题名/摘要包含合成、制备、表征、测试或实验-理论联合研究信息，按实验论文归类；其中计算部分视作机理支持。
E0440,Experimental,V,carbon/other support,oxygen reduction reaction,Sb2S3-templated synthesis of sulfur-doped Sb-N-C with hierarchical architecture and high metal loading for H2O2 electrosynthesis,Nature Communications,2023,Nature Portfolio,10.1038/s41467-023-36078-y,https://doi.org/10.1038/s41467-023-36078-y,https://www.nature.com/articles/s41467-023-36078-y.pdf,open_url_not_pdf,,本文关注 V 单原子位点在 carbon/other support 等载体上的催化行为，主要应用于oxygen reduction reaction。 文章以材料制备、结构表征和催化性能测试为核心，通常结合谱学/显微表征确认单原子分散。 摘要要点：Abstract Selective two-electron (2e − ) oxygen reduction reaction (ORR) offers great opportunities for hydrogen peroxide (H 2 O 2 ) electrosynthesis and its widespread employment depends on identifying cost-effective catalysts with high activity and selectivit,题名/摘要包含合成、制备、表征、测试或实验-理论联合研究信息，按实验论文归类；其中计算部分视作机理支持。
E0441,Experimental,Fe,carbon/other support,hydrogen evolution reaction,Self-carbon-thermal-reduction strategy for boosting the Fenton-like activity of single Fe-N4 sites by carbon-defect engineering,Nature Communications,2023,Nature Portfolio,10.1038/s41467-023-43040-5,https://doi.org/10.1038/s41467-023-43040-5,https://www.nature.com/articles/s41467-023-43040-5.pdf,open_url_not_pdf,,"本文关注 Fe 单原子位点在 carbon/other support 等载体上的催化行为，主要应用于hydrogen evolution reaction。 文章以材料制备、结构表征和催化性能测试为核心，通常结合谱学/显微表征确认单原子分散。 摘要要点：Abstract Carbon-defect engineering in metal single-atom catalysts by simple and robust strategy, boosting their catalytic activity, and revealing the carbon defect-catalytic activity relationship are meaningful but challenging. Herein, we report a facile self-",题名/摘要包含合成、制备、表征、测试或实验-理论联合研究信息，按实验论文归类；其中计算部分视作机理支持。
E0442,Experimental,Co,N-doped carbon,oxygen reduction reaction,Simultaneously Constructing Asymmetrically Coordinated Cobalt Single Atoms and Cobalt Nanoclusters via a Fresh Potassium Hydroxide Clipping Strategy toward Efficient Alkaline Oxygen Reduction Reaction,Energy Material Advances,2023,American Association for the Advancement of Science,10.34133/energymatadv.0042,https://doi.org/10.34133/energymatadv.0042,,no_open_pdf_in_metadata,,"本文关注 Co 单原子位点在 N-doped carbon 等载体上的催化行为，主要应用于oxygen reduction reaction。 文章以材料制备、结构表征和催化性能测试为核心，通常结合谱学/显微表征确认单原子分散。 摘要要点：Single-atom catalysts based on metal–N–C constituents facilitate oxygen reduction reaction kinetics due to super-high atomic utilization efficiency. However, conventional isolated atoms suffer from coordination symmetry and make less use of electron interactio",识别到合成、表征、电化学/催化测试或 operando/in situ 等实验关键词；若含 DFT，则视作实验论文的机理支持。
E0443,Experimental,Co,carbon/other support,oxygen reduction reaction,Simultaneously Incorporating Atomically Dispersed Co‐N x Sites with Graphitic Carbon Layer‐Wrapped Co 9 S 8 Nanoparticles for Oxygen Reduction in Acidic Electrolyte,ChemElectroChem,2023,Wiley,10.1002/celc.202300110,https://doi.org/10.1002/celc.202300110,https://onlinelibrary.wiley.com/doi/pdfdirect/10.1002/celc.202300110,download_failed: HTTPError,,本文关注 Co 单原子位点在 carbon/other support 等载体上的催化行为，主要应用于oxygen reduction reaction。 文章以材料制备、结构表征和催化性能测试为核心，通常结合谱学/显微表征确认单原子分散。 摘要要点：Abstract A facile yet robust synthesis is reported herein to simultaneously incorporate atomically dispersed Co‐N x sites with graphitic layer‐protected Co 9 S 8 nanoparticles (denoted as Co SACs+Co 9 S 8 ) as an efficient electrocatalyst for oxygen reduction,题名/摘要包含合成、制备、表征、测试或实验-理论联合研究信息，按实验论文归类；其中计算部分视作机理支持。
E0444,Experimental,V; Fe; Co; Ni; Cu; Pt,carbon/other support,oxygen reduction reaction,Single-Atom Catalysts for Selective Oxygen Reduction: Transition Metals in Uniform Carbon Nanospheres with High Loadings,JACS Au,2023,American Chemical Society,10.1021/jacsau.3c00557,https://doi.org/10.1021/jacsau.3c00557,https://pmc.ncbi.nlm.nih.gov/articles/PMC10685421/pdf/au3c00557.pdf,open_url_not_pdf,,"本文关注 V, Fe, Co, Ni, Cu, Pt 单原子位点在 carbon/other support 等载体上的催化行为，主要应用于oxygen reduction reaction。 文章以材料制备、结构表征和催化性能测试为核心，通常结合谱学/显微表征确认单原子分散。 摘要要点：Transition metal single-atom catalysts (SACs) in uniform carbon nanospheres have gained tremendous interest as electrocatalysts owing to their low cost, high activity, and excellent selectivity. However, their preparation typically involves complicated multist",题名/摘要包含合成、制备、表征、测试或实验-理论联合研究信息，按实验论文归类；其中计算部分视作机理支持。
E0445,Experimental,V; W,graphene,hydrogen evolution reaction,Single-atom catalysts supported on a hybrid structure of boron nitride/graphene for efficient nitrogen fixation via synergistic interfacial interactions,Nanoscale,2023,Royal Society of Chemistry,10.1039/d3nr05295h,https://doi.org/10.1039/d3nr05295h,,no_open_pdf_in_metadata,,"本文关注 V, W 单原子位点在 graphene 等载体上的催化行为，主要应用于hydrogen evolution reaction。 文章以材料制备、结构表征和催化性能测试为核心，通常结合谱学/显微表征确认单原子分散。 摘要要点：binding energy and further the band gap is reduced to zero. V (vanadium) and W (tungsten) SACs exhibit the best performance with limiting potentials of -0.22 and -0.41 V, respectively. This study helps in understanding the improvement of the NRR activity of BN",识别到合成、表征、电化学/催化测试或 operando/in situ 等实验关键词；若含 DFT，则视作实验论文的机理支持。
E0446,Experimental,Fe,carbon/other support,hydrogen evolution reaction,Single-atom catalysts-based catalytic ROS clearance for efficient psoriasis treatment and relapse prevention via restoring ESR1,Nature Communications,2023,Nature Portfolio,10.1038/s41467-023-42477-y,https://doi.org/10.1038/s41467-023-42477-y,https://www.nature.com/articles/s41467-023-42477-y.pdf,open_url_not_pdf,,本文关注 Fe 单原子位点在 carbon/other support 等载体上的催化行为，主要应用于hydrogen evolution reaction。 文章以材料制备、结构表征和催化性能测试为核心，通常结合谱学/显微表征确认单原子分散。 摘要要点：Abstract Psoriasis is a common inflammatory disease of especially high recurrence rate (90%) which is suffered by approximately 3% of the world population. The overexpression of reactive oxygen species (ROS) plays a critical role in psoriasis progress. Here we,识别到合成、表征、电化学/催化测试或 operando/in situ 等实验关键词；若含 DFT，则视作实验论文的机理支持。
E0447,Experimental,Ni,graphene,CO2 reduction/conversion,Single‐Atom Anchored Curved Carbon Surface for Efficient CO 2 Electro‐Reduction with Nearly 100% CO Selectivity and Industrially‐Relevant Current Density,Advanced Materials,2023,,10.1002/adma.202205553,https://doi.org/10.1002/adma.202205553,https://onlinelibrary.wiley.com/doi/pdfdirect/10.1002/adma.202205553,download_failed: HTTPError,,"本文关注 Ni 单原子位点在 graphene 等载体上的催化行为，主要应用于CO2 reduction/conversion。 文章以材料制备、结构表征和催化性能测试为核心，通常结合谱学/显微表征确认单原子分散。 摘要要点：Abstract Although single metal atoms on porous carbons (PCs) are widely used in electrochemical CO 2 reduction reaction, these systems have long relied on flat graphene‐based models, which are far beyond reality because of abundant curved structures in PCs; th",题名/摘要包含合成、制备、表征、测试或实验-理论联合研究信息，按实验论文归类；其中计算部分视作机理支持。
E0448,Experimental,Mn,carbon/other support,oxygen reduction reaction,Single‐Atom Mn Catalysts via Integration with Mn Sub Nano‐Clusters Synergistically Enhance Oxygen Reduction Reaction,Small,2023,Wiley,10.1002/smll.202309727,https://doi.org/10.1002/smll.202309727,https://onlinelibrary.wiley.com/doi/pdfdirect/10.1002/smll.202309727,download_failed: HTTPError,,"本文关注 Mn 单原子位点在 carbon/other support 等载体上的催化行为，主要应用于oxygen reduction reaction。 文章以材料制备、结构表征和催化性能测试为核心，通常结合谱学/显微表征确认单原子分散。 摘要要点：Abstract Integrating single atoms and clusters into one system represents a novel strategy for achieving the desired catalytic performance. In comparison to single‐atom catalysts, catalysts combining single atoms and clusters harness the advantages of both, th",题名/摘要包含合成、制备、表征、测试或实验-理论联合研究信息，按实验论文归类；其中计算部分视作机理支持。
E0449,Experimental,Mn; Fe,carbon nitride,hydrogen evolution reaction,Single‐Atoms on Crystalline Carbon Nitrides for Selective C─H Photooxidation: A Bridge to Achieve Homogeneous Pathways in Heterogeneous Materials,Advanced Materials,2023,,10.1002/adma.202304152,https://doi.org/10.1002/adma.202304152,https://onlinelibrary.wiley.com/doi/pdfdirect/10.1002/adma.202304152,download_failed: HTTPError,,"本文关注 Mn, Fe 单原子位点在 carbon nitride 等载体上的催化行为，主要应用于hydrogen evolution reaction。 文章以材料制备、结构表征和催化性能测试为核心，通常结合谱学/显微表征确认单原子分散。 摘要要点：Single-atom catalysis is a field of paramount importance in contemporary science due to its exceptional ability to combine the domains of homogeneous and heterogeneous catalysis. Iron and manganese metalloenzymes are known to be effective in C─H oxidation reac",题名/摘要包含合成、制备、表征、测试或实验-理论联合研究信息，按实验论文归类；其中计算部分视作机理支持。
E0450,Experimental,V; Co; Ni; Cu,graphene,hydrogen evolution reaction,Structural Self-Regulation-Promoted NO Electroreduction on Single Atoms,Journal of the American Chemical Society,2023,American Chemical Society,10.1021/jacs.3c08936,https://doi.org/10.1021/jacs.3c08936,,no_open_pdf_in_metadata,,"本文关注 V, Co, Ni, Cu 单原子位点在 graphene 等载体上的催化行为，主要应用于hydrogen evolution reaction。 文章以材料制备、结构表征和催化性能测试为核心，通常结合谱学/显微表征确认单原子分散。 摘要要点：Simultaneously elevating loading and activity of single atoms (SAs) is desirable for SA-containing catalysts, including single-atom catalysts (SACs). However, the fast self-nucleation of SAs limits the loading, and the activity is confined by the adsorption-en",题名/摘要包含合成、制备、表征、测试或实验-理论联合研究信息，按实验论文归类；其中计算部分视作机理支持。
E0451,Experimental,Sn,graphene,oxygen reduction reaction,Substrate Strain Engineering of Single-Atomic Sn-N 4 Sites Embedded in Various Carbon Matrixes for Bifunctional Oxygen Electrocatalysis,ACS Applied Materials & Interfaces,2023,American Chemical Society,10.1021/acsami.3c02232,https://doi.org/10.1021/acsami.3c02232,,no_open_pdf_in_metadata,,"本文关注 Sn 单原子位点在 graphene 等载体上的催化行为，主要应用于oxygen reduction reaction。 文章以材料制备、结构表征和催化性能测试为核心，通常结合谱学/显微表征确认单原子分散。 摘要要点：It is still a great challenge to design and synthesize high-efficiency and low-cost single-atom catalysts (SACs) as promising bifunctional electrocatalysts for the oxygen reduction reaction (ORR) and the oxygen evolution reaction (OER). Herein, theoretical ins",题名/摘要包含合成、制备、表征、测试或实验-理论联合研究信息，按实验论文归类；其中计算部分视作机理支持。
E0452,Experimental,Co,carbon nitride,oxygen reduction reaction,Surface Density of Cobalt Single Atoms Manipulating Hydroxyl Radical Generation Via Dual Pathways: Electrons Supply and Active sites,Advanced Functional Materials,2023,Wiley,10.1002/adfm.202215245,https://doi.org/10.1002/adfm.202215245,https://onlinelibrary.wiley.com/doi/pdfdirect/10.1002/adfm.202215245,download_failed: HTTPError,,"本文关注 Co 单原子位点在 carbon nitride 等载体上的催化行为，主要应用于oxygen reduction reaction。 文章以材料制备、结构表征和催化性能测试为核心，通常结合谱学/显微表征确认单原子分散。 摘要要点：Abstract Photocatalytic generation of • OH from O 3 is an intriguing avenue for aqueous organics degradation due to the high utilization of photogenerated electrons, but ambiguous information about charge transfer and surface‐active sites hinders the optimizat",题名/摘要包含合成、制备、表征、测试或实验-理论联合研究信息，按实验论文归类；其中计算部分视作机理支持。
E0453,Experimental,Fe; Zn,carbon/other support,hydrogen evolution reaction,Synergistic Fe−Se Atom Pairs as Bifunctional Oxygen Electrocatalysts Boost Low‐Temperature Rechargeable Zn‐Air Battery,Angewandte Chemie International Edition,2023,Wiley,10.1002/anie.202219191,https://doi.org/10.1002/anie.202219191,https://onlinelibrary.wiley.com/doi/pdfdirect/10.1002/anie.202219191,download_failed: HTTPError,,"本文关注 Fe, Zn 单原子位点在 carbon/other support 等载体上的催化行为，主要应用于hydrogen evolution reaction。 文章以材料制备、结构表征和催化性能测试为核心，通常结合谱学/显微表征确认单原子分散。 摘要要点：Abstract Herein, we successfully construct bifunctional electrocatalysts by synthesizing atomically dispersed Fe−Se atom pairs supported on N‐doped carbon (Fe−Se/NC). The obtained Fe−Se/NC shows a noteworthy bifunctional oxygen catalytic performance with a low",题名/摘要包含合成、制备、表征、测试或实验-理论联合研究信息，按实验论文归类；其中计算部分视作机理支持。
E0454,Experimental,Fe; Zn,carbon/other support,hydrogen evolution reaction,Synergistic Fe−Se Atom Pairs as Bifunctional Oxygen Electrocatalysts Boost Low‐Temperature Rechargeable Zn‐Air Battery,Angewandte Chemie,2023,Wiley,10.1002/ange.202219191,https://doi.org/10.1002/ange.202219191,,no_open_pdf_in_metadata,,"本文关注 Fe, Zn 单原子位点在 carbon/other support 等载体上的催化行为，主要应用于hydrogen evolution reaction。 文章以材料制备、结构表征和催化性能测试为核心，通常结合谱学/显微表征确认单原子分散。 摘要要点：Abstract Herein, we successfully construct bifunctional electrocatalysts by synthesizing atomically dispersed Fe−Se atom pairs supported on N‐doped carbon (Fe−Se/NC). The obtained Fe−Se/NC shows a noteworthy bifunctional oxygen catalytic performance with a low",题名/摘要包含合成、制备、表征、测试或实验-理论联合研究信息，按实验论文归类；其中计算部分视作机理支持。
E0455,Experimental,Cu,carbon/other support,CO2 reduction/conversion,Tailoring local structures of atomically dispersed copper sites for highly selective CO 2 electroreduction,Carbon Energy,2023,Wiley,10.1002/cey2.419,https://doi.org/10.1002/cey2.419,https://onlinelibrary.wiley.com/doi/pdfdirect/10.1002/cey2.419,download_failed: HTTPError,,"本文关注 Cu 单原子位点在 carbon/other support 等载体上的催化行为，主要应用于CO2 reduction/conversion。 文章以材料制备、结构表征和催化性能测试为核心，通常结合谱学/显微表征确认单原子分散。 摘要要点：Abstract Atomically‐dispersed copper sites coordinated with nitrogen‐doped carbon (Cu–N–C) can provide novel possibilities to enable highly selective and active electrochemical CO 2 reduction reactions. However, the construction of optimal local electronic str",题名/摘要包含合成、制备、表征、测试或实验-理论联合研究信息，按实验论文归类；其中计算部分视作机理支持。
E0456,Experimental,Ni,carbon/other support,CO2 reduction/conversion,Temperature‐Dependent Structures of Single‐Atom Catalysts,Chemistry - An Asian Journal,2023,Wiley,10.1002/asia.202300679,https://doi.org/10.1002/asia.202300679,https://onlinelibrary.wiley.com/doi/pdfdirect/10.1002/asia.202300679,download_failed: HTTPError,,"本文关注 Ni 单原子位点在 carbon/other support 等载体上的催化行为，主要应用于CO2 reduction/conversion。 文章以材料制备、结构表征和催化性能测试为核心，通常结合谱学/显微表征确认单原子分散。 摘要要点：Abstract Single‐atom catalysts (SACs) have the unique coordination environment and electronic structure due to the quantum size effect, which plays an essential role in facilitating catalytic reactions. However, due to the limited understanding of the formatio",题名/摘要包含合成、制备、表征、测试或实验-理论联合研究信息，按实验论文归类；其中计算部分视作机理支持。
E0457,Experimental,Ni,N-doped carbon,CO2 reduction/conversion,Tracking the Evolution of Single-Atom Catalysts for the CO 2 Electrocatalytic Reduction Using Operando X-ray Absorption Spectroscopy and Machine Learning,Journal of the American Chemical Society,2023,American Chemical Society,10.1021/jacs.3c04826,https://doi.org/10.1021/jacs.3c04826,https://pmc.ncbi.nlm.nih.gov/articles/PMC10416299/pdf/ja3c04826.pdf,open_url_not_pdf,,"本文关注 Ni 单原子位点在 N-doped carbon 等载体上的催化行为，主要应用于CO2 reduction/conversion。 文章以材料制备、结构表征和催化性能测试为核心，通常结合谱学/显微表征确认单原子分散。 摘要要点：Transition metal-nitrogen-doped carbons (TMNCs) are a promising class of catalysts for the CO2 electrochemical reduction reaction. In particular, high CO2-to-CO conversion activities and selectivities were demonstrated for Ni-based TMNCs. Nonetheless, open que",题名/摘要包含合成、制备、表征、测试或实验-理论联合研究信息，按实验论文归类；其中计算部分视作机理支持。
E0458,Experimental,Fe; Co; Ni; Zn,graphene,oxygen reduction reaction,"Transition Metal (Fe, Zn, Co, and Ni) Single-Atom Catalysts Anchored on N,S-Codoped Hybrid Nanocarbons for Oxygen Reduction Reaction",ACS Applied Nano Materials,2023,American Chemical Society,10.1021/acsanm.3c00827,https://doi.org/10.1021/acsanm.3c00827,,no_open_pdf_in_metadata,,"本文关注 Fe, Co, Ni, Zn 单原子位点在 graphene 等载体上的催化行为，主要应用于oxygen reduction reaction。 文章以材料制备、结构表征和催化性能测试为核心，通常结合谱学/显微表征确认单原子分散。 摘要要点：Atomically dispersed transition metal catalysts have served as promising candidates to substitute noble metals in energy conversion. A majority of carbon-supported transition metal single-atom catalysts (SACs) have been synthesized via the high-temperature sin",题名/摘要包含合成、制备、表征、测试或实验-理论联合研究信息，按实验论文归类；其中计算部分视作机理支持。
E0459,Experimental,Ti; V; Cr; Mn; Fe; Co; Ni; Ru; Rh; Pd; Ag; Pt; Au,carbon/other support,oxygen reduction reaction,Transition metal embedded in two‐dimensional bi‐BN as high activity single atom electrocatalyst for oxygen reduction reactions,International Journal of Quantum Chemistry,2023,Wiley,10.1002/qua.27218,https://doi.org/10.1002/qua.27218,https://onlinelibrary.wiley.com/doi/pdfdirect/10.1002/qua.27218,download_failed: HTTPError,,"本文关注 Ti, V, Cr, Mn, Fe, Co, Ni, Ru, Rh, Pd, Ag, Pt, Au 单原子位点在 carbon/other support 等载体上的催化行为，主要应用于oxygen reduction reaction。 文章以材料制备、结构表征和催化性能测试为核心，通常结合谱学/显微表征确认单原子分散。 摘要要点：Abstract Searching for stable, highly effective and cost‐efficient catalysts for the oxygen reduction reaction (ORR) is important to addressing the energy crisis and environmental issues. A single atom embedded in two‐dimensional boron nitride materials is a v",题名/摘要包含合成、制备、表征、测试或实验-理论联合研究信息，按实验论文归类；其中计算部分视作机理支持。
E0460,Experimental,Pt,carbon/other support,oxygen reduction reaction,"Ultrahigh Mass Activity Pt Entities Consisting of Pt Single atoms, Clusters, and Nanoparticles for Improved Hydrogen Evolution Reaction",Small,2023,Wiley,10.1002/smll.202205885,https://doi.org/10.1002/smll.202205885,https://onlinelibrary.wiley.com/doi/pdfdirect/10.1002/smll.202205885,download_failed: HTTPError,,"本文关注 Pt 单原子位点在 carbon/other support 等载体上的催化行为，主要应用于oxygen reduction reaction。 文章以材料制备、结构表征和催化性能测试为核心，通常结合谱学/显微表征确认单原子分散。 摘要要点：Abstract Platinum is one of the best‐performing catalysts for the hydrogen evolution reaction (HER). However, high cost and scarcity severely hinder the large‐scale application of Pt electrocatalysts. Constructing highly dispersed ultrasmall Platinum entities",题名/摘要包含合成、制备、表征、测试或实验-理论联合研究信息，按实验论文归类；其中计算部分视作机理支持。
E0461,Experimental,Ti; Pt,carbon/other support,hydrogen evolution reaction,Ultrasound-Driven Defect Engineering in TiO 2– x Nanotubes─Toward Highly Efficient Platinum Single Atom-Enhanced Photocatalytic Water Splitting,ACS Applied Materials & Interfaces,2023,American Chemical Society,10.1021/acsami.3c04811,https://doi.org/10.1021/acsami.3c04811,http://dspace.vsb.cz/bitstream/10084/152245/1/1944-8244-2023v15i31p37976.pdf,downloaded_open_access_pdf,Experimental/Ti/pdfs/E0461_Ultrasound-Driven_Defect_Engineering_in_TiO_2_x_Nanotubes_Toward_Highly_Efficient_Platinum.pdf,"本文关注 Ti, Pt 单原子位点在 carbon/other support 等载体上的催化行为，主要应用于hydrogen evolution reaction。 文章以材料制备、结构表征和催化性能测试为核心，通常结合谱学/显微表征确认单原子分散。 摘要要点：Single-atom catalysts (SACs) have demonstrated superior catalytic activity and selectivity compared to nanoparticle catalysts due to their high reactivity and atom efficiency. However, stabilizing SACs within hosting substrates and their controllable loading p",识别到合成、表征、电化学/催化测试或 operando/in situ 等实验关键词；若含 DFT，则视作实验论文的机理支持。
E0462,Experimental,Pt,carbon/other support,oxygen reduction reaction,Ultra‐low single‐atom Pt on g‐C 3 N 4 for electrochemical hydrogen peroxide production,Carbon Energy,2023,Wiley,10.1002/cey2.337,https://doi.org/10.1002/cey2.337,https://onlinelibrary.wiley.com/doi/pdfdirect/10.1002/cey2.337,download_failed: HTTPError,,"本文关注 Pt 单原子位点在 carbon/other support 等载体上的催化行为，主要应用于oxygen reduction reaction。 文章以材料制备、结构表征和催化性能测试为核心，通常结合谱学/显微表征确认单原子分散。 摘要要点：Abstract Platinum‐based materials show excellent electrocatalytic performance and have good potential for use in fuel cells. However, the high cost and scarce reserves have restricted their wide application. Therefore, it is a challenging task to reduce the am",识别到合成、表征、电化学/催化测试或 operando/in situ 等实验关键词；若含 DFT，则视作实验论文的机理支持。
E0463,Experimental,Zn; Mo,MoS2,hydrogen evolution reaction,Zinc Single Atom Confinement Effects on Catalysis in 1T-Phase Molybdenum Disulfide,ACS Nano,2023,American Chemical Society,10.1021/acsnano.2c09918,https://doi.org/10.1021/acsnano.2c09918,https://pubs.acs.org/doi/pdf/10.1021/acsnano.2c09918,download_failed: HTTPError,,"本文关注 Zn, Mo 单原子位点在 MoS2 等载体上的催化行为，主要应用于hydrogen evolution reaction。 文章以材料制备、结构表征和催化性能测试为核心，通常结合谱学/显微表征确认单原子分散。 摘要要点：Active sites are atomic sites within catalysts that drive reactions and are essential for catalysis. Spatially confining guest metals within active site microenvironments has been predicted to improve catalytic activity by altering the electronic states of act",识别到合成、表征、电化学/催化测试或 operando/in situ 等实验关键词；若含 DFT，则视作实验论文的机理支持。
E0464,Experimental,Zn,graphene oxide,oxygen reduction reaction,Zn Single Atoms/Clusters/Nanoparticles Embedded in the Hybrid Carbon Aerogels for High-Performance ORR Electrocatalysis,Inorganic Chemistry,2023,American Chemical Society,10.1021/acs.inorgchem.3c02417,https://doi.org/10.1021/acs.inorgchem.3c02417,,no_open_pdf_in_metadata,,本文关注 Zn 单原子位点在 graphene oxide 等载体上的催化行为，主要应用于oxygen reduction reaction。 文章以材料制备、结构表征和催化性能测试为核心，通常结合谱学/显微表征确认单原子分散。 摘要要点：Carbon-supported zinc single-atom catalysts have received considerable attention in the electrocatalytic oxygen reduction reaction (ORR) owing to the strong reduction capacity of zinc atoms and the abundant reserves of zinc elements. The common preparation met,题名/摘要包含合成、制备、表征、测试或实验-理论联合研究信息，按实验论文归类；其中计算部分视作机理支持。
E0465,Experimental,Fe; Mo; Ru,carbon/other support,nitrogen reduction/ammonia synthesis,A Metal–Sulfur–Carbon Catalyst Mimicking the Two‐Component Architecture of Nitrogenase,Angewandte Chemie International Edition,2024,Wiley,10.1002/anie.202412740,https://doi.org/10.1002/anie.202412740,https://onlinelibrary.wiley.com/doi/pdfdirect/10.1002/anie.202412740,download_failed: HTTPError,,"本文关注 Fe, Mo, Ru 单原子位点在 carbon/other support 等载体上的催化行为，主要应用于nitrogen reduction/ammonia synthesis。 文章以材料制备、结构表征和催化性能测试为核心，通常结合谱学/显微表征确认单原子分散。 摘要要点：Abstract The production of ammonia (NH 3 ) from nitrogen sources involves competitive adsorption of different intermediates and multiple electron and proton transfers, presenting grand challenges in catalyst design. In nature nitrogenases reduce dinitrogen to",识别到合成、表征、电化学/催化测试或 operando/in situ 等实验关键词；若含 DFT，则视作实验论文的机理支持。
E0466,Experimental,V; Fe; Co; Cu; Rh,N-doped graphene,CO2 reduction/conversion,A New Model of Carbon Nitride as a Substrate to Support Single Metal Atom,The Journal of Physical Chemistry C,2024,American Chemical Society,10.1021/acs.jpcc.4c00975,https://doi.org/10.1021/acs.jpcc.4c00975,,no_open_pdf_in_metadata,,"本文关注 V, Fe, Co, Cu, Rh 单原子位点在 N-doped graphene 等载体上的催化行为，主要应用于CO2 reduction/conversion。 文章以材料制备、结构表征和催化性能测试为核心，通常结合谱学/显微表征确认单原子分散。 摘要要点：Carbon nitrides are commonly employed as substrates to anchor single metal atoms. Numerous theoretical studies have previously characterized these single-atom systems using the pristine g-C3N4 structure, featuring a C6N7 motif. However, the relatively large po",题名/摘要包含合成、制备、表征、测试或实验-理论联合研究信息，按实验论文归类；其中计算部分视作机理支持。
E0467,Experimental,Fe; Zn,carbon/other support,oxygen reduction reaction,A Vacuum Vapor Deposition Strategy to Fe Single‐Atom Catalysts with Densely Active Sites for High‐Performance Zn–Air Battery,Advanced Science,2024,Wiley,10.1002/advs.202306594,https://doi.org/10.1002/advs.202306594,https://onlinelibrary.wiley.com/doi/pdfdirect/10.1002/advs.202306594,download_failed: HTTPError,,"本文关注 Fe, Zn 单原子位点在 carbon/other support 等载体上的催化行为，主要应用于oxygen reduction reaction。 文章以材料制备、结构表征和催化性能测试为核心，通常结合谱学/显微表征确认单原子分散。 摘要要点：Abstract Iron single‐atom catalysts (SACs) have garnered increasing attention as highly efficient catalysts for the oxygen reduction reaction (ORR), yet their performance in practical devices remains suboptimal due to the low density of accessible active sites",识别到合成、表征、电化学/催化测试或 operando/in situ 等实验关键词；若含 DFT，则视作实验论文的机理支持。
E0468,Experimental,Mixed_or_unclear,carbon/other support,CO2 reduction/conversion,A molecular view of single-atom catalysis toward carbon dioxide conversion,Chemical Science,2024,Royal Society of Chemistry,10.1039/d3sc06863c,https://doi.org/10.1039/d3sc06863c,https://pubs.rsc.org/en/content/articlepdf/2024/sc/d3sc06863c,downloaded_open_access_pdf,Experimental/Mixed_or_unclear/pdfs/E0468_A_molecular_view_of_single-atom_catalysis_toward_carbon_dioxide_conversion.pdf,"本文关注 Mixed_or_unclear 单原子位点在 carbon/other support 等载体上的催化行为，主要应用于CO2 reduction/conversion。 文章以材料制备、结构表征和催化性能测试为核心，通常结合谱学/显微表征确认单原子分散。 摘要要点：conversion based on previous comprehension of general thermodynamics and kinetics, but also try to offer a multi-level understanding of SACs from a molecular point of view in terms of the central atom, coordination environment, support effect and synergy with",识别到合成、表征、电化学/催化测试或 operando/in situ 等实验关键词；若含 DFT，则视作实验论文的机理支持。
E0469,Experimental,Pd,carbon/other support,oxygen reduction reaction,A self‐powered system to electrochemically generate ammonia driven by palladium single atom electrocatalyst,SusMat,2024,Wiley,10.1002/sus2.237,https://doi.org/10.1002/sus2.237,https://onlinelibrary.wiley.com/doi/pdfdirect/10.1002/sus2.237,download_failed: HTTPError,,"本文关注 Pd 单原子位点在 carbon/other support 等载体上的催化行为，主要应用于oxygen reduction reaction。 文章以材料制备、结构表征和催化性能测试为核心，通常结合谱学/显微表征确认单原子分散。 摘要要点：Abstract The utilization of single atoms (SAs) as trifunctional electrocatalyst for nitrogen reduction, oxygen reduction, and oxygen evolution reactions (NRR, ORR, and OER) is still a formidable challenge. Herein, we devise one‐pot synthesized palladium SAs st",题名/摘要包含合成、制备、表征、测试或实验-理论联合研究信息，按实验论文归类；其中计算部分视作机理支持。
E0470,Experimental,Co; Ni; Pt,graphene oxide,oxygen evolution reaction,A universal and scalable transformation of bulk metals into single-atom catalysts in ionic liquids,Proceedings of the National Academy of Sciences,2024,National Academy of Sciences,10.1073/pnas.2319136121,https://doi.org/10.1073/pnas.2319136121,https://pmc.ncbi.nlm.nih.gov/articles/PMC10927526/pdf/pnas.202319136.pdf,open_url_not_pdf,,"本文关注 Co, Ni, Pt 单原子位点在 graphene oxide 等载体上的催化行为，主要应用于oxygen evolution reaction。 文章以材料制备、结构表征和催化性能测试为核心，通常结合谱学/显微表征确认单原子分散。 摘要要点：Single-atom catalysts (SACs) with maximized metal atom utilization and intriguing properties are of utmost importance for energy conversion and catalysis science. However, the lack of a straightforward and scalable synthesis strategy of SACs on diverse support",题名/摘要包含合成、制备、表征、测试或实验-理论联合研究信息，按实验论文归类；其中计算部分视作机理支持。
E0471,Experimental,Ni; Cu,carbon/other support,CO2 reduction/conversion,Acidic media enables oxygen-tolerant electrosynthesis of multicarbon products from simulated flue gas,Nature Communications,2024,Nature Portfolio,10.1038/s41467-024-45527-1,https://doi.org/10.1038/s41467-024-45527-1,https://www.nature.com/articles/s41467-024-45527-1.pdf,open_url_not_pdf,,"本文关注 Ni, Cu 单原子位点在 carbon/other support 等载体上的催化行为，主要应用于CO2 reduction/conversion。 文章以材料制备、结构表征和催化性能测试为核心，通常结合谱学/显微表征确认单原子分散。 摘要要点：Abstract Renewable electricity powered electrochemical CO 2 reduction (CO 2 R) offers a valuable method to close the carbon cycle and reduce our overreliance on fossil fuels. However, high purity CO 2 is usually required as feedstock, which potentially decreas",题名/摘要包含合成、制备、表征、测试或实验-理论联合研究信息，按实验论文归类；其中计算部分视作机理支持。
E0472,Experimental,Pt,carbon/other support,oxygen reduction reaction,Advanced approach for active and durable proton exchange membrane fuel cells: Coupling synergistic effects of MNC nanocomposites,EcoMat,2024,Wiley,10.1002/eom2.12488,https://doi.org/10.1002/eom2.12488,https://onlinelibrary.wiley.com/doi/pdfdirect/10.1002/eom2.12488,download_failed: HTTPError,,本文关注 Pt 单原子位点在 carbon/other support 等载体上的催化行为，主要应用于oxygen reduction reaction。 文章以材料制备、结构表征和催化性能测试为核心，通常结合谱学/显微表征确认单原子分散。 摘要要点：Abstract Atomically dispersed metal and nitrogen co‐doped carbon (MNC) is a promising oxygen reduction reaction (ORR) catalyst for electrochemical energy storage and conversion applications but typically suffers from low durability and activity under the aci,识别到合成、表征、电化学/催化测试或 operando/in situ 等实验关键词；若含 DFT，则视作实验论文的机理支持。
E0473,Experimental,Mixed_or_unclear,MXene,CO2 reduction/conversion,Advances in MXene surface functionalization modification strategies for CO 2 reduction,Nanoscale,2024,Royal Society of Chemistry,10.1039/d4nr01517g,https://doi.org/10.1039/d4nr01517g,https://pubs.rsc.org/en/content/articlepdf/2024/nr/d4nr01517g,downloaded_open_access_pdf,Experimental/Mixed_or_unclear/pdfs/E0473_Advances_in_MXene_surface_functionalization_modification_strategies_for_CO_2_reduction.pdf,"本文关注 Mixed_or_unclear 单原子位点在 MXene 等载体上的催化行为，主要应用于CO2 reduction/conversion。 文章以材料制备、结构表征和催化性能测试为核心，通常结合谱学/显微表征确认单原子分散。 摘要要点：the regulation of interactions between carriers and the catalytic centre. The review firstly covers the synthesis methods and characterisation techniques for functionalized MXenes reported in recent years. Secondly, it presents the methods applied for the func",识别到合成、表征、电化学/催化测试或 operando/in situ 等实验关键词；若含 DFT，则视作实验论文的机理支持。
E0474,Experimental,Mixed_or_unclear,graphene,hydrogen evolution reaction,"Allying interfacial engineering of 2D carbon nanosheet‐, graphene‐, and graphdiyne‐based heterostructured electrocatalysts toward hydrogen evolution and overall water splitting",Electron,2024,Wiley,10.1002/elt2.20,https://doi.org/10.1002/elt2.20,,no_open_pdf_in_metadata,,本文关注 Mixed_or_unclear 单原子位点在 graphene 等载体上的催化行为，主要应用于hydrogen evolution reaction。 文章以材料制备、结构表征和催化性能测试为核心，通常结合谱学/显微表征确认单原子分散。 摘要要点：Abstract Electrochemical hydrogen evolution reaction (HER) and overall water splitting (OWS) for renewable energy generation have recently become a highly promising and sustainable strategy to tackle energy crisis and global warming arising from our overrelian,题名/摘要包含合成、制备、表征、测试或实验-理论联合研究信息，按实验论文归类；其中计算部分视作机理支持。
E0475,Experimental,Pt,N-doped carbon,oxygen reduction reaction,Anchoring Metal–Nitrogen Sites on Porous Carbon Polyhedra with Highly Accessible Multichannels for Efficient Oxygen Reduction,ACS Applied Materials & Interfaces,2024,American Chemical Society,10.1021/acsami.4c07385,https://doi.org/10.1021/acsami.4c07385,,no_open_pdf_in_metadata,,"本文关注 Pt 单原子位点在 N-doped carbon 等载体上的催化行为，主要应用于oxygen reduction reaction。 文章以材料制备、结构表征和催化性能测试为核心，通常结合谱学/显微表征确认单原子分散。 摘要要点：Transition metal-nitrogen-carbon complexes, featuring single metal atoms embedded in a nitrogen-doped carbon matrix, emerge as promising alternatives to traditional platinum-based catalysts, offering cost-effectiveness, abundance, and enhanced catalytic perfor",题名/摘要包含合成、制备、表征、测试或实验-理论联合研究信息，按实验论文归类；其中计算部分视作机理支持。
E0476,Experimental,Co,carbon/other support,oxygen reduction reaction,Arc plasma‐deposited Co single‐atom catalysts supported on an aligned carbon nanofiber for hydrogen peroxide electrosynthesis and an electro‐Fenton process,Carbon Energy,2024,Wiley,10.1002/cey2.582,https://doi.org/10.1002/cey2.582,https://onlinelibrary.wiley.com/doi/pdfdirect/10.1002/cey2.582,download_failed: HTTPError,,"本文关注 Co 单原子位点在 carbon/other support 等载体上的催化行为，主要应用于oxygen reduction reaction。 文章以材料制备、结构表征和催化性能测试为核心，通常结合谱学/显微表征确认单原子分散。 摘要要点：Abstract Atomically dispersed single‐atom catalysts (SACs) on carbon supports show great promise for H 2 O 2 electrosynthesis, but conventional wet chemistry methods using particulate carbon blacks in powder form have limited their potential as two‐electron (2",识别到合成、表征、电化学/催化测试或 operando/in situ 等实验关键词；若含 DFT，则视作实验论文的机理支持。
E0477,Experimental,Fe; Co; Zn,N-doped graphene,oxygen reduction reaction,Asymmetric Coordination of Bimetallic Fe–Co Single-Atom Pairs toward Enhanced Bifunctional Activity for Rechargeable Zinc–Air Batteries,ACS Nano,2024,American Chemical Society,10.1021/acsnano.4c01342,https://doi.org/10.1021/acsnano.4c01342,,no_open_pdf_in_metadata,,"本文关注 Fe, Co, Zn 单原子位点在 N-doped graphene 等载体上的催化行为，主要应用于oxygen reduction reaction。 文章以材料制备、结构表征和催化性能测试为核心，通常结合谱学/显微表征确认单原子分散。 摘要要点：The advancement of rechargeable zinc–air batteries (RZABs) faces challenges from the pronounced polarization and sluggish kinetics of oxygen reduction and evolution reactions (ORR and OER). Single-atom catalysts offer an effective solution, yet their insuffici",题名/摘要包含合成、制备、表征、测试或实验-理论联合研究信息，按实验论文归类；其中计算部分视作机理支持。
E0478,Experimental,Pt,graphene,hydrogen evolution reaction,Atomic-Layer Deposition of the Single-Atom Pt Catalyst on Vertical Graphene for H 2 Sensing,ACS Applied Nano Materials,2024,American Chemical Society,10.1021/acsanm.4c03416,https://doi.org/10.1021/acsanm.4c03416,,no_open_pdf_in_metadata,,"本文关注 Pt 单原子位点在 graphene 等载体上的催化行为，主要应用于hydrogen evolution reaction。 文章以材料制备、结构表征和催化性能测试为核心，通常结合谱学/显微表征确认单原子分散。 摘要要点：Single-atom catalysts have the advantage of high chemical efficiency, which requires atomic-scale control during catalyst formation. In order to address this challenge, this work explores the synthesis of single-atom platinum (SA-Pt) catalysts using atomic-lay",题名/摘要包含合成、制备、表征、测试或实验-理论联合研究信息，按实验论文归类；其中计算部分视作机理支持。
E0479,Experimental,Pt,carbon/other support,oxygen reduction reaction,Atomic-scale strain engineering of atomically resolved Pt clusters transcending natural enzymes,Nature Communications,2024,Nature Portfolio,10.1038/s41467-024-52684-w,https://doi.org/10.1038/s41467-024-52684-w,https://www.nature.com/articles/s41467-024-52684-w.pdf,open_url_not_pdf,,"本文关注 Pt 单原子位点在 carbon/other support 等载体上的催化行为，主要应用于oxygen reduction reaction。 文章以材料制备、结构表征和催化性能测试为核心，通常结合谱学/显微表征确认单原子分散。 摘要要点：Strain engineering plays an important role in tuning electronic structure and improving catalytic capability of biocatalyst, but it is still challenging to modify the atomic-scale strain for specific enzyme-like reactions. Here, we systematically design Pt sin",题名/摘要包含合成、制备、表征、测试或实验-理论联合研究信息，按实验论文归类；其中计算部分视作机理支持。
E0480,Experimental,Co,carbon nitride,CO2 reduction/conversion,Atomically Dispersed Cobalt Anchored on Hollow Tubular Carbon Nitride Mediates Direct Electron Transfer and Oxygen-Related Active Species Path for Activation of Permonosulfate,Inorganic Chemistry,2024,American Chemical Society,10.1021/acs.inorgchem.4c03730,https://doi.org/10.1021/acs.inorgchem.4c03730,,no_open_pdf_in_metadata,,"本文关注 Co 单原子位点在 carbon nitride 等载体上的催化行为，主要应用于CO2 reduction/conversion。 文章以材料制备、结构表征和催化性能测试为核心，通常结合谱学/显微表征确认单原子分散。 摘要要点：Atomically dispersed catalysts anchored on nitrogen-rich substrates present promising application potential for the persulfate-based advanced oxidation process. Nevertheless, efficient activation efficiency and a clear activated mechanism of persulfate remain",题名/摘要包含合成、制备、表征、测试或实验-理论联合研究信息，按实验论文归类；其中计算部分视作机理支持。
E0481,Experimental,Fe; Ni,carbon/other support,oxygen reduction reaction,Atomically Dispersed Fe 2 and Ni Sites for Efficient and Durable Oxygen Electrocatalysis,Angewandte Chemie International Edition,2024,Wiley,10.1002/anie.202421168,https://doi.org/10.1002/anie.202421168,https://onlinelibrary.wiley.com/doi/pdfdirect/10.1002/anie.202421168,download_failed: HTTPError,,"本文关注 Fe, Ni 单原子位点在 carbon/other support 等载体上的催化行为，主要应用于oxygen reduction reaction。 文章以材料制备、结构表征和催化性能测试为核心，通常结合谱学/显微表征确认单原子分散。 摘要要点：Abstract Developing highly efficient, cost‐effective, and robust electrocatalysts for the oxygen reduction reaction (ORR) and the oxygen evolution reaction (OER) is paramount for the large‐scale commercialization of renewable fuel cells and rechargeable metal‐",题名/摘要包含合成、制备、表征、测试或实验-理论联合研究信息，按实验论文归类；其中计算部分视作机理支持。
E0482,Experimental,Fe; Ni,carbon/other support,oxygen reduction reaction,Atomically Dispersed Fe 2 and Ni Sites for Efficient and Durable Oxygen Electrocatalysis,Angewandte Chemie,2024,Wiley,10.1002/ange.202421168,https://doi.org/10.1002/ange.202421168,https://onlinelibrary.wiley.com/doi/pdfdirect/10.1002/ange.202421168,download_failed: HTTPError,,"本文关注 Fe, Ni 单原子位点在 carbon/other support 等载体上的催化行为，主要应用于oxygen reduction reaction。 文章以材料制备、结构表征和催化性能测试为核心，通常结合谱学/显微表征确认单原子分散。 摘要要点：Abstract Developing highly efficient, cost‐effective, and robust electrocatalysts for the oxygen reduction reaction (ORR) and the oxygen evolution reaction (OER) is paramount for the large‐scale commercialization of renewable fuel cells and rechargeable metal‐",题名/摘要包含合成、制备、表征、测试或实验-理论联合研究信息，按实验论文归类；其中计算部分视作机理支持。
E0483,Experimental,Pt,graphene,hydrogen evolution reaction,Atomically Dispersed Platinum Supported on Crumpled Graphene Supports for Highly Efficient Hydrogen Evolution Reaction,International Journal of Energy Research,2024,Wiley,10.1155/2024/8700573,https://doi.org/10.1155/2024/8700573,https://onlinelibrary.wiley.com/doi/pdfdirect/10.1155/2024/8700573,download_failed: HTTPError,,"本文关注 Pt 单原子位点在 graphene 等载体上的催化行为，主要应用于hydrogen evolution reaction。 文章以材料制备、结构表征和催化性能测试为核心，通常结合谱学/显微表征确认单原子分散。 摘要要点：Platinum (Pt) single‐atom catalysts (SACs) are a promising alternative to commercial Pt/carbon (C) catalysts because of their tunable catalytic activity with maximum atomic efficiency for the hydrogen evolution reaction (HER). Herein, we report a nitrogen (N)‐",题名/摘要包含合成、制备、表征、测试或实验-理论联合研究信息，按实验论文归类；其中计算部分视作机理支持。
E0484,Experimental,Mn,carbon/other support,oxygen reduction reaction,Atomically dispersed Mn–N x catalysts derived from Mn‐hexamine coordination frameworks for oxygen reduction reaction,Carbon Energy,2024,Wiley,10.1002/cey2.484,https://doi.org/10.1002/cey2.484,https://onlinelibrary.wiley.com/doi/pdfdirect/10.1002/cey2.484,download_failed: HTTPError,,"本文关注 Mn 单原子位点在 carbon/other support 等载体上的催化行为，主要应用于oxygen reduction reaction。 文章以材料制备、结构表征和催化性能测试为核心，通常结合谱学/显微表征确认单原子分散。 摘要要点：Abstract Metal‐organic frameworks recently have been burgeoning and used as precursors to obtain various metal–nitrogen–carbon catalysts for oxygen reduction reaction (ORR). Although rarely studied, Mn–N–C is a promising catalyst for ORR due to its weak Fenton",题名/摘要包含合成、制备、表征、测试或实验-理论联合研究信息，按实验论文归类；其中计算部分视作机理支持。
E0485,Experimental,Co,N-doped carbon,oxygen reduction reaction,Atomically dispersed asymmetric cobalt electrocatalyst for efficient hydrogen peroxide production in neutral media,Nature Communications,2024,Nature Portfolio,10.1038/s41467-024-48209-0,https://doi.org/10.1038/s41467-024-48209-0,https://www.nature.com/articles/s41467-024-48209-0.pdf,open_url_not_pdf,,"本文关注 Co 单原子位点在 N-doped carbon 等载体上的催化行为，主要应用于oxygen reduction reaction。 文章以材料制备、结构表征和催化性能测试为核心，通常结合谱学/显微表征确认单原子分散。 摘要要点：Abstract Electrochemical hydrogen peroxide (H 2 O 2 ) production (EHPP) via a two-electron oxygen reduction reaction (2e - ORR) provides a promising alternative to replace the energy-intensive anthraquinone process. M-N-C electrocatalysts, which consist of ato",题名/摘要包含合成、制备、表征、测试或实验-理论联合研究信息，按实验论文归类；其中计算部分视作机理支持。
E0486,Experimental,Mixed_or_unclear,N-doped graphene,CO2 reduction/conversion,Benchmarking a Molecular Flake Model on the Road to Programmable Graphene-Based Single-Atom Catalysts,The Journal of Physical Chemistry C,2024,American Chemical Society,10.1021/acs.jpcc.3c07681,https://doi.org/10.1021/acs.jpcc.3c07681,https://pubs.acs.org/doi/pdf/10.1021/acs.jpcc.3c07681,download_failed: HTTPError,,本文关注 Mixed_or_unclear 单原子位点在 N-doped graphene 等载体上的催化行为，主要应用于CO2 reduction/conversion。 文章以材料制备、结构表征和催化性能测试为核心，通常结合谱学/显微表征确认单原子分散。 摘要要点：Single-atom catalysts (SACs) of embedding an active metal in nitrogen-doped graphene are emergent catalytic materials in various applications. The rational design of efficient SACs necessitates an electronic and mechanistic understanding of those materials wit,题名/摘要包含合成、制备、表征、测试或实验-理论联合研究信息，按实验论文归类；其中计算部分视作机理支持。
E0487,Experimental,Mn; Fe,N-doped carbon,hydrogen evolution reaction,Bimetallic Single-Atom Nanozyme-Based Electrochemical-Photothermal Dual-Function Portable Immunoassay with Smartphone Imaging,Analytical Chemistry,2024,American Chemical Society,10.1021/acs.analchem.4c02606,https://doi.org/10.1021/acs.analchem.4c02606,https://pubs.acs.org/doi/pdf/10.1021/acs.analchem.4c02606,download_failed: HTTPError,,"本文关注 Mn, Fe 单原子位点在 N-doped carbon 等载体上的催化行为，主要应用于hydrogen evolution reaction。 文章以材料制备、结构表征和催化性能测试为核心，通常结合谱学/显微表征确认单原子分散。 摘要要点：Rapid and accurate detection of human epidermal growth factor receptor 2 (HER2) is crucial for the early diagnosis and prognosis of breast cancer. In this study, we reported an iron–manganese ion N-doped carbon single-atom catalyst (FeMn-NCetch/SAC) bimetallic",题名/摘要包含合成、制备、表征、测试或实验-理论联合研究信息，按实验论文归类；其中计算部分视作机理支持。
E0488,Experimental,V; Bi,N-doped carbon,hydrogen evolution reaction,Bismuth Single Atoms Regulated Graphite Felt Electrode Boosting High Power Density Vanadium Flow Batteries,Journal of the American Chemical Society,2024,American Chemical Society,10.1021/jacs.4c04951,https://doi.org/10.1021/jacs.4c04951,,no_open_pdf_in_metadata,,"本文关注 V, Bi 单原子位点在 N-doped carbon 等载体上的催化行为，主要应用于hydrogen evolution reaction。 文章以材料制备、结构表征和催化性能测试为核心，通常结合谱学/显微表征确认单原子分散。 摘要要点：Vanadium flow batteries (VFBs) are considered one of the most promising candidates for large-scale energy storage. However, VFBs suffer from relatively low power density due to severe electrochemical polarization. Herein, we report Bi single atoms supported by",题名/摘要包含合成、制备、表征、测试或实验-理论联合研究信息，按实验论文归类；其中计算部分视作机理支持。
E0489,Experimental,Re; In,carbon/other support,CO2 reduction/conversion,Boosted Sacrificial‐Agent‐Free Selective Photoreduction of CO 2 to CH 3 OH by Rhenium Atomically Dispersed on Indium Oxide,Angewandte Chemie International Edition,2024,Wiley,10.1002/anie.202402369,https://doi.org/10.1002/anie.202402369,https://onlinelibrary.wiley.com/doi/pdfdirect/10.1002/anie.202402369,download_failed: HTTPError,,"本文关注 Re, In 单原子位点在 carbon/other support 等载体上的催化行为，主要应用于CO2 reduction/conversion。 文章以材料制备、结构表征和催化性能测试为核心，通常结合谱学/显微表征确认单原子分散。 摘要要点：Abstract Solar‐energy‐driven photoreduction of CO 2 is promising in alleviating environment burden, but suffers from low efficiency and over‐reliance on sacrificial agents. Herein, rhenium (Re) is atomically dispersed in In 2 O 3 to fabricate a 2Re‐In 2 O 3 ph",识别到合成、表征、电化学/催化测试或 operando/in situ 等实验关键词；若含 DFT，则视作实验论文的机理支持。
E0490,Experimental,Re; In,carbon/other support,CO2 reduction/conversion,Boosted Sacrificial‐Agent‐Free Selective Photoreduction of CO 2 to CH 3 OH by Rhenium Atomically Dispersed on Indium Oxide,Angewandte Chemie,2024,Wiley,10.1002/ange.202402369,https://doi.org/10.1002/ange.202402369,https://onlinelibrary.wiley.com/doi/pdfdirect/10.1002/ange.202402369,download_failed: HTTPError,,"本文关注 Re, In 单原子位点在 carbon/other support 等载体上的催化行为，主要应用于CO2 reduction/conversion。 文章以材料制备、结构表征和催化性能测试为核心，通常结合谱学/显微表征确认单原子分散。 摘要要点：Abstract Solar‐energy‐driven photoreduction of CO 2 is promising in alleviating environment burden, but suffers from low efficiency and over‐reliance on sacrificial agents. Herein, rhenium (Re) is atomically dispersed in In 2 O 3 to fabricate a 2Re‐In 2 O 3 ph",识别到合成、表征、电化学/催化测试或 operando/in situ 等实验关键词；若含 DFT，则视作实验论文的机理支持。
E0491,Experimental,Zn,carbon/other support,hydrogen evolution reaction,Boosted hydrogen evolution kinetics of heteroatom-doped carbons with isolated Zn as an accelerant,Proceedings of the National Academy of Sciences,2024,National Academy of Sciences,10.1073/pnas.2315362121,https://doi.org/10.1073/pnas.2315362121,https://www.pnas.org/doi/pdf/10.1073/pnas.2315362121,download_failed: HTTPError,,"本文关注 Zn 单原子位点在 carbon/other support 等载体上的催化行为，主要应用于hydrogen evolution reaction。 文章以材料制备、结构表征和催化性能测试为核心，通常结合谱学/显微表征确认单原子分散。 摘要要点：Carbon-based single-atom catalysts, a promising candidate in electrocatalysis, offer insights into electron-donating effects of metal center on adjacent atoms. Herein, we present a practical strategy to rationally design a model catalyst with a single zinc (Zn",识别到合成、表征、电化学/催化测试或 operando/in situ 等实验关键词；若含 DFT，则视作实验论文的机理支持。
E0492,Experimental,Fe,carbon nitride,hydrogen evolution reaction,Boosting Electrochemiluminescence Performance of a Dual-Active Site Iron Single-Atom Catalyst-Based Luminol–Dissolved Oxygen System via Plasmon-Induced Hot Holes,Analytical Chemistry,2024,American Chemical Society,10.1021/acs.analchem.4c01744,https://doi.org/10.1021/acs.analchem.4c01744,,no_open_pdf_in_metadata,,"本文关注 Fe 单原子位点在 carbon nitride 等载体上的催化行为，主要应用于hydrogen evolution reaction。 文章以材料制备、结构表征和催化性能测试为核心，通常结合谱学/显微表征确认单原子分散。 摘要要点：Due to the commonly low content of biomarkers in diseases, increasing the sensitivity of electrochemiluminescence (ECL) systems is of great significance for in vitro ECL diagnosis and biodetection. Although dissolved O2 (DO) has recently been considered superi",题名/摘要包含合成、制备、表征、测试或实验-理论联合研究信息，按实验论文归类；其中计算部分视作机理支持。
E0493,Experimental,Ni,carbon/other support,oxygen reduction reaction,Boosting electrochemical oxygen reduction to hydrogen peroxide coupled with organic oxidation,Nature Communications,2024,Nature Portfolio,10.1038/s41467-024-50446-2,https://doi.org/10.1038/s41467-024-50446-2,https://www.nature.com/articles/s41467-024-50446-2.pdf,open_url_not_pdf,,"本文关注 Ni 单原子位点在 carbon/other support 等载体上的催化行为，主要应用于oxygen reduction reaction。 文章以材料制备、结构表征和催化性能测试为核心，通常结合谱学/显微表征确认单原子分散。 摘要要点：Abstract The electrochemical oxygen reduction reaction (ORR) to produce hydrogen peroxide (H 2 O 2 ) is appealing due to its sustainability. However, its efficiency is compromised by the competing 4e − ORR pathway. In this work, we report a hierarchical carbon",题名/摘要包含合成、制备、表征、测试或实验-理论联合研究信息，按实验论文归类；其中计算部分视作机理支持。
E0494,Experimental,Pt; Ce,carbon/other support,hydrogen evolution reaction,Bottom-Up Synthesis of Platinum Dual-Atom Catalysts on Cerium Oxide,ACS Catalysis,2024,American Chemical Society,10.1021/acscatal.4c01840,https://doi.org/10.1021/acscatal.4c01840,https://pubs.acs.org/doi/pdf/10.1021/acscatal.4c01840,download_failed: HTTPError,,"本文关注 Pt, Ce 单原子位点在 carbon/other support 等载体上的催化行为，主要应用于hydrogen evolution reaction。 文章以材料制备、结构表征和催化性能测试为核心，通常结合谱学/显微表征确认单原子分散。 摘要要点：We present here the synthesis and performance of dual-atom catalysts (DACs), analogous to well-known single-atom catalysts (SACs). DACs feature sites containing pairs of metal atoms and can outperform SACs due to their additional binding possibilities. Yet qua",题名/摘要包含合成、制备、表征、测试或实验-理论联合研究信息，按实验论文归类；其中计算部分视作机理支持。
E0495,Experimental,Cu,carbon/other support,CO2 reduction/conversion,CO Intermediate‐Assisted Dynamic Cu Sintering During Electrocatalytic CO 2 Reduction on Cu−N−C Catalysts,Angewandte Chemie International Edition,2024,Wiley,10.1002/anie.202404763,https://doi.org/10.1002/anie.202404763,https://onlinelibrary.wiley.com/doi/pdfdirect/10.1002/anie.202404763,download_failed: HTTPError,,"本文关注 Cu 单原子位点在 carbon/other support 等载体上的催化行为，主要应用于CO2 reduction/conversion。 文章以材料制备、结构表征和催化性能测试为核心，通常结合谱学/显微表征确认单原子分散。 摘要要点：Abstract The electrochemical CO 2 reduction reaction (eCO 2 RR) to multicarbon products has been widely recognized for Cu‐based catalysts. However, the structural changes in Cu‐based catalysts during the eCO 2 RR pose challenges to achieving an in‐depth unders",题名/摘要包含合成、制备、表征、测试或实验-理论联合研究信息，按实验论文归类；其中计算部分视作机理支持。
E0496,Experimental,Ru; Pt,carbon/other support,hydrogen evolution reaction,Carbon-Promoted Pt-Single Atoms Anchored on RuO 2 Nanorods to Boost Electrochemical Hydrogen Evolution,ACS Applied Materials & Interfaces,2024,American Chemical Society,10.1021/acsami.4c06033,https://doi.org/10.1021/acsami.4c06033,https://pubs.acs.org/doi/pdf/10.1021/acsami.4c06033,download_failed: HTTPError,,"本文关注 Ru, Pt 单原子位点在 carbon/other support 等载体上的催化行为，主要应用于hydrogen evolution reaction。 文章以材料制备、结构表征和催化性能测试为核心，通常结合谱学/显微表征确认单原子分散。 摘要要点：While efficient for electrochemical hydrogen evolution reaction (HER), Pt is limited by its cost and rarity. Traditional Pt catalysts and Pt single-atom (aPt) catalysts (Pt-SACs) face challenges in maintaining kinetically favorable HER pathways (Volmer–Tafel)",识别到合成、表征、电化学/催化测试或 operando/in situ 等实验关键词；若含 DFT，则视作实验论文的机理支持。
E0497,Experimental,Rh,graphene,catalysis,Catalytic kinetic growth of a half-metallic hexagonal boron nitride-graphene lateral heterostructure using transition metal single-atom catalysts on Rh(111),Journal of Materials Chemistry A,2024,Royal Society of Chemistry,10.1039/d4ta05741d,https://doi.org/10.1039/d4ta05741d,,no_open_pdf_in_metadata,,"本文关注 Rh 单原子位点在 graphene 等载体上的催化行为，主要应用于catalysis。 文章以材料制备、结构表征和催化性能测试为核心，通常结合谱学/显微表征确认单原子分散。 摘要要点：Transition metal single-atom catalysts (TM = Mn, Zr, Nb, Mo, Hf, Ta, and W) promote growth of a h-BN-G heterostructure on C-dimer-unpreferred Rh(111).",识别到合成、表征、电化学/催化测试或 operando/in situ 等实验关键词；若含 DFT，则视作实验论文的机理支持。
E0498,Experimental,Mixed_or_unclear,carbon/other support,hydrogen evolution reaction,Cohesive energy discrepancy drives the fabrication of multimetallic atomically dispersed materials for hydrogen evolution reaction,Nature Communications,2024,Nature Portfolio,10.1038/s41467-024-52520-1,https://doi.org/10.1038/s41467-024-52520-1,https://www.nature.com/articles/s41467-024-52520-1.pdf,open_url_not_pdf,,本文关注 Mixed_or_unclear 单原子位点在 carbon/other support 等载体上的催化行为，主要应用于hydrogen evolution reaction。 文章以材料制备、结构表征和催化性能测试为核心，通常结合谱学/显微表征确认单原子分散。 摘要要点：Atomically dispersed single atom (SA) and atomic cluster (AC) metallic materials attract tremendous attentions in various fields. Expanding monometallic SA and AC to multimetallic SA/AC composites opens vast scientific and technological potentials yet exponent,题名/摘要包含合成、制备、表征、测试或实验-理论联合研究信息，按实验论文归类；其中计算部分视作机理支持。
E0499,Experimental,Co; Pd,carbon/other support,hydrogen evolution reaction,Combination of nanoparticles with single-metal sites synergistically boosts co-catalyzed formic acid dehydrogenation,Nature Communications,2024,Nature Portfolio,10.1038/s41467-024-52517-w,https://doi.org/10.1038/s41467-024-52517-w,https://www.nature.com/articles/s41467-024-52517-w.pdf,open_url_not_pdf,,"本文关注 Co, Pd 单原子位点在 carbon/other support 等载体上的催化行为，主要应用于hydrogen evolution reaction。 文章以材料制备、结构表征和催化性能测试为核心，通常结合谱学/显微表征确认单原子分散。 摘要要点：The development of hydrogen technologies is at the heart of a green economy. As prerequisite for implementation of hydrogen storage, active and stable catalysts for (de)hydrogenation reactions are needed. So far, the use of precious metals associated with expe",识别到合成、表征、电化学/催化测试或 operando/in situ 等实验关键词；若含 DFT，则视作实验论文的机理支持。
E0500,Experimental,Cu,graphene,hydrogen evolution reaction,Constructing Nitrogen‐Coordinated Single Atom Catalysts via Bond‐Plucking Strategy for Oxidation of Benzene,Small,2024,Wiley,10.1002/smll.202407804,https://doi.org/10.1002/smll.202407804,https://onlinelibrary.wiley.com/doi/pdfdirect/10.1002/smll.202407804,download_failed: HTTPError,,本文关注 Cu 单原子位点在 graphene 等载体上的催化行为，主要应用于hydrogen evolution reaction。 文章以材料制备、结构表征和催化性能测试为核心，通常结合谱学/显微表征确认单原子分散。 摘要要点：Abstract Single‐atom catalysts (SACs) with nitrogen‐coordinated active centers feature unique electronic and geometric structures and thus show high catalytic activity for various industrial reactions. Searching for operable synthesis protocols to accurately d,识别到合成、表征、电化学/催化测试或 operando/in situ 等实验关键词；若含 DFT，则视作实验论文的机理支持。
E0501,Experimental,Pd,g-C3N4,hydrogen evolution reaction,Constructing a Highly Active Pd Atomically Dispersed Catalyst for Cinnamaldehyde Hydrogenation: Synergistic Catalysis between Pd–N 3 Single Atoms and Fully Exposed Pd Clusters,ACS Catalysis,2024,American Chemical Society,10.1021/acscatal.3c05883,https://doi.org/10.1021/acscatal.3c05883,,no_open_pdf_in_metadata,,"本文关注 Pd 单原子位点在 g-C3N4 等载体上的催化行为，主要应用于hydrogen evolution reaction。 文章以材料制备、结构表征和催化性能测试为核心，通常结合谱学/显微表征确认单原子分散。 摘要要点：Fabricating highly active catalysts with fully exposed metal atoms is necessary to greatly enhance the catalytic efficiency of selective hydrogenation. Here, we precisely constructed a carbon-nitride-nanosheet-supported fully exposed Pd atomically dispersed ca",识别到合成、表征、电化学/催化测试或 operando/in situ 等实验关键词；若含 DFT，则视作实验论文的机理支持。
E0502,Experimental,Mixed_or_unclear,carbon/other support,oxygen reduction reaction,Constructing sulfur and oxygen super-coordinated main-group electrocatalysts for selective and cumulative H2O2 production,Nature Communications,2024,Nature Portfolio,10.1038/s41467-023-44585-1,https://doi.org/10.1038/s41467-023-44585-1,https://www.nature.com/articles/s41467-023-44585-1.pdf,open_url_not_pdf,,"本文关注 Mixed_or_unclear 单原子位点在 carbon/other support 等载体上的催化行为，主要应用于oxygen reduction reaction。 文章以材料制备、结构表征和催化性能测试为核心，通常结合谱学/显微表征确认单原子分散。 摘要要点：Abstract Direct electrosynthesis of hydrogen peroxide (H 2 O 2 ) via the two-electron oxygen reduction reaction presents a burgeoning alternative to the conventional energy-intensive anthraquinone process for on-site applications. Nevertheless, its adoption is",题名/摘要包含合成、制备、表征、测试或实验-理论联合研究信息，按实验论文归类；其中计算部分视作机理支持。
E0503,Experimental,Fe; Sn,carbon/other support,oxygen reduction reaction,Cooperative Atomically Dispersed Fe–N 4 and Sn–N x Moieties for Durable and More Active Oxygen Electroreduction in Fuel Cells,Journal of the American Chemical Society,2024,American Chemical Society,10.1021/jacs.4c11121,https://doi.org/10.1021/jacs.4c11121,,no_open_pdf_in_metadata,,"本文关注 Fe, Sn 单原子位点在 carbon/other support 等载体上的催化行为，主要应用于oxygen reduction reaction。 文章以材料制备、结构表征和催化性能测试为核心，通常结合谱学/显微表征确认单原子分散。 摘要要点：One grand challenge for deploying porous carbons with embedded metal–nitrogen–carbon (M–N–C) moieties as platinum group metal (PGM)-free electrocatalysts in proton-exchange membrane fuel cells is their fast degradation and inferior activity. Here, we report th",题名/摘要包含合成、制备、表征、测试或实验-理论联合研究信息，按实验论文归类；其中计算部分视作机理支持。
E0504,Experimental,Pt,carbon/other support,hydrogen evolution reaction,Coordination Environment and Distance Optimization of Dual Single Atoms on Fluorine‐Doped Carbon Nanotubes for Chlorine Evolution Reaction,Angewandte Chemie International Edition,2024,Wiley,10.1002/anie.202406273,https://doi.org/10.1002/anie.202406273,https://onlinelibrary.wiley.com/doi/pdfdirect/10.1002/anie.202406273,download_failed: HTTPError,,本文关注 Pt 单原子位点在 carbon/other support 等载体上的催化行为，主要应用于hydrogen evolution reaction。 文章以材料制备、结构表征和催化性能测试为核心，通常结合谱学/显微表征确认单原子分散。 摘要要点：Abstract The chlorine evolution reaction (CER) is a crucial anode reaction in the chlor‐alkali industrial process. Precious metal‐based dimensionally stable anodes (DSA) are commonly used as catalysts for CER but are constrained by their high cost and low sele,题名/摘要包含合成、制备、表征、测试或实验-理论联合研究信息，按实验论文归类；其中计算部分视作机理支持。
E0505,Experimental,Ni,carbon/other support,oxygen reduction reaction,Coupling Ni Single Atomic Sites with Metallic Aggregates at Adjacent Geometry on Carbon Support for Efficient Hydrogen Peroxide Electrosynthesis,Advanced Science,2024,Wiley,10.1002/advs.202402240,https://doi.org/10.1002/advs.202402240,https://onlinelibrary.wiley.com/doi/pdfdirect/10.1002/advs.202402240,download_failed: HTTPError,,"本文关注 Ni 单原子位点在 carbon/other support 等载体上的催化行为，主要应用于oxygen reduction reaction。 文章以材料制备、结构表征和催化性能测试为核心，通常结合谱学/显微表征确认单原子分散。 摘要要点：Abstract Single atomic catalysts have shown great potential in efficiently electro‐converting O 2 to H 2 O 2 with high selectivity. However, the impact of coordination environment and introduction of extra metallic aggregates on catalytic performance still rem",题名/摘要包含合成、制备、表征、测试或实验-理论联合研究信息，按实验论文归类；其中计算部分视作机理支持。
E0506,Experimental,Au,carbon nitride,hydrogen evolution reaction,Cryo‐Electrochemical Deposition of Gold Single Atoms on G ‐C 3 N 4 for Photoelectrochemical Water Reduction,Advanced Functional Materials,2024,Wiley,10.1002/adfm.202418055,https://doi.org/10.1002/adfm.202418055,,no_open_pdf_in_metadata,,"本文关注 Au 单原子位点在 carbon nitride 等载体上的催化行为，主要应用于hydrogen evolution reaction。 文章以材料制备、结构表征和催化性能测试为核心，通常结合谱学/显微表征确认单原子分散。 摘要要点：Abstract The pursuit of sustainable energy has intensified the exploration of hydrogen as a clean energy carrier, with photoelectrocatalytic water reduction emerging as a green approach to harness solar energy. Graphitic carbon nitride ( g ‐C 3 N 4 ), recogniz",题名/摘要包含合成、制备、表征、测试或实验-理论联合研究信息，按实验论文归类；其中计算部分视作机理支持。
E0507,Experimental,Ni; Zn,carbon/other support,CO2 reduction/conversion,Crystallographically vacancy‐induced MOF nanosheet as rational single‐atom support for accelerating CO 2 electroreduction to CO,Carbon Energy,2024,Wiley,10.1002/cey2.510,https://doi.org/10.1002/cey2.510,https://onlinelibrary.wiley.com/doi/pdfdirect/10.1002/cey2.510,download_failed: HTTPError,,"本文关注 Ni, Zn 单原子位点在 carbon/other support 等载体上的催化行为，主要应用于CO2 reduction/conversion。 文章以材料制备、结构表征和催化性能测试为核心，通常结合谱学/显微表征确认单原子分散。 摘要要点：Abstract To attain a circular carbon economy and resolve CO 2 electroreduction technology obstacles, single‐atom catalysts (SACs) have emerged as a logical option for electrocatalysis because of their extraordinary catalytic activity. Among SACs, metal–organic",题名/摘要包含合成、制备、表征、测试或实验-理论联合研究信息，按实验论文归类；其中计算部分视作机理支持。
E0508,Experimental,Cu,carbon nitride,hydrogen evolution reaction,Cu Single-Atom Nanozyme-Mediated Electrochemiluminescence Biosensor for Highly Sensitive Detection of MicroRNA-622,Analytical Chemistry,2024,American Chemical Society,10.1021/acs.analchem.4c02514,https://doi.org/10.1021/acs.analchem.4c02514,,no_open_pdf_in_metadata,,"本文关注 Cu 单原子位点在 carbon nitride 等载体上的催化行为，主要应用于hydrogen evolution reaction。 文章以材料制备、结构表征和催化性能测试为核心，通常结合谱学/显微表征确认单原子分散。 摘要要点：MicroRNA (miRNA) detection is a critical aspect of disease diagnosis, and recent studies indicate that miRNA-622 could be a potential target for lung cancer. Herein, Cu single atoms were anchored on graphitic carbon nitride (Cu SAs@CN) as a coreaction accelera",题名/摘要包含合成、制备、表征、测试或实验-理论联合研究信息，按实验论文归类；其中计算部分视作机理支持。
E0509,Experimental,Mixed_or_unclear,carbon/other support,hydrogen evolution reaction,Curvature-switched activity of carbon nanotube-supported single atom catalysts for the hydrogen evolution reaction,Journal of Materials Chemistry A,2024,Royal Society of Chemistry,10.1039/d4ta01719f,https://doi.org/10.1039/d4ta01719f,https://pubs.rsc.org/en/content/articlepdf/2024/ta/d4ta01719f,downloaded_open_access_pdf,Experimental/Mixed_or_unclear/pdfs/E0509_Curvature-switched_activity_of_carbon_nanotube-supported_single_atom_catalysts_for_the_hyd.pdf,本文关注 Mixed_or_unclear 单原子位点在 carbon/other support 等载体上的催化行为，主要应用于hydrogen evolution reaction。 文章以材料制备、结构表征和催化性能测试为核心，通常结合谱学/显微表征确认单原子分散。 摘要要点：The hydrogen evolution reaction (HER) is an essential process for hydrogen production through water splitting.,识别到合成、表征、电化学/催化测试或 operando/in situ 等实验关键词；若含 DFT，则视作实验论文的机理支持。
E0510,Experimental,Co,carbon nitride,hydrogen evolution reaction,Curved Surface of Graphitic Carbon Nitride Boosting Cyclohexane Oxidation over Single-Atom Catalysts,ACS Applied Nano Materials,2024,American Chemical Society,10.1021/acsanm.4c01538,https://doi.org/10.1021/acsanm.4c01538,,no_open_pdf_in_metadata,,"本文关注 Co 单原子位点在 carbon nitride 等载体上的催化行为，主要应用于hydrogen evolution reaction。 文章以材料制备、结构表征和催化性能测试为核心，通常结合谱学/显微表征确认单原子分散。 摘要要点：Although single metal sites on graphitic carbon nitride (g-C3N4) are extensively employed in the catalysis field, the related study is based on the flat g-C3N4 surface model, which is far beyond the reality of the curved structure involved in g-C3N4. Herein, g",题名/摘要包含合成、制备、表征、测试或实验-理论联合研究信息，按实验论文归类；其中计算部分视作机理支持。
E0511,Experimental,W,N-doped graphene,oxygen reduction reaction,Demystifying Synergistic Multifunctional Electrocatalysis of N-Doped Graphene/WS 2 Heterostructure with Single-Atom Catalysts for Water Splitting and Fuel Cells,ACS Applied Materials & Interfaces,2024,American Chemical Society,10.1021/acsami.4c16119,https://doi.org/10.1021/acsami.4c16119,,no_open_pdf_in_metadata,,"本文关注 W 单原子位点在 N-doped graphene 等载体上的催化行为，主要应用于oxygen reduction reaction。 文章以材料制备、结构表征和催化性能测试为核心，通常结合谱学/显微表征确认单原子分散。 摘要要点：As the demand for sustainable energy continues to rise, electrocatalysis has become increasingly prominent in the advancement of clean energy technologies. By scrutinizing the material to function as a multifunctional catalyst, the effectiveness of energy conv",题名/摘要包含合成、制备、表征、测试或实验-理论联合研究信息，按实验论文归类；其中计算部分视作机理支持。
E0512,Experimental,V; Mo; W; Re,carbon nitride,oxygen reduction reaction,Design of Single‐Atom Catalysts on C 5 N 2 for Nitrogen Fixation at Ambient Conditions: A First‐Principles Study,Chemistry - A European Journal,2024,Wiley,10.1002/chem.202401675,https://doi.org/10.1002/chem.202401675,,no_open_pdf_in_metadata,,"本文关注 V, Mo, W, Re 单原子位点在 carbon nitride 等载体上的催化行为，主要应用于oxygen reduction reaction。 文章以材料制备、结构表征和催化性能测试为核心，通常结合谱学/显微表征确认单原子分散。 摘要要点：Abstract Single atom catalysts (SACs) exhibit the flexible coordination structure of the active site and high utilization of active atoms, making them promising candidates for nitrogen reduction reaction (NRR) under ambient conditions. By the aid of first‐prin",题名/摘要包含合成、制备、表征、测试或实验-理论联合研究信息，按实验论文归类；其中计算部分视作机理支持。
E0513,Experimental,Fe,carbon/other support,hydrogen evolution reaction,Designing a Novel C 3 ‐Fe‐N Interface Local Coordination Microenvironment for Efficient Electrocatalytic Water Splitting,Small,2024,Wiley,10.1002/smll.202406658,https://doi.org/10.1002/smll.202406658,https://onlinelibrary.wiley.com/doi/pdfdirect/10.1002/smll.202406658,download_failed: HTTPError,,"本文关注 Fe 单原子位点在 carbon/other support 等载体上的催化行为，主要应用于hydrogen evolution reaction。 文章以材料制备、结构表征和催化性能测试为核心，通常结合谱学/显微表征确认单原子分散。 摘要要点：Abstract Developing single‐atomic electrocatalysts (SACs) with high activity and stability for electrocatalytic water‐splitting has been challenging. Moreover, the practical utilization of SACs is still far from meeting the the theoretical prediction. Herein a",识别到合成、表征、电化学/催化测试或 operando/in situ 等实验关键词；若含 DFT，则视作实验论文的机理支持。
E0514,Experimental,Fe,carbon/other support,hydrogen evolution reaction,Development of Iron‐Based Single Atom Materials for General and Efficient Synthesis of Amines,Angewandte Chemie International Edition,2024,Wiley,10.1002/anie.202407859,https://doi.org/10.1002/anie.202407859,,no_open_pdf_in_metadata,,"本文关注 Fe 单原子位点在 carbon/other support 等载体上的催化行为，主要应用于hydrogen evolution reaction。 文章以材料制备、结构表征和催化性能测试为核心，通常结合谱学/显微表征确认单原子分散。 摘要要点：Abstract Earth abundant metal‐based heterogeneous catalysts with highly active and at the same time stable isolated metal sites constitute a key factor for the advancement of sustainable and cost‐effective chemical synthesis. In particular, the development of",题名/摘要包含合成、制备、表征、测试或实验-理论联合研究信息，按实验论文归类；其中计算部分视作机理支持。
E0515,Experimental,Fe; Zn,carbon/other support,oxygen reduction reaction,Dual Fe/I Single‐Atom Electrocatalyst for High‐Performance Oxygen Reduction and Wide‐Temperature Quasi‐Solid‐State Zn‐Air Batteries,Advanced Materials,2024,,10.1002/adma.202412978,https://doi.org/10.1002/adma.202412978,https://onlinelibrary.wiley.com/doi/pdfdirect/10.1002/adma.202412978,download_failed: HTTPError,,"本文关注 Fe, Zn 单原子位点在 carbon/other support 等载体上的催化行为，主要应用于oxygen reduction reaction。 文章以材料制备、结构表征和催化性能测试为核心，通常结合谱学/显微表征确认单原子分散。 摘要要点：Abstract Oxygen reduction reaction (ORR) electrocatalysts are essential for widespread application of quasi‐solid‐state Zn‐air batteries (ZABs), but the well‐known Fe‐N‐C single‐atom catalysts (SACs) suffer from low activity and stability because of unfavorabl",题名/摘要包含合成、制备、表征、测试或实验-理论联合研究信息，按实验论文归类；其中计算部分视作机理支持。
E0516,Experimental,Fe; Cu,graphene,oxygen reduction reaction,Dual single-atom sites coupled with graphene-encapsulated core–shell Fe–Cu nanoalloy for boosting the oxygen reduction reaction,Journal of Materials Chemistry A,2024,Royal Society of Chemistry,10.1039/d4ta05015k,https://doi.org/10.1039/d4ta05015k,,no_open_pdf_in_metadata,,"本文关注 Fe, Cu 单原子位点在 graphene 等载体上的催化行为，主要应用于oxygen reduction reaction。 文章以材料制备、结构表征和催化性能测试为核心，通常结合谱学/显微表征确认单原子分散。 摘要要点：The strategic integration of Cu–N x sites and graphene-encapsulated Fe–Cu core–shell nanoalloys near Fe–N x sites significantly enhances the performance of Fe single-atom catalysts for the oxygen reduction reaction.",识别到合成、表征、电化学/催化测试或 operando/in situ 等实验关键词；若含 DFT，则视作实验论文的机理支持。
E0517,Experimental,V; Co; Zn; Pt,carbon/other support,oxygen reduction reaction,Dual-axial engineering on atomically dispersed catalysts for ultrastable oxygen reduction in acidic and alkaline solutions,Proceedings of the National Academy of Sciences,2024,National Academy of Sciences,10.1073/pnas.2318174121,https://doi.org/10.1073/pnas.2318174121,https://www.pnas.org/doi/pdf/10.1073/pnas.2318174121,download_failed: HTTPError,,"本文关注 V, Co, Zn, Pt 单原子位点在 carbon/other support 等载体上的催化行为，主要应用于oxygen reduction reaction。 文章以材料制备、结构表征和催化性能测试为核心，通常结合谱学/显微表征确认单原子分散。 摘要要点：Atomically dispersed catalysts are a promising alternative to platinum group metal catalysts for catalyzing the oxygen reduction reaction (ORR), while limited durability during the electrocatalytic process severely restricts their practical application. Here,",题名/摘要包含合成、制备、表征、测试或实验-理论联合研究信息，按实验论文归类；其中计算部分视作机理支持。
E0518,Experimental,Co,carbon/other support,hydrogen evolution reaction,Efficient Atomically Dispersed Co/N‐C Catalysts for Formic Acid Dehydrogenation and Transfer Hydrodeoxygenation of Vanillin,ChemSusChem,2024,Wiley,10.1002/cssc.202300871,https://doi.org/10.1002/cssc.202300871,https://onlinelibrary.wiley.com/doi/pdfdirect/10.1002/cssc.202300871,download_failed: HTTPError,,"本文关注 Co 单原子位点在 carbon/other support 等载体上的催化行为，主要应用于hydrogen evolution reaction。 文章以材料制备、结构表征和催化性能测试为核心，通常结合谱学/显微表征确认单原子分散。 摘要要点：Abstract Atomically dispersed catalysts have gained considerable attention due to their unique properties and high efficiency in various catalytic reactions. Herein, a series of Co/N‐doped carbon (N‐C) catalysts was prepared using a metal‐lignin coordination s",题名/摘要包含合成、制备、表征、测试或实验-理论联合研究信息，按实验论文归类；其中计算部分视作机理支持。
E0519,Experimental,Ni,carbon/other support,CO2 reduction/conversion,Electronic Regulation on Ni‐based Catalysts for Efficient CO 2 Electroreduction,ChemElectroChem,2024,Wiley,10.1002/celc.202300800,https://doi.org/10.1002/celc.202300800,https://onlinelibrary.wiley.com/doi/pdfdirect/10.1002/celc.202300800,download_failed: HTTPError,,"本文关注 Ni 单原子位点在 carbon/other support 等载体上的催化行为，主要应用于CO2 reduction/conversion。 文章以材料制备、结构表征和催化性能测试为核心，通常结合谱学/显微表征确认单原子分散。 摘要要点：Abstract Green power‐driven CO 2 electroreduction using earth‐abundant Ni‐based catalysts is a highly promising approach to fulfill renewable energy storage and a negative carbon cycle. However, metallic Ni nanoparticles and clusters always show severe hydroge",题名/摘要包含合成、制备、表征、测试或实验-理论联合研究信息，按实验论文归类；其中计算部分视作机理支持。
E0520,Experimental,Ti,carbon/other support,CO2 reduction/conversion,Electronic regulation of single-atomic Ti sites on metal hydroxide for boosting photocatalytic CO 2 reduction,Chemical Science,2024,Royal Society of Chemistry,10.1039/d4sc07257j,https://doi.org/10.1039/d4sc07257j,https://pubs.rsc.org/en/content/articlepdf/2025/sc/d4sc07257j,downloaded_open_access_pdf,Experimental/Ti/pdfs/E0520_Electronic_regulation_of_single-atomic_Ti_sites_on_metal_hydroxide_for_boosting_photocatal.pdf,"本文关注 Ti 单原子位点在 carbon/other support 等载体上的催化行为，主要应用于CO2 reduction/conversion。 文章以材料制备、结构表征和催化性能测试为核心，通常结合谱学/显微表征确认单原子分散。 摘要要点：characterization, the enhancement of photocatalytic performance can be attributed to the regulation of the electronic structure by the introduction of atomically dispersed Ti sites, leading to stronger binding with intermediates and enhanced charge transfer.",识别到合成、表征、电化学/催化测试或 operando/in situ 等实验关键词；若含 DFT，则视作实验论文的机理支持。
E0521,Experimental,Fe,carbon/other support,oxygen reduction reaction,Elucidating Template‐To‐Precursor Interactions for Synthesizing Highly Active Single Atomic Fe─N─C Electrocatalysts for the Oxygen Reduction Reaction,International Journal of Energy Research,2024,Wiley,10.1155/2024/8714253,https://doi.org/10.1155/2024/8714253,https://onlinelibrary.wiley.com/doi/pdfdirect/10.1155/2024/8714253,download_failed: HTTPError,,"本文关注 Fe 单原子位点在 carbon/other support 等载体上的催化行为，主要应用于oxygen reduction reaction。 文章以材料制备、结构表征和催化性能测试为核心，通常结合谱学/显微表征确认单原子分散。 摘要要点：Iron‐ and nitrogen‐doped carbon (Fe─N─C) catalysts have garnered attention owing to their high oxygen reduction reaction (ORR) activity, which is comparable to that of Pt/C catalysts. Among the various methods for designing Fe─N─C catalysts, the use of templat",题名/摘要包含合成、制备、表征、测试或实验-理论联合研究信息，按实验论文归类；其中计算部分视作机理支持。
E0522,Experimental,Zn,N-doped carbon,hydrogen evolution reaction,Enable biomass-derived alcohols mediated alkylation and transfer hydrogenation,Nature Communications,2024,Nature Portfolio,10.1038/s41467-024-51307-8,https://doi.org/10.1038/s41467-024-51307-8,https://www.nature.com/articles/s41467-024-51307-8.pdf,open_url_not_pdf,,"本文关注 Zn 单原子位点在 N-doped carbon 等载体上的催化行为，主要应用于hydrogen evolution reaction。 文章以材料制备、结构表征和催化性能测试为核心，通常结合谱学/显微表征确认单原子分散。 摘要要点：A single-atom catalyst with generally regarded inert Zn–N4 motifs derived from ZIF-8 is unexpectedly efficient for the activation of alcohols, enabling alcohol-mediated alkylation and transfer hydrogenation. C-alkylation of nitriles, ketones, alcohols, N-heter",题名/摘要包含合成、制备、表征、测试或实验-理论联合研究信息，按实验论文归类；其中计算部分视作机理支持。
E0523,Experimental,Zn,carbon/other support,hydrogen evolution reaction,Engineering Lewis‐Acid Defects on ZnO Quantum Dots by Trace Transition‐Metal Single Atoms for High Glycerol‐to‐Glycerol Carbonate Conversion,Small,2024,Wiley,10.1002/smll.202403661,https://doi.org/10.1002/smll.202403661,https://onlinelibrary.wiley.com/doi/pdfdirect/10.1002/smll.202403661,download_failed: HTTPError,,"本文关注 Zn 单原子位点在 carbon/other support 等载体上的催化行为，主要应用于hydrogen evolution reaction。 文章以材料制备、结构表征和催化性能测试为核心，通常结合谱学/显微表征确认单原子分散。 摘要要点：Abstract Efficient conversion of biomass wastes into valuable chemicals has been regarded as a sustainable approach for green and circular economy. Herein, a highly efficient catalytic conversion of glycerol (Gly) into glycerol carbonate (GlyC) by carbonylatio",识别到合成、表征、电化学/催化测试或 operando/in situ 等实验关键词；若含 DFT，则视作实验论文的机理支持。
E0524,Experimental,Co,carbon nitride,hydrogen evolution reaction,Enhanced Charge Separation in Single Atom Cobalt Based Graphitic Carbon Nitride: Time Domain Ab Initio Analysis,The Journal of Physical Chemistry Letters,2024,American Chemical Society,10.1021/acs.jpclett.3c03621,https://doi.org/10.1021/acs.jpclett.3c03621,https://pubs.acs.org/doi/pdf/10.1021/acs.jpclett.3c03621,download_failed: HTTPError,,"本文关注 Co 单原子位点在 carbon nitride 等载体上的催化行为，主要应用于hydrogen evolution reaction。 文章以材料制备、结构表征和催化性能测试为核心，通常结合谱学/显微表征确认单原子分散。 摘要要点：In recent years, single atom catalysts have been at the forefront of energy conversion research, particularly in the field of catalysis. Carbon nitrides offer great potential as hosts for stabilizing metal atoms due to their unique electronic structure. We use",题名/摘要包含合成、制备、表征、测试或实验-理论联合研究信息，按实验论文归类；其中计算部分视作机理支持。
E0525,Experimental,Fe,graphene oxide,oxygen reduction reaction,FeN 4 S 1 Single-Atom Sites Anchored on Three-Dimensional Porous Carbon for Highly Efficient and Durable Oxygen Electrocatalysis,ACS Nano,2024,American Chemical Society,10.1021/acsnano.4c15410,https://doi.org/10.1021/acsnano.4c15410,,no_open_pdf_in_metadata,,"本文关注 Fe 单原子位点在 graphene oxide 等载体上的催化行为，主要应用于oxygen reduction reaction。 文章以材料制备、结构表征和催化性能测试为核心，通常结合谱学/显微表征确认单原子分散。 摘要要点：Precisely designing asymmetric active centers and exploring their electronic regulation effects to prepare efficient bifunctional single-atom catalysts (SACs) is important for boosting the practical applications of zinc–air batteries (ZABs). Herein, an effecti",识别到合成、表征、电化学/催化测试或 operando/in situ 等实验关键词；若含 DFT，则视作实验论文的机理支持。
E0526,Experimental,V; Fe,carbon/other support,oxygen reduction reaction,General Pyrolysis for High-Loading Transition Metal Single Atoms on 2D-Nitro-Oxygeneous Carbon as Efficient ORR Electrocatalysts,ACS Applied Materials & Interfaces,2024,American Chemical Society,10.1021/acsami.3c18548,https://doi.org/10.1021/acsami.3c18548,https://pmc.ncbi.nlm.nih.gov/articles/PMC10910467/pdf/am3c18548.pdf,open_url_not_pdf,,"本文关注 V, Fe 单原子位点在 carbon/other support 等载体上的催化行为，主要应用于oxygen reduction reaction。 文章以材料制备、结构表征和催化性能测试为核心，通常结合谱学/显微表征确认单原子分散。 摘要要点：Single-atom catalysts (SACs) possess the potential to involve the merits of both homogeneous and heterogeneous catalysts altogether and thus have gained considerable attention. However, the large-scale synthesis of SACs with rich isolate-metal sites by simple",题名/摘要包含合成、制备、表征、测试或实验-理论联合研究信息，按实验论文归类；其中计算部分视作机理支持。
E0527,Experimental,Pt; In,carbon nitride,oxygen reduction reaction,General negative pressure annealing approach for creating ultra-high-loading single atom catalyst libraries,Nature Communications,2024,Nature Portfolio,10.1038/s41467-024-50061-1,https://doi.org/10.1038/s41467-024-50061-1,https://www.nature.com/articles/s41467-024-50061-1.pdf,open_url_not_pdf,,"本文关注 Pt, In 单原子位点在 carbon nitride 等载体上的催化行为，主要应用于oxygen reduction reaction。 文章以材料制备、结构表征和催化性能测试为核心，通常结合谱学/显微表征确认单原子分散。 摘要要点：Catalyst systems populated by high-density single atoms are crucial for improving catalytic activity and selectivity, which can potentially maximize the industrial prospects of heterogeneous single-atom catalysts (SACs). However, achieving high-loading SACs wi",题名/摘要包含合成、制备、表征、测试或实验-理论联合研究信息，按实验论文归类；其中计算部分视作机理支持。
E0528,Experimental,Rh,carbon/other support,hydrogen evolution reaction,Heterogeneous Rhodium Single-Atom-Site Catalyst Enables Chemoselective Carbene N–H Bond Insertion,Journal of the American Chemical Society,2024,American Chemical Society,10.1021/jacs.4c01408,https://doi.org/10.1021/jacs.4c01408,https://pubs.acs.org/doi/pdf/10.1021/jacs.4c01408,download_failed: HTTPError,,本文关注 Rh 单原子位点在 carbon/other support 等载体上的催化行为，主要应用于hydrogen evolution reaction。 文章以材料制备、结构表征和催化性能测试为核心，通常结合谱学/显微表征确认单原子分散。 摘要要点：Transition-metal-catalyzed carbene insertion reactions of a nitrogen–hydrogen bond have emerged as robust and versatile methods for the construction of C–N bonds. While significant progress of homogeneous catalytic metal carbene N–H insertions has been achieve,题名/摘要包含合成、制备、表征、测试或实验-理论联合研究信息，按实验论文归类；其中计算部分视作机理支持。
E0529,Experimental,Ni,N-doped carbon,CO2 reduction/conversion,Hybridization State Transition under Working Conditions: Activity Origin of Single-Atom Catalysts,Journal of the American Chemical Society,2024,American Chemical Society,10.1021/jacs.4c05630,https://doi.org/10.1021/jacs.4c05630,,no_open_pdf_in_metadata,,"本文关注 Ni 单原子位点在 N-doped carbon 等载体上的催化行为，主要应用于CO2 reduction/conversion。 文章以材料制备、结构表征和催化性能测试为核心，通常结合谱学/显微表征确认单原子分散。 摘要要点：Single-atom catalysts (SACs) have been widely investigated and have emerged as a transformative approach in electrocatalysis. Despite their clear structure, the origin of their exceptional activity remains elusive. Herein, we elucidate a common phenomenon of t",识别到合成、表征、电化学/催化测试或 operando/in situ 等实验关键词；若含 DFT，则视作实验论文的机理支持。
E0530,Experimental,Ni,carbon/other support,CO2 reduction/conversion,In Situ Modulated Nickel Single Atoms on Bicontinuous Porous Carbon Fibers and Sheets Networks for Acidic CO 2 Reduction,Advanced Materials,2024,,10.1002/adma.202416337,https://doi.org/10.1002/adma.202416337,https://onlinelibrary.wiley.com/doi/pdfdirect/10.1002/adma.202416337,download_failed: HTTPError,,"本文关注 Ni 单原子位点在 carbon/other support 等载体上的催化行为，主要应用于CO2 reduction/conversion。 文章以材料制备、结构表征和催化性能测试为核心，通常结合谱学/显微表征确认单原子分散。 摘要要点：Abstract Carbon‐supported single‐atom catalysts exhibit exceptional properties in acidic CO 2 reduction. However, traditional carbon supports fall short in building high‐site‐utilization and CO 2 ‐rich interfacial environments, and the structural evolution of",识别到合成、表征、电化学/催化测试或 operando/in situ 等实验关键词；若含 DFT，则视作实验论文的机理支持。
E0531,Experimental,Ru; Pd; Pt,carbon/other support,hydrogen evolution reaction,In situ electrochemical synthesis of atomically dispersed metal sites for efficient hydrogen evolution reaction,SusMat,2024,Wiley,10.1002/sus2.246,https://doi.org/10.1002/sus2.246,https://onlinelibrary.wiley.com/doi/pdfdirect/10.1002/sus2.246,download_failed: HTTPError,,"本文关注 Ru, Pd, Pt 单原子位点在 carbon/other support 等载体上的催化行为，主要应用于hydrogen evolution reaction。 文章以材料制备、结构表征和催化性能测试为核心，通常结合谱学/显微表征确认单原子分散。 摘要要点：Abstract The development of efficient and robust non‐Pt and low‐Pt catalysts with equivalent or even superior performance to commercial Pt‐based catalysts for hydrogen evolution reaction (HER) is highly desired, but challenging, in the field of water electroly",题名/摘要包含合成、制备、表征、测试或实验-理论联合研究信息，按实验论文归类；其中计算部分视作机理支持。
E0532,Experimental,Ni,carbon/other support,CO2 reduction/conversion,Industry‐Level Electrocatalytic CO 2 to CO Enabled by 2D Mesoporous Ni Single Atom Catalysts,Angewandte Chemie International Edition,2024,Wiley,10.1002/anie.202416629,https://doi.org/10.1002/anie.202416629,,no_open_pdf_in_metadata,,"本文关注 Ni 单原子位点在 carbon/other support 等载体上的催化行为，主要应用于CO2 reduction/conversion。 文章以材料制备、结构表征和催化性能测试为核心，通常结合谱学/显微表征确认单原子分散。 摘要要点：Abstract Electrocatalytic CO 2 reduction reaction (eCO 2 RR) has captivated widespread attentions, yet achieving the requisite efficiency, selectivity and stability for industrial applications poses a persistent challenge. Here, we report the synthesis of 2D m",题名/摘要包含合成、制备、表征、测试或实验-理论联合研究信息，按实验论文归类；其中计算部分视作机理支持。
E0533,Experimental,Ni,carbon/other support,CO2 reduction/conversion,Industry‐Level Electrocatalytic CO 2 to CO Enabled by 2D Mesoporous Ni Single Atom Catalysts,Angewandte Chemie,2024,Wiley,10.1002/ange.202416629,https://doi.org/10.1002/ange.202416629,https://onlinelibrary.wiley.com/doi/pdfdirect/10.1002/ange.202416629,download_failed: HTTPError,,"本文关注 Ni 单原子位点在 carbon/other support 等载体上的催化行为，主要应用于CO2 reduction/conversion。 文章以材料制备、结构表征和催化性能测试为核心，通常结合谱学/显微表征确认单原子分散。 摘要要点：Abstract Electrocatalytic CO 2 reduction reaction (eCO 2 RR) has captivated widespread attentions, yet achieving the requisite efficiency, selectivity and stability for industrial applications poses a persistent challenge. Here, we report the synthesis of 2D m",题名/摘要包含合成、制备、表征、测试或实验-理论联合研究信息，按实验论文归类；其中计算部分视作机理支持。
E0534,Experimental,Fe,carbon/other support,hydrogen evolution reaction,Inflammation-free electrochemical in vivo sensing of dopamine with atomic-level engineered antioxidative single-atom catalyst,Nature Communications,2024,Nature Portfolio,10.1038/s41467-024-52279-5,https://doi.org/10.1038/s41467-024-52279-5,https://www.nature.com/articles/s41467-024-52279-5.pdf,open_url_not_pdf,,"本文关注 Fe 单原子位点在 carbon/other support 等载体上的催化行为，主要应用于hydrogen evolution reaction。 文章以材料制备、结构表征和催化性能测试为核心，通常结合谱学/显微表征确认单原子分散。 摘要要点：Electrochemical methods with tissue-implantable microelectrodes provide an excellent platform for real-time monitoring the neurochemical dynamics in vivo due to their superior spatiotemporal resolution and high selectivity and sensitivity. Nevertheless, electr",题名/摘要包含合成、制备、表征、测试或实验-理论联合研究信息，按实验论文归类；其中计算部分视作机理支持。
E0535,Experimental,Fe,graphene,oxygen reduction reaction,Instantaneous Thermal Energy for Swift Synthesis of Single‐Atom Catalysts for Unparalleled Performance in Metal–Air Batteries and Fuel Cells (Adv. Mater. 32/2024),Advanced Materials,2024,,10.1002/adma.202470257,https://doi.org/10.1002/adma.202470257,https://onlinelibrary.wiley.com/doi/pdfdirect/10.1002/adma.202470257,download_failed: HTTPError,,"本文关注 Fe 单原子位点在 graphene 等载体上的催化行为，主要应用于oxygen reduction reaction。 文章以材料制备、结构表征和催化性能测试为核心，通常结合谱学/显微表征确认单原子分散。 摘要要点：Single-Atom Catalysts This image depicts the key step in the synthesis process of our innovative FeN4-O-graphene catalyst for the electrochemical oxygen reduction reaction. During the thermal decomposition of DMF, CO is formed and combines with FePc to create",题名/摘要包含合成、制备、表征、测试或实验-理论联合研究信息，按实验论文归类；其中计算部分视作机理支持。
E0536,Experimental,Fe,carbon/other support,oxygen reduction reaction,Inter-site structural heterogeneity induction of single atom Fe catalysts for robust oxygen reduction,Nature Communications,2024,Nature Portfolio,10.1038/s41467-024-46389-3,https://doi.org/10.1038/s41467-024-46389-3,https://www.nature.com/articles/s41467-024-46389-3.pdf,open_url_not_pdf,,"本文关注 Fe 单原子位点在 carbon/other support 等载体上的催化行为，主要应用于oxygen reduction reaction。 文章以材料制备、结构表征和催化性能测试为核心，通常结合谱学/显微表征确认单原子分散。 摘要要点：Abstract Metal-nitrogen-carbon catalysts with hierarchically dispersed porosity are deemed as efficient geometry for oxygen reduction reaction (ORR). However, catalytic performance determined by individual and interacting sites originating from structural hete",题名/摘要包含合成、制备、表征、测试或实验-理论联合研究信息，按实验论文归类；其中计算部分视作机理支持。
E0537,Experimental,Mn; Fe; Co; Ni; Cu; Pt,graphene,oxygen reduction reaction,Investigation of Single Atom Catalysts by X‐Ray Absorption Spectroscopy,physica status solidi (a),2024,Wiley,10.1002/pssa.202400606,https://doi.org/10.1002/pssa.202400606,https://onlinelibrary.wiley.com/doi/pdfdirect/10.1002/pssa.202400606,download_failed: HTTPError,,"本文关注 Mn, Fe, Co, Ni, Cu, Pt 单原子位点在 graphene 等载体上的催化行为，主要应用于oxygen reduction reaction。 文章以材料制备、结构表征和催化性能测试为核心，通常结合谱学/显微表征确认单原子分散。 摘要要点：Recently, Pt‐free and highly efficient, nanostructured M–N–C catalysts employing earth‐abundant metals (M = Fe, Co, Ni, Mn, Cu, etc.) have been recognized as a very promising alternative to noble metal (in particular platinum)‐ based oxygen reduction reaction",题名/摘要包含合成、制备、表征、测试或实验-理论联合研究信息，按实验论文归类；其中计算部分视作机理支持。
E0538,Experimental,Cu,carbon nitride,CO2 reduction/conversion,Large‐Scale Synthesis of High‐Loading Single Metallic Atom Catalysts by a Metal Coordination Route,Advanced Materials,2024,,10.1002/adma.202404900,https://doi.org/10.1002/adma.202404900,https://onlinelibrary.wiley.com/doi/pdfdirect/10.1002/adma.202404900,download_failed: HTTPError,,"本文关注 Cu 单原子位点在 carbon nitride 等载体上的催化行为，主要应用于CO2 reduction/conversion。 文章以材料制备、结构表征和催化性能测试为核心，通常结合谱学/显微表征确认单原子分散。 摘要要点：Abstract Single atom catalyst (SAC) is one of the most efficient and versatile catalysts with well‐defined active sites. However, its facile and large‐scale preparation, the prerequisite of industrial applications, has been very challenging. This dilemma origi",题名/摘要包含合成、制备、表征、测试或实验-理论联合研究信息，按实验论文归类；其中计算部分视作机理支持。
E0539,Experimental,Fe,carbon/other support,hydrogen evolution reaction,Linearly Interlinked Fe‐N x ‐Fe Single Atoms Catalyze High‐Rate Sodium‐Sulfur Batteries,Advanced Materials,2024,,10.1002/adma.202312207,https://doi.org/10.1002/adma.202312207,https://onlinelibrary.wiley.com/doi/pdfdirect/10.1002/adma.202312207,download_failed: HTTPError,,"本文关注 Fe 单原子位点在 carbon/other support 等载体上的催化行为，主要应用于hydrogen evolution reaction。 文章以材料制备、结构表征和催化性能测试为核心，通常结合谱学/显微表征确认单原子分散。 摘要要点：Abstract Linearly interlinked single atoms offer unprecedented physiochemical properties, but their synthesis for practical applications still poses significant challenges. Herein, linearly interlinked iron single‐atom catalysts that are loaded onto interconne",识别到合成、表征、电化学/催化测试或 operando/in situ 等实验关键词；若含 DFT，则视作实验论文的机理支持。
E0540,Experimental,Sn,graphene,hydrogen evolution reaction,Low-Temperature Chemical Vapor Deposition of 2D Materials via Single-Atom Catalysis on Liquid Bimetallic Substrates: A Case Study of Graphene Synthesis on Liquid Tin Alloys,The Journal of Physical Chemistry C,2024,American Chemical Society,10.1021/acs.jpcc.4c02245,https://doi.org/10.1021/acs.jpcc.4c02245,,no_open_pdf_in_metadata,,"本文关注 Sn 单原子位点在 graphene 等载体上的催化行为，主要应用于hydrogen evolution reaction。 文章以材料制备、结构表征和催化性能测试为核心，通常结合谱学/显微表征确认单原子分散。 摘要要点：Current synthesis and transfer methods of 2D materials (2DMs) have fallen short of realizing their promised high-end applications on an industrial scale. In addressing this gap, the method of chemical vapor deposition (CVD) on a liquid substrate envisions cost",题名/摘要包含合成、制备、表征、测试或实验-理论联合研究信息，按实验论文归类；其中计算部分视作机理支持。
E0541,Experimental,Mixed_or_unclear,graphene,oxygen reduction reaction,Machine Learning-Assisted Study of REN x C 6– x -Doped Graphene as Potential Electrocatalysts for Oxygen Electrode Reactions,Langmuir,2024,American Chemical Society,10.1021/acs.langmuir.4c00803,https://doi.org/10.1021/acs.langmuir.4c00803,,no_open_pdf_in_metadata,,"本文关注 Mixed_or_unclear 单原子位点在 graphene 等载体上的催化行为，主要应用于oxygen reduction reaction。 文章以材料制备、结构表征和催化性能测试为核心，通常结合谱学/显微表征确认单原子分散。 摘要要点：In the application of renewable energy, the oxidation–reduction reaction (ORR) and oxygen evolution reaction (OER) are two crucial reactions. Single-atom catalysts (SACs) based on metal-doped graphene have been widely employed due to their high activity and hi",题名/摘要包含合成、制备、表征、测试或实验-理论联合研究信息，按实验论文归类；其中计算部分视作机理支持。
E0542,Experimental,Ni; Re; Ir,carbon/other support,hydrogen evolution reaction,Machine learning aided design of single-atom alloy catalysts for methane cracking,Nature Communications,2024,Nature Portfolio,10.1038/s41467-024-50417-7,https://doi.org/10.1038/s41467-024-50417-7,https://www.nature.com/articles/s41467-024-50417-7.pdf,open_url_not_pdf,,"本文关注 Ni, Re, Ir 单原子位点在 carbon/other support 等载体上的催化行为，主要应用于hydrogen evolution reaction。 文章以材料制备、结构表征和催化性能测试为核心，通常结合谱学/显微表征确认单原子分散。 摘要要点：Abstract The process of CH 4 cracking into H 2 and carbon has gained wide attention for hydrogen production. However, traditional catalysis methods suffer rapid deactivation due to severe carbon deposition. In this study, we discover that effective CH 4 cracki",识别到合成、表征、电化学/催化测试或 operando/in situ 等实验关键词；若含 DFT，则视作实验论文的机理支持。
E0543,Experimental,V,graphene,hydrogen evolution reaction,Main‐Group Elements Enhance Electrochemical Nitrogen Reduction Reaction of Vanadium‐Based Single Atom Catalysts Through d‐p Orbital Hybridization,ChemSusChem,2024,Wiley,10.1002/cssc.202400808,https://doi.org/10.1002/cssc.202400808,https://onlinelibrary.wiley.com/doi/pdfdirect/10.1002/cssc.202400808,download_failed: HTTPError,,"本文关注 V 单原子位点在 graphene 等载体上的催化行为，主要应用于hydrogen evolution reaction。 文章以材料制备、结构表征和催化性能测试为核心，通常结合谱学/显微表征确认单原子分散。 摘要要点：Abstract Developing active sites with flexibility and diversity is crucial for single atom catalysts (SACs) towards sustainable nitrogen fixation at ambient conditions. Herein, the effects of doping main group metal elements (MGM) on the stability, catalytic a",题名/摘要包含合成、制备、表征、测试或实验-理论联合研究信息，按实验论文归类；其中计算部分视作机理支持。
E0544,Experimental,Fe,carbon/other support,CO2 reduction/conversion,Mechanism of CO 2 Electroreduction to Multicarbon Products over Iron Phthalocyanine Single-Atom Catalysts,The Journal of Physical Chemistry C,2024,American Chemical Society,10.1021/acs.jpcc.3c08347,https://doi.org/10.1021/acs.jpcc.3c08347,https://pubs.acs.org/doi/pdf/10.1021/acs.jpcc.3c08347,download_failed: HTTPError,,本文关注 Fe 单原子位点在 carbon/other support 等载体上的催化行为，主要应用于CO2 reduction/conversion。 文章以材料制备、结构表征和催化性能测试为核心，通常结合谱学/显微表征确认单原子分散。 摘要要点：Carbon dioxide reduction reaction (CO2RR) is a promising method for converting CO2 into value-added products. CO2RR over single-atom catalysts (SACs) is widely known to result in chemical compounds such as carbon monoxide and formic acid that contain only one,题名/摘要包含合成、制备、表征、测试或实验-理论联合研究信息，按实验论文归类；其中计算部分视作机理支持。
E0545,Experimental,Fe,carbon/other support,hydrogenation,Mechanochemically-derived iron atoms on defective boron nitride for stable propylene production,EES Catalysis,2024,Royal Society of Chemistry,10.1039/d4ey00123k,https://doi.org/10.1039/d4ey00123k,https://pubs.rsc.org/en/content/articlepdf/2024/ey/d4ey00123k,downloaded_open_access_pdf,Experimental/Fe/pdfs/E0545_Mechanochemically-derived_iron_atoms_on_defective_boron_nitride_for_stable_propylene_produ.pdf,"本文关注 Fe 单原子位点在 carbon/other support 等载体上的催化行为，主要应用于hydrogenation。 文章以材料制备、结构表征和催化性能测试为核心，通常结合谱学/显微表征确认单原子分散。 摘要要点：Mechanochemical activation in a ball mill effectively stabilizes Fe single atoms on a defective boron nitride host, resulting in a stable and selective catalyst for propylene production via N 2 O-mediated oxidative dehydrogenation of propane.",识别到合成、表征、电化学/催化测试或 operando/in situ 等实验关键词；若含 DFT，则视作实验论文的机理支持。
E0546,Experimental,Fe,carbon nitride,hydrogen evolution reaction,Mediated Peroxymonosulfate Activation at the Single Atom Fe‐N 3 O 1 Sites: Synergistic Degradation of Antibiotics by Two Non‐Radical Pathways,Small,2024,Wiley,10.1002/smll.202311552,https://doi.org/10.1002/smll.202311552,https://onlinelibrary.wiley.com/doi/pdfdirect/10.1002/smll.202311552,download_failed: HTTPError,,"本文关注 Fe 单原子位点在 carbon nitride 等载体上的催化行为，主要应用于hydrogen evolution reaction。 文章以材料制备、结构表征和催化性能测试为核心，通常结合谱学/显微表征确认单原子分散。 摘要要点：Abstract The activation of persulfates to degrade refractory organic pollutants is a hot issue in advanced oxidation right now. Here, it is reported that single‐atom Fe‐incorporated carbon nitride (Fe‐CN‐650) can effectively activate peroxymonosulfate (PMS) fo",题名/摘要包含合成、制备、表征、测试或实验-理论联合研究信息，按实验论文归类；其中计算部分视作机理支持。
E0547,Experimental,Mn,graphene,oxygen reduction reaction,Modulating Spin of Atomic Manganese Center for High‐Performance Oxygen Reduction Reaction,Angewandte Chemie International Edition,2024,Wiley,10.1002/anie.202412245,https://doi.org/10.1002/anie.202412245,https://onlinelibrary.wiley.com/doi/pdfdirect/10.1002/anie.202412245,download_failed: HTTPError,,"本文关注 Mn 单原子位点在 graphene 等载体上的催化行为，主要应用于oxygen reduction reaction。 文章以材料制备、结构表征和催化性能测试为核心，通常结合谱学/显微表征确认单原子分散。 摘要要点：Abstract Single atom catalysts (SACs) are promising non‐precious catalysts for oxygen reduction reaction (ORR). Unfortunately, the ORR SACs usually suffer from unsatisfactory activity and in particular poor stability. Herein, we report atomically dispersed man",题名/摘要包含合成、制备、表征、测试或实验-理论联合研究信息，按实验论文归类；其中计算部分视作机理支持。
E0548,Experimental,Mn,graphene,oxygen reduction reaction,Modulating Spin of Atomic Manganese Center for High‐Performance Oxygen Reduction Reaction,Angewandte Chemie,2024,Wiley,10.1002/ange.202412245,https://doi.org/10.1002/ange.202412245,,no_open_pdf_in_metadata,,"本文关注 Mn 单原子位点在 graphene 等载体上的催化行为，主要应用于oxygen reduction reaction。 文章以材料制备、结构表征和催化性能测试为核心，通常结合谱学/显微表征确认单原子分散。 摘要要点：Abstract Single atom catalysts (SACs) are promising non‐precious catalysts for oxygen reduction reaction (ORR). Unfortunately, the ORR SACs usually suffer from unsatisfactory activity and in particular poor stability. Herein, we report atomically dispersed man",题名/摘要包含合成、制备、表征、测试或实验-理论联合研究信息，按实验论文归类；其中计算部分视作机理支持。
E0549,Experimental,V; Fe,carbon/other support,hydrogen evolution reaction,Multifacets of Fullerene–Metal Clusters: From Fundamental to Application,Accounts of Chemical Research,2024,American Chemical Society,10.1021/acs.accounts.4c00130,https://doi.org/10.1021/acs.accounts.4c00130,https://lirias.kuleuven.be/retrieve/2890785d-8922-4b23-a33d-31b5d3e6cb2a,downloaded_open_access_pdf,Experimental/V/pdfs/E0549_Multifacets_of_Fullerene_Metal_Clusters_From_Fundamental_to_Application.pdf,"本文关注 V, Fe 单原子位点在 carbon/other support 等载体上的催化行为，主要应用于hydrogen evolution reaction。 文章以材料制备、结构表征和催化性能测试为核心，通常结合谱学/显微表征确认单原子分散。 摘要要点：ConspectusBuckminsterfullerene, C60, was discovered through a prominent mass peak containing 60 atoms produced from laser vaporization of graphite, driven by Kroto’s interest in understanding the formation mechanisms of carbon-containing molecules in space. In",识别到合成、表征、电化学/催化测试或 operando/in situ 等实验关键词；若含 DFT，则视作实验论文的机理支持。
E0550,Experimental,Cu,carbon/other support,CO2 reduction/conversion,N and OH-Immobilized Cu 3 Clusters In Situ Reconstructed from Single-Metal Sites for Efficient CO 2 Electromethanation in Bicontinuous Mesochannels,Journal of the American Chemical Society,2024,American Chemical Society,10.1021/jacs.3c10524,https://doi.org/10.1021/jacs.3c10524,https://www.osti.gov/servlets/purl/2479100,downloaded_open_access_pdf,Experimental/Cu/pdfs/E0550_N_and_OH-Immobilized_Cu_3_Clusters_In_Situ_Reconstructed_from_Single-Metal_Sites_for_Effic.pdf,"本文关注 Cu 单原子位点在 carbon/other support 等载体上的催化行为，主要应用于CO2 reduction/conversion。 文章以材料制备、结构表征和催化性能测试为核心，通常结合谱学/显微表征确认单原子分散。 摘要要点：Cu-based catalysts hold promise for electrifying CO2 to produce methane, an extensively used fuel. However, the activity and selectivity remain insufficient due to the lack of catalyst design principles to steer complex CO2 reduction pathways. Herein, we devel",题名/摘要包含合成、制备、表征、测试或实验-理论联合研究信息，按实验论文归类；其中计算部分视作机理支持。
E0551,Experimental,Co,carbon/other support,hydrogen evolution reaction,Nanoconfinement steers nonradical pathway transition in single atom fenton-like catalysis for improving oxidant utilization,Nature Communications,2024,Nature Portfolio,10.1038/s41467-024-49605-2,https://doi.org/10.1038/s41467-024-49605-2,https://www.nature.com/articles/s41467-024-49605-2.pdf,open_url_not_pdf,,"本文关注 Co 单原子位点在 carbon/other support 等载体上的催化行为，主要应用于hydrogen evolution reaction。 文章以材料制备、结构表征和催化性能测试为核心，通常结合谱学/显微表征确认单原子分散。 摘要要点：The introduction of single-atom catalysts (SACs) into Fenton-like oxidation promises ultrafast water pollutant elimination, but the limited access to pollutants and oxidant by surface catalytic sites and the intensive oxidant consumption still severely restric",题名/摘要包含合成、制备、表征、测试或实验-理论联合研究信息，按实验论文归类；其中计算部分视作机理支持。
E0552,Experimental,Cu,carbon nitride,CO2 reduction/conversion,"Not One, Not Two, But at Least Three: Activity Origin of Copper Single-Atom Catalysts toward CO 2 /CO Electroreduction to C 2+ Products",Journal of the American Chemical Society,2024,American Chemical Society,10.1021/jacs.4c05669,https://doi.org/10.1021/jacs.4c05669,,no_open_pdf_in_metadata,,"本文关注 Cu 单原子位点在 carbon nitride 等载体上的催化行为，主要应用于CO2 reduction/conversion。 文章以材料制备、结构表征和催化性能测试为核心，通常结合谱学/显微表征确认单原子分散。 摘要要点：Copper (Cu) single-atom catalysts (SACs) exhibit great potential for generating multicarbon (C2+) products, but the intrinsic activity of single-atom Cu (Cu1) under realistic conditions remains controversial. Herein, we perform extensive calculations with expl",题名/摘要包含合成、制备、表征、测试或实验-理论联合研究信息，按实验论文归类；其中计算部分视作机理支持。
E0553,Experimental,Fe,carbon/other support,oxygen reduction reaction,One‐Pot Etching Pyrolysis to Defect‐Rich Carbon Nanosheets to Construct Multiheteroatom‐Coordinated Iron Sites for Efficient Oxygen Reduction,Small,2024,Wiley,10.1002/smll.202310637,https://doi.org/10.1002/smll.202310637,https://onlinelibrary.wiley.com/doi/pdfdirect/10.1002/smll.202310637,download_failed: HTTPError,,"本文关注 Fe 单原子位点在 carbon/other support 等载体上的催化行为，主要应用于oxygen reduction reaction。 文章以材料制备、结构表征和催化性能测试为核心，通常结合谱学/显微表征确认单原子分散。 摘要要点：Abstract Constructing multiheteroatom coordination structure in carbonaceous substrates demonstrates an effective method to accelerate the oxygen reduction reaction (ORR) of supported single‐atom catalyst. Herein, the novel etching route assisted by potassium",识别到合成、表征、电化学/催化测试或 operando/in situ 等实验关键词；若含 DFT，则视作实验论文的机理支持。
E0554,Experimental,Ce,carbon/other support,hydrogen evolution reaction,Oxophilic Ce single atoms-triggered active sites reverse for superior alkaline hydrogen evolution,Nature Communications,2024,Nature Portfolio,10.1038/s41467-024-44721-5,https://doi.org/10.1038/s41467-024-44721-5,https://www.nature.com/articles/s41467-024-44721-5.pdf,open_url_not_pdf,,"本文关注 Ce 单原子位点在 carbon/other support 等载体上的催化行为，主要应用于hydrogen evolution reaction。 文章以材料制备、结构表征和催化性能测试为核心，通常结合谱学/显微表征确认单原子分散。 摘要要点：Abstract The state-of-the-art alkaline hydrogen evolution catalyst of united ruthenium single atoms and small ruthenium nanoparticles has sparked considerable research interest. However, it remains a serious problem that hydrogen evolution primarily proceeds o",题名/摘要包含合成、制备、表征、测试或实验-理论联合研究信息，按实验论文归类；其中计算部分视作机理支持。
E0555,Experimental,Ru; Ga,N-doped carbon,hydrogen evolution reaction,Oxophilic gallium single atoms bridged ruthenium clusters for practical anion-exchange membrane electrolyzer,Nature Communications,2024,Nature Portfolio,10.1038/s41467-024-51200-4,https://doi.org/10.1038/s41467-024-51200-4,https://www.nature.com/articles/s41467-024-51200-4.pdf,open_url_not_pdf,,"本文关注 Ru, Ga 单原子位点在 N-doped carbon 等载体上的催化行为，主要应用于hydrogen evolution reaction。 文章以材料制备、结构表征和催化性能测试为核心，通常结合谱学/显微表征确认单原子分散。 摘要要点：The development of highly efficient and durable alkaline hydrogen evolution reaction (HER) catalysts is crucial for achieving high-performance practical anion exchange membrane water electrolyzer (AEMWE) at ampere-level current density. Herein, we report a des",题名/摘要包含合成、制备、表征、测试或实验-理论联合研究信息，按实验论文归类；其中计算部分视作机理支持。
E0556,Experimental,Co,carbon nitride,hydrogen evolution reaction,Phosphorus Regulates Coordination Number and Electronegativity of Cobalt Atomic Sites Triggering Efficient Photocatalytic Water Splitting,Nano Letters,2024,American Chemical Society,10.1021/acs.nanolett.4c05201,https://doi.org/10.1021/acs.nanolett.4c05201,,no_open_pdf_in_metadata,,本文关注 Co 单原子位点在 carbon nitride 等载体上的催化行为，主要应用于hydrogen evolution reaction。 文章以材料制备、结构表征和催化性能测试为核心，通常结合谱学/显微表征确认单原子分散。 摘要要点：Optimizing the local electronic structure of a single-atom catalyst (SAC) is crucial for efficient photocatalytic hydrogen evolution reactions. This study synthesized a Co-P4/g-C3N4 heterostructure by selective phosphidation of the Co metal–organic framework/g,题名/摘要包含合成、制备、表征、测试或实验-理论联合研究信息，按实验论文归类；其中计算部分视作机理支持。
E0557,Experimental,Fe,carbon nitride,hydrogen evolution reaction,Precise coordination of high-loading Fe single atoms with sulfur boosts selective generation of nonradicals,Proceedings of the National Academy of Sciences,2024,National Academy of Sciences,10.1073/pnas.2309102121,https://doi.org/10.1073/pnas.2309102121,https://www.pnas.org/doi/pdf/10.1073/pnas.2309102121,download_failed: HTTPError,,"本文关注 Fe 单原子位点在 carbon nitride 等载体上的催化行为，主要应用于hydrogen evolution reaction。 文章以材料制备、结构表征和催化性能测试为核心，通常结合谱学/显微表征确认单原子分散。 摘要要点：Nonradicals are effective in selectively degrading electron-rich organic contaminants, which unfortunately suffer from unsatisfactory yield and uncontrollable composition due to the competitive generation of radicals. Herein, we precisely construct a local mic",识别到合成、表征、电化学/催化测试或 operando/in situ 等实验关键词；若含 DFT，则视作实验论文的机理支持。
E0558,Experimental,Rh,N-doped carbon,hydrogen evolution reaction,Probing Basal and Prismatic Planes of Graphitic Materials for Metal Single Atom and Subnanometer Cluster Stabilization,Chemistry - A European Journal,2024,Wiley,10.1002/chem.202400669,https://doi.org/10.1002/chem.202400669,https://univ-pau.hal.science/hal-04677240/document,open_url_not_pdf,,本文关注 Rh 单原子位点在 N-doped carbon 等载体上的催化行为，主要应用于hydrogen evolution reaction。 文章以材料制备、结构表征和催化性能测试为核心，通常结合谱学/显微表征确认单原子分散。 摘要要点：Supported metal single atom catalysis is a dynamic research area in catalysis science combining the advantages of homogeneous and heterogeneous catalysis. Understanding the interactions between metal single atoms and the support constitutes a challenge facing,题名/摘要包含合成、制备、表征、测试或实验-理论联合研究信息，按实验论文归类；其中计算部分视作机理支持。
E0559,Experimental,Fe,graphene,oxygen reduction reaction,Rational Design of Atomically Immobilized Fe‐N 4 Sites via Acid‐Amine Chemistry: Leveraging Metal Ionic Assistance for Precise Morphology Control,SusMat,2024,Wiley,10.1002/sus2.260,https://doi.org/10.1002/sus2.260,,no_open_pdf_in_metadata,,"本文关注 Fe 单原子位点在 graphene 等载体上的催化行为，主要应用于oxygen reduction reaction。 文章以材料制备、结构表征和催化性能测试为核心，通常结合谱学/显微表征确认单原子分散。 摘要要点：ABSTRACT Tailoring atomically dispersed single‐atom catalyst (Fe‐SAC) holding well‐defined coordination structure (Fe‐N 4 ) along with precise control over morphology is a critical challenge. Herein, we propose a novel acid‐amine coupling reaction between meta",题名/摘要包含合成、制备、表征、测试或实验-理论联合研究信息，按实验论文归类；其中计算部分视作机理支持。
E0560,Experimental,Mixed_or_unclear,carbon/other support,oxygen reduction reaction,Rational design of single-atom catalysts for efficient H 2 O 2 production via a four-step strategy,Materials Advances,2024,Royal Society of Chemistry,10.1039/d4ma00732h,https://doi.org/10.1039/d4ma00732h,https://pubs.rsc.org/en/content/articlepdf/2024/ma/d4ma00732h,downloaded_open_access_pdf,Experimental/Mixed_or_unclear/pdfs/E0560_Rational_design_of_single-atom_catalysts_for_efficient_H_2_O_2_production_via_a_four-step_.pdf,本文关注 Mixed_or_unclear 单原子位点在 carbon/other support 等载体上的催化行为，主要应用于oxygen reduction reaction。 文章以材料制备、结构表征和催化性能测试为核心，通常结合谱学/显微表征确认单原子分散。 摘要要点：Electrocatalysis presents an efficient and eco-friendly approach for the two-electron oxygen reduction reaction (2e − ORR) to produce hydrogen peroxide (H 2 O 2 ).,识别到合成、表征、电化学/催化测试或 operando/in situ 等实验关键词；若含 DFT，则视作实验论文的机理支持。
E0561,Experimental,Pd,carbon nitride,hydrogen evolution reaction,Reactivity and Mechanism of Recoverable Pd 1 @C 3 N 4 Single-Atom Catalyst in Buchwald–Hartwig Aminations,ACS Catalysis,2024,American Chemical Society,10.1021/acscatal.4c05134,https://doi.org/10.1021/acscatal.4c05134,https://pmc.ncbi.nlm.nih.gov/articles/PMC11705219/pdf/cs4c05134.pdf,open_url_not_pdf,,"本文关注 Pd 单原子位点在 carbon nitride 等载体上的催化行为，主要应用于hydrogen evolution reaction。 文章以材料制备、结构表征和催化性能测试为核心，通常结合谱学/显微表征确认单原子分散。 摘要要点：Buchwald–Hartwig (BH) aminations are crucial for synthesizing arylamine motifs in numerous bioactive molecules and fine chemicals. While homogeneous palladium complexes can be effective catalysts, their high costs and environmental impact motivate the search f",题名/摘要包含合成、制备、表征、测试或实验-理论联合研究信息，按实验论文归类；其中计算部分视作机理支持。
E0562,Experimental,Mixed_or_unclear,carbon nitride,CO2 reduction/conversion,"Recent Advances in Carbon Nitride Supported Single‐Atom Catalysts: Synthesis, Characterization, and Applications for CO 2 Photoreduction",ChemCatChem,2024,Wiley,10.1002/cctc.202301684,https://doi.org/10.1002/cctc.202301684,,no_open_pdf_in_metadata,,"本文关注 Mixed_or_unclear 单原子位点在 carbon nitride 等载体上的催化行为，主要应用于CO2 reduction/conversion。 文章以材料制备、结构表征和催化性能测试为核心，通常结合谱学/显微表征确认单原子分散。 摘要要点：Abstract Photoreduction of CO 2 into value‐added chemicals and fuels is a promising green technology for solar‐to‐chemical conversion. Owing to the atomic utilization, unique metal‐support interaction, and unsaturated coordination active sites, single‐atom cat",题名/摘要包含合成、制备、表征、测试或实验-理论联合研究信息，按实验论文归类；其中计算部分视作机理支持。
E0563,Experimental,Mixed_or_unclear,carbon/other support,oxygen reduction reaction,Recent Progress in Atomically Dispersed Non‐noble Metal Catalysts for Electrochemical Two‐electron Oxygen Reduction Reaction,ChemElectroChem,2024,Wiley,10.1002/celc.202300630,https://doi.org/10.1002/celc.202300630,https://onlinelibrary.wiley.com/doi/pdfdirect/10.1002/celc.202300630,download_failed: HTTPError,,"本文关注 Mixed_or_unclear 单原子位点在 carbon/other support 等载体上的催化行为，主要应用于oxygen reduction reaction。 文章以材料制备、结构表征和催化性能测试为核心，通常结合谱学/显微表征确认单原子分散。 摘要要点：Abstract Electrochemical two‐electron oxygen reduction reaction (2e − ORR) has emerged as an efficient route to generate hydrogen peroxide (H 2 O 2 ) under ambient conditions, being a promising alternative to the traditional energy‐intensive anthraquinone proc",题名/摘要包含合成、制备、表征、测试或实验-理论联合研究信息，按实验论文归类；其中计算部分视作机理支持。
E0564,Experimental,Zn,carbon/other support,catalysis,Recent advances in bifunctional carbon-based single-atom electrocatalysts for rechargeable zinc–air batteries,Green Chemistry,2024,Royal Society of Chemistry,10.1039/d4gc04687k,https://doi.org/10.1039/d4gc04687k,https://pubs.rsc.org/en/content/articlepdf/2025/gc/d4gc04687k,downloaded_open_access_pdf,Experimental/Zn/pdfs/E0564_Recent_advances_in_bifunctional_carbon-based_single-atom_electrocatalysts_for_rechargeable.pdf,"本文关注 Zn 单原子位点在 carbon/other support 等载体上的催化行为，主要应用于catalysis。 文章以材料制备、结构表征和催化性能测试为核心，通常结合谱学/显微表征确认单原子分散。 摘要要点：The review delves into six modulation strategies of carbon-based single-atom catalysts, emphasizing the relationship between electronic structure and performance to aid in the development of bifunctional electrocatalysts for zinc–air batteries.",题名/摘要包含合成、制备、表征、测试或实验-理论联合研究信息，按实验论文归类；其中计算部分视作机理支持。
E0565,Experimental,Pt,carbon/other support,oxygen reduction reaction,"Recent progress on mechanisms, principles, and strategies for high‐activity and high‐stability non‐PGM fuel cell catalyst design",Carbon Energy,2024,Wiley,10.1002/cey2.426,https://doi.org/10.1002/cey2.426,https://onlinelibrary.wiley.com/doi/pdfdirect/10.1002/cey2.426,download_failed: HTTPError,,"本文关注 Pt 单原子位点在 carbon/other support 等载体上的催化行为，主要应用于oxygen reduction reaction。 文章以材料制备、结构表征和催化性能测试为核心，通常结合谱学/显微表征确认单原子分散。 摘要要点：Abstract The commercialization of a polymer membrane H 2 –O 2 fuel cell and its widespread use call for the development of cost‐effective oxygen reduction reaction (ORR) nonplatinum group metal (NPGM) catalysts. Nevertheless, to meet the requests for the real‐",识别到合成、表征、电化学/催化测试或 operando/in situ 等实验关键词；若含 DFT，则视作实验论文的机理支持。
E0566,Experimental,Cu,carbon/other support,nitrogen reduction/ammonia synthesis,Red Carbon Mediated Formation of Cu 2 O Clusters Dispersed on the Oxocarbon Framework by Fehling's Route and their Use for the Nitrate Electroreduction in Acidic Conditions,Advanced Materials,2024,,10.1002/adma.202400396,https://doi.org/10.1002/adma.202400396,https://onlinelibrary.wiley.com/doi/pdfdirect/10.1002/adma.202400396,download_failed: HTTPError,,"本文关注 Cu 单原子位点在 carbon/other support 等载体上的催化行为，主要应用于nitrogen reduction/ammonia synthesis。 文章以材料制备、结构表征和催化性能测试为核心，通常结合谱学/显微表征确认单原子分散。 摘要要点：Abstract The oligomers of carbon suboxide, known as red carbon, exhibit a highly conjugated structure and semiconducting properties. Upon mild heat treatment, it transforms into a carbonaceous framework rich in oxygen surface terminations, called oxocarbon. In",题名/摘要包含合成、制备、表征、测试或实验-理论联合研究信息，按实验论文归类；其中计算部分视作机理支持。
E0567,Experimental,Ir,carbon/other support,hydrogen evolution reaction,"Reductive Coupling of N-Heteroarenes and 1,2-Dicarbonyls for Direct Access to γ-Amino Acids, Esters, and Ketones Using a Heterogeneous Single-Atom Iridium Catalyst",Journal of the American Chemical Society,2024,American Chemical Society,10.1021/jacs.4c09827,https://doi.org/10.1021/jacs.4c09827,https://hal.science/hal-04832772/document,open_url_not_pdf,,"本文关注 Ir 单原子位点在 carbon/other support 等载体上的催化行为，主要应用于hydrogen evolution reaction。 文章以材料制备、结构表征和催化性能测试为核心，通常结合谱学/显微表征确认单原子分散。 摘要要点：Despite their significant importance, the challenges in direct and diverse synthesis of N-heterocyclic γ-amino acids/esters/ketones hamper exploration of their applications. Herein, by developing a multifunctional heterogeneous iridium single-atom catalyst com",题名/摘要包含合成、制备、表征、测试或实验-理论联合研究信息，按实验论文归类；其中计算部分视作机理支持。
E0568,Experimental,Ti; V; Zn,graphene,oxygen reduction reaction,Regulating d ‐Orbital Hybridization of Subgroup‐IVB Single Atoms for Efficient Oxygen Reduction Reaction,Advanced Materials,2024,,10.1002/adma.202312117,https://doi.org/10.1002/adma.202312117,https://rgu-repository.worktribe.com/file/2262191/1/ZHAO%202024%20Regulating%20d-orbital%20hybridization%20%28AAM%29,download_failed: HTTPError,,"本文关注 Ti, V, Zn 单原子位点在 graphene 等载体上的催化行为，主要应用于oxygen reduction reaction。 文章以材料制备、结构表征和催化性能测试为核心，通常结合谱学/显微表征确认单原子分散。 摘要要点：Abstract Highly active single‐atom electrocatalysts for the oxygen reduction reaction are crucial for improving the energy conversion efficiency, but they suffer from a limited choice of metal centers and unsatisfactory stabilities. Here, this work reports tha",题名/摘要包含合成、制备、表征、测试或实验-理论联合研究信息，按实验论文归类；其中计算部分视作机理支持。
E0569,Experimental,V; Fe; Co; Ni; Cu,N-doped carbon,CO2 reduction/conversion,Revealing Structural Evolution of Single Atom Catalysts during Electrochemical CO 2 Reduction by in Situ X-ray Absorption Spectroscopy,ACS Materials Letters,2024,American Chemical Society,10.1021/acsmaterialslett.4c00554,https://doi.org/10.1021/acsmaterialslett.4c00554,,no_open_pdf_in_metadata,,"本文关注 V, Fe, Co, Ni, Cu 单原子位点在 N-doped carbon 等载体上的催化行为，主要应用于CO2 reduction/conversion。 文章以材料制备、结构表征和催化性能测试为核心，通常结合谱学/显微表征确认单原子分散。 摘要要点：Investigating the structural variation of single-atom catalysts (SACs) is crucial to reveal the reaction mechanism under working conditions. Different in situ techniques, especially X-ray absorption spectroscopy (XAS), have been reported to study the structura",题名/摘要包含合成、制备、表征、测试或实验-理论联合研究信息，按实验论文归类；其中计算部分视作机理支持。
E0570,Experimental,W,carbon/other support,oxygen reduction reaction,Revealing the origin of single‐atom W activity in H 2 O 2 electrocatalytic production: Charge symmetry‐breaking,Carbon Energy,2024,Wiley,10.1002/cey2.581,https://doi.org/10.1002/cey2.581,https://onlinelibrary.wiley.com/doi/pdfdirect/10.1002/cey2.581,download_failed: HTTPError,,"本文关注 W 单原子位点在 carbon/other support 等载体上的催化行为，主要应用于oxygen reduction reaction。 文章以材料制备、结构表征和催化性能测试为核心，通常结合谱学/显微表征确认单原子分散。 摘要要点：Abstract The low‐energy electrochemical production of hydrogen peroxide (H 2 O 2 ) has garnered significant attention as a viable alternative to traditional industrial routes, with the goal of achieving carbon neutrality. For their H 2 O 2 selectivity in the t",题名/摘要包含合成、制备、表征、测试或实验-理论联合研究信息，按实验论文归类；其中计算部分视作机理支持。
E0571,Experimental,Co,graphene,hydrogen evolution reaction,Reverse Spillover Dominating CO Adsorption on Single Cobalt Atoms in Graphene Divacancies,The Journal of Physical Chemistry C,2024,American Chemical Society,10.1021/acs.jpcc.4c07088,https://doi.org/10.1021/acs.jpcc.4c07088,https://pmc.ncbi.nlm.nih.gov/articles/PMC11912467/pdf/jp4c07088.pdf,open_url_not_pdf,,"本文关注 Co 单原子位点在 graphene 等载体上的催化行为，主要应用于hydrogen evolution reaction。 文章以材料制备、结构表征和催化性能测试为核心，通常结合谱学/显微表征确认单原子分散。 摘要要点：The kinetics of molecular adsorption and desorption can unveil the details of the adsorption potential that impact, for instance, the overall sticking probability. This information is of particular importance for catalysis and gas sensing. We investigate the r",题名/摘要包含合成、制备、表征、测试或实验-理论联合研究信息，按实验论文归类；其中计算部分视作机理支持。
E0572,Experimental,Cu,N-doped carbon,CO2 reduction/conversion,Reversible metal cluster formation on Nitrogen-doped carbon controlling electrocatalyst particle size with subnanometer accuracy,Nature Communications,2024,Nature Portfolio,10.1038/s41467-024-50379-w,https://doi.org/10.1038/s41467-024-50379-w,https://www.nature.com/articles/s41467-024-50379-w.pdf,open_url_not_pdf,,"本文关注 Cu 单原子位点在 N-doped carbon 等载体上的催化行为，主要应用于CO2 reduction/conversion。 文章以材料制备、结构表征和催化性能测试为核心，通常结合谱学/显微表征确认单原子分散。 摘要要点：Abstract Copper and nitrogen co-doped carbon catalysts exhibit a remarkable behavior during the electrocatalytic CO 2 reduction (CO 2 RR), namely, the formation of metal nanoparticles from Cu single atoms, and their subsequent reversible redispersion. Here we",题名/摘要包含合成、制备、表征、测试或实验-理论联合研究信息，按实验论文归类；其中计算部分视作机理支持。
E0573,Experimental,Mo; Ru,carbon/other support,hydrogen evolution reaction,Ruthenium Nanoclusters and Single Atoms on α‐MoC/N‐Doped Carbon Achieves Low‐Input/Input‐Free Hydrogen Evolution via Decoupled/Coupled Hydrazine Oxidation,Angewandte Chemie,2024,Wiley,10.1002/ange.202316755,https://doi.org/10.1002/ange.202316755,https://onlinelibrary.wiley.com/doi/pdfdirect/10.1002/ange.202316755,download_failed: HTTPError,,"本文关注 Mo, Ru 单原子位点在 carbon/other support 等载体上的催化行为，主要应用于hydrogen evolution reaction。 文章以材料制备、结构表征和催化性能测试为核心，通常结合谱学/显微表征确认单原子分散。 摘要要点：Abstract The hydrazine oxidation‐assisted H 2 evolution method promises low‐input and input‐free hydrogen production. However, developing high‐performance catalysts for hydrazine oxidation (HzOR) and hydrogen evolution (HER) is challenging. Here, we introduce",题名/摘要包含合成、制备、表征、测试或实验-理论联合研究信息，按实验论文归类；其中计算部分视作机理支持。
E0574,Experimental,Ru,carbon/other support,CO2 reduction/conversion,Ruthenium Single Atomic Sites Surrounding the Support Pit with Exceptional Photocatalytic Activity,Angewandte Chemie International Edition,2024,Wiley,10.1002/anie.202400625,https://doi.org/10.1002/anie.202400625,https://onlinelibrary.wiley.com/doi/pdfdirect/10.1002/anie.202400625,download_failed: HTTPError,,"本文关注 Ru 单原子位点在 carbon/other support 等载体上的催化行为，主要应用于CO2 reduction/conversion。 文章以材料制备、结构表征和催化性能测试为核心，通常结合谱学/显微表征确认单原子分散。 摘要要点：Abstract Single‐metal atomic sites and vacancies can accelerate the transfer of photogenerated electrons and enhance photocatalytic performance in photocatalysis. In this study, a series of nickel hydroxide nanoboards (Ni(OH) x NBs) with different loadings of",题名/摘要包含合成、制备、表征、测试或实验-理论联合研究信息，按实验论文归类；其中计算部分视作机理支持。
E0575,Experimental,Co; Ni,graphene,catalysis,Scalable bottom-up synthesis of Co-Ni–doped graphene,Science Advances,2024,American Association for the Advancement of Science,10.1126/sciadv.ado8956,https://doi.org/10.1126/sciadv.ado8956,https://orbilu.uni.lu/bitstream/10993/62504/1/SciAdv-ado8956-2024.pdf,downloaded_open_access_pdf,Experimental/Co/pdfs/E0575_Scalable_bottom-up_synthesis_of_Co-Ni_doped_graphene.pdf,"本文关注 Co, Ni 单原子位点在 graphene 等载体上的催化行为，主要应用于catalysis。 文章以材料制备、结构表征和催化性能测试为核心，通常结合谱学/显微表征确认单原子分散。 摘要要点：Introducing heteroatoms into graphene is a powerful strategy to modulate its catalytic, electronic, and magnetic properties. At variance with the cases of nitrogen (N)- and boron (B)-doped graphene, a scalable method for incorporating transition metal atoms in",题名/摘要包含合成、制备、表征、测试或实验-理论联合研究信息，按实验论文归类；其中计算部分视作机理支持。
E0576,Experimental,Co,carbon/other support,oxygen reduction reaction,Scalable nanoarchitectonics with microporous polymer composite for methanol-tolerant ORR electrocatalysts,Journal of Materials Chemistry A,2024,Royal Society of Chemistry,10.1039/d4ta04577g,https://doi.org/10.1039/d4ta04577g,https://mdr.nims.go.jp/filesets/bef3a534-a216-4353-93eb-f19b39b84330/download,downloaded_open_access_pdf,Experimental/Co/pdfs/E0576_Scalable_nanoarchitectonics_with_microporous_polymer_composite_for_methanol-tolerant_ORR_e.pdf,本文关注 Co 单原子位点在 carbon/other support 等载体上的催化行为，主要应用于oxygen reduction reaction。 文章以材料制备、结构表征和催化性能测试为核心，通常结合谱学/显微表征确认单原子分散。 摘要要点：We report an efficient ORR electrocatalyst containing cobalt single atom and cobalt nanoparticle active sites embedded in a porous nitrogen-doped graphitic carbon network.,题名/摘要包含合成、制备、表征、测试或实验-理论联合研究信息，按实验论文归类；其中计算部分视作机理支持。
E0577,Experimental,V,N-doped carbon,hydrogen evolution reaction,Secondary metal ion-induced electrochemical reduction of U(VI) to U(IV) solids,Nature Communications,2024,Nature Portfolio,10.1038/s41467-024-52083-1,https://doi.org/10.1038/s41467-024-52083-1,https://www.nature.com/articles/s41467-024-52083-1.pdf,open_url_not_pdf,,"本文关注 V 单原子位点在 N-doped carbon 等载体上的催化行为，主要应用于hydrogen evolution reaction。 文章以材料制备、结构表征和催化性能测试为核心，通常结合谱学/显微表征确认单原子分散。 摘要要点：Recent studies have shown that aqueous U(VI) ions can be transformed into U(VI) precipitates through electrocatalytic redox reactions for uranium recovery. However, there have been no reports of U(IV) solids, such as UO2, using electrochemical methods under am",识别到合成、表征、电化学/催化测试或 operando/in situ 等实验关键词；若含 DFT，则视作实验论文的机理支持。
E0578,Experimental,W; Pt,carbon/other support,oxygen reduction reaction,Selective Hydrogen Oxidation Catalyst for PEM Fuel Cells: Tungsten Cluster‐Tuned Platinum Single Atoms,Small,2024,Wiley,10.1002/smll.202410101,https://doi.org/10.1002/smll.202410101,https://onlinelibrary.wiley.com/doi/pdfdirect/10.1002/smll.202410101,download_failed: HTTPError,,"本文关注 W, Pt 单原子位点在 carbon/other support 等载体上的催化行为，主要应用于oxygen reduction reaction。 文章以材料制备、结构表征和催化性能测试为核心，通常结合谱学/显微表征确认单原子分散。 摘要要点：Abstract The selective hydrogen oxidation reaction (HOR) electrocatalyst is crucial for enhancing the performance of proton‐exchange membrane fuel cells (PEMFCs) against degradation caused by reverse currents. In this study, a catalyst comprising platinum sing",识别到合成、表征、电化学/催化测试或 operando/in situ 等实验关键词；若含 DFT，则视作实验论文的机理支持。
E0579,Experimental,Co; Cu,carbon nitride,hydrogen evolution reaction,Sheets Copper‐Cobalt Graphitic Carbon Nitride Dual Single‐Atom Catalysts for the Epoxidation of Styrene,Chemistry - A European Journal,2024,Wiley,10.1002/chem.202403624,https://doi.org/10.1002/chem.202403624,,no_open_pdf_in_metadata,,"本文关注 Co, Cu 单原子位点在 carbon nitride 等载体上的催化行为，主要应用于hydrogen evolution reaction。 文章以材料制备、结构表征和催化性能测试为核心，通常结合谱学/显微表征确认单原子分散。 摘要要点：Abstract Dual single‐atom catalysts have attracted considerable research interest due to their higher metal atom loading and more flexible active sites compared to single‐atom catalysts (SACs). We pioneered the one‐step synthesis of sheets copper‐cobalt graphi",题名/摘要包含合成、制备、表征、测试或实验-理论联合研究信息，按实验论文归类；其中计算部分视作机理支持。
E0580,Experimental,Cu,carbon/other support,oxygen reduction reaction,Single-Atom Catalysts through Pressure-Controlled Metal Diffusion,Journal of the American Chemical Society,2024,American Chemical Society,10.1021/jacs.4c03066,https://doi.org/10.1021/jacs.4c03066,https://pure.uva.nl/ws/files/239963036/al-hilfi-et-al-2024-single-atom-catalysts-through-pressure-controlled-metal-diffusion.pdf,downloaded_open_access_pdf,Experimental/Cu/pdfs/E0580_Single-Atom_Catalysts_through_Pressure-Controlled_Metal_Diffusion.pdf,"本文关注 Cu 单原子位点在 carbon/other support 等载体上的催化行为，主要应用于oxygen reduction reaction。 文章以材料制备、结构表征和催化性能测试为核心，通常结合谱学/显微表征确认单原子分散。 摘要要点：Single-atom catalysts (SACs) open up new possibilities for advanced technologies. However, a major complication in preparing high-density single-atom sites is the aggregation of single atoms into clusters. This complication stems from the delicate balance betw",题名/摘要包含合成、制备、表征、测试或实验-理论联合研究信息，按实验论文归类；其中计算部分视作机理支持。
E0581,Experimental,Co; Ni; Cu,N-doped carbon,hydrogen evolution reaction,Single-Mg-Atom Catalyst with a Dual Active Center as an Emerging Promising Sensing Platform,ACS Applied Materials & Interfaces,2024,American Chemical Society,10.1021/acsami.4c03081,https://doi.org/10.1021/acsami.4c03081,,no_open_pdf_in_metadata,,"本文关注 Co, Ni, Cu 单原子位点在 N-doped carbon 等载体上的催化行为，主要应用于hydrogen evolution reaction。 文章以材料制备、结构表征和催化性能测试为核心，通常结合谱学/显微表征确认单原子分散。 摘要要点：Bisphenol compounds [bisphenol A (BPA), etc.] are one class of the most important and widespread pollutants in food and environment, which pose severe endocrine disrupting effect, reproductive toxicity, immunotoxicity, and metabolic toxicity on humans and anim",题名/摘要包含合成、制备、表征、测试或实验-理论联合研究信息，按实验论文归类；其中计算部分视作机理支持。
E0582,Experimental,Pt,graphene,hydrogen evolution reaction,Single-atom platinum with asymmetric coordination environment on fully conjugated covalent organic framework for efficient electrocatalysis,Nature Communications,2024,Nature Portfolio,10.1038/s41467-024-46872-x,https://doi.org/10.1038/s41467-024-46872-x,https://www.nature.com/articles/s41467-024-46872-x.pdf,open_url_not_pdf,,"本文关注 Pt 单原子位点在 graphene 等载体上的催化行为，主要应用于hydrogen evolution reaction。 文章以材料制备、结构表征和催化性能测试为核心，通常结合谱学/显微表征确认单原子分散。 摘要要点：Abstract Two-dimensional (2D) covalent organic frameworks (COFs) and their derivatives have been widely applied as electrocatalysts owing to their unique nanoscale pore configurations, stable periodic structures, abundant coordination sites and high surface ar",识别到合成、表征、电化学/催化测试或 operando/in situ 等实验关键词；若含 DFT，则视作实验论文的机理支持。
E0583,Experimental,Co,carbon/other support,hydrogen evolution reaction,Solvent-free selective hydrogenation of nitroaromatics to azoxy compounds over Co single atoms decorated on Nb2O5 nanomeshes,Nature Communications,2024,Nature Portfolio,10.1038/s41467-024-47402-5,https://doi.org/10.1038/s41467-024-47402-5,https://www.nature.com/articles/s41467-024-47402-5.pdf,open_url_not_pdf,,"本文关注 Co 单原子位点在 carbon/other support 等载体上的催化行为，主要应用于hydrogen evolution reaction。 文章以材料制备、结构表征和催化性能测试为核心，通常结合谱学/显微表征确认单原子分散。 摘要要点：Abstract The solvent-free selective hydrogenation of nitroaromatics to azoxy compounds is highly important, yet challenging. Herein, we report an efficient strategy to construct individually dispersed Co atoms decorated on niobium pentaoxide nanomeshes with un",题名/摘要包含合成、制备、表征、测试或实验-理论联合研究信息，按实验论文归类；其中计算部分视作机理支持。
E0584,Experimental,Co,carbon/other support,oxygen reduction reaction,Steering acidic oxygen reduction selectivity of single-atom catalysts through the second sphere effect,Nature Communications,2024,Nature Portfolio,10.1038/s41467-024-55116-x,https://doi.org/10.1038/s41467-024-55116-x,https://www.nature.com/articles/s41467-024-55116-x.pdf,open_url_not_pdf,,"本文关注 Co 单原子位点在 carbon/other support 等载体上的催化行为，主要应用于oxygen reduction reaction。 文章以材料制备、结构表征和催化性能测试为核心，通常结合谱学/显微表征确认单原子分散。 摘要要点：Natural enzymes feature distinctive second spheres near their active sites, leading to exquisite catalytic reactivity. However, incumbent synthetic strategies offer limited versatility in functionalizing the second spheres of heterogeneous catalysts. Here, we",识别到合成、表征、电化学/催化测试或 operando/in situ 等实验关键词；若含 DFT，则视作实验论文的机理支持。
E0585,Experimental,Mixed_or_unclear,N-doped carbon,CO2 reduction/conversion,Structure–Stability Relation of Single-Atom Catalysts under Operating Conditions of CO 2 Reduction,Journal of the American Chemical Society,2024,American Chemical Society,10.1021/jacs.4c11516,https://doi.org/10.1021/jacs.4c11516,,no_open_pdf_in_metadata,,本文关注 Mixed_or_unclear 单原子位点在 N-doped carbon 等载体上的催化行为，主要应用于CO2 reduction/conversion。 文章以材料制备、结构表征和催化性能测试为核心，通常结合谱学/显微表征确认单原子分散。 摘要要点：Single-atom catalysts (SACs) have exhibited exceptional atomic efficiency and catalytic performance in various reactions but suffer poor stability. Understanding the structure–stability relation is the prerequisite for stability optimization but has been rarel,题名/摘要包含合成、制备、表征、测试或实验-理论联合研究信息，按实验论文归类；其中计算部分视作机理支持。
E0586,Experimental,Fe,N-doped graphene,oxygen reduction reaction,Substantial Impact of Spin State Evolution in OER/ORR Catalyzed by Fe–N–C,ACS Catalysis,2024,American Chemical Society,10.1021/acscatal.3c06122,https://doi.org/10.1021/acscatal.3c06122,,no_open_pdf_in_metadata,,"本文关注 Fe 单原子位点在 N-doped graphene 等载体上的催化行为，主要应用于oxygen reduction reaction。 文章以材料制备、结构表征和催化性能测试为核心，通常结合谱学/显微表征确认单原子分散。 摘要要点：The Fe-embedded N-doped graphene (Fe–N–C) is the most representative single atom catalyst (SAC) that has shown great potentiality in electrocatalysis, such as oxygen reduction reaction (ORR) and oxygen evolution reaction (OER). However, the active moiety of Fe",题名/摘要包含合成、制备、表征、测试或实验-理论联合研究信息，按实验论文归类；其中计算部分视作机理支持。
E0587,Experimental,Ni; Cu,carbon/other support,CO2 reduction/conversion,Supported Cu/Ni Bimetallic Cluster Electrocatalysts Boost CO 2 Reduction,Precision Chemistry,2024,American Chemical Society,10.1021/prechem.3c00101,https://doi.org/10.1021/prechem.3c00101,https://pubs.acs.org/doi/pdf/10.1021/prechem.3c00101,download_failed: HTTPError,,"本文关注 Ni, Cu 单原子位点在 carbon/other support 等载体上的催化行为，主要应用于CO2 reduction/conversion。 文章以材料制备、结构表征和催化性能测试为核心，通常结合谱学/显微表征确认单原子分散。 摘要要点：Supported metal clusters with the integrated advantages of single-atom catalysts and conventional nanoparticles held great promise in the electrocatalytic carbon dioxide reduction (ECO2R) operated at low overpotential and high current density. However, its pre",题名/摘要包含合成、制备、表征、测试或实验-理论联合研究信息，按实验论文归类；其中计算部分视作机理支持。
E0588,Experimental,Ag,carbon nitride,hydrogen evolution reaction,Surface Coordination Chemistry of Graphitic Carbon Nitride from Ag Molecular Probes,Angewandte Chemie International Edition,2024,Wiley,10.1002/anie.202417428,https://doi.org/10.1002/anie.202417428,https://onlinelibrary.wiley.com/doi/pdfdirect/10.1002/anie.202417428,download_failed: HTTPError,,"本文关注 Ag 单原子位点在 carbon nitride 等载体上的催化行为，主要应用于hydrogen evolution reaction。 文章以材料制备、结构表征和催化性能测试为核心，通常结合谱学/显微表征确认单原子分散。 摘要要点：Abstract Graphitic carbon nitride (g‐C 3 N 4 ) has gained significant attention for its catalytic properties, especially in the development of Single Atom Catalysts (SACs). However, the surface chemistry underlying the formation of these isolated metal sites r",题名/摘要包含合成、制备、表征、测试或实验-理论联合研究信息，按实验论文归类；其中计算部分视作机理支持。
E0589,Experimental,Co,carbon/other support,hydrogen evolution reaction,Surface Nanosteps Modulate the Local Environment of Co Single Atoms to Boost the Electrocatalytic Hydrogen Evolution Reaction,ACS Catalysis,2024,American Chemical Society,10.1021/acscatal.4c05624,https://doi.org/10.1021/acscatal.4c05624,https://hal.science/hal-04851898v1/file/qian-et-al-2024-surface-nanosteps-modulate-the-local-environment-of-co-single-atoms-to-boost-the-electrocatalytic.pdf,open_url_not_pdf,,"本文关注 Co 单原子位点在 carbon/other support 等载体上的催化行为，主要应用于hydrogen evolution reaction。 文章以材料制备、结构表征和催化性能测试为核心，通常结合谱学/显微表征确认单原子分散。 摘要要点：Modulating the coordination environment of non-noble-metal single-atom catalysts is of great significance to boost their catalytic performance. However, the outcome of this approach strongly relies on the structural design of the support. Herein, we demonstrat",识别到合成、表征、电化学/催化测试或 operando/in situ 等实验关键词；若含 DFT，则视作实验论文的机理支持。
E0590,Experimental,Co; Ru,graphene oxide,hydrogen evolution reaction,Symmetry‐Broken Ru Nanoparticles with Parasitic Ru‐Co Dual‐Single Atoms Overcome the Volmer Step of Alkaline Hydrogen Oxidation,Angewandte Chemie International Edition,2024,Wiley,10.1002/anie.202319618,https://doi.org/10.1002/anie.202319618,https://onlinelibrary.wiley.com/doi/pdfdirect/10.1002/anie.202319618,download_failed: HTTPError,,"本文关注 Co, Ru 单原子位点在 graphene oxide 等载体上的催化行为，主要应用于hydrogen evolution reaction。 文章以材料制备、结构表征和催化性能测试为核心，通常结合谱学/显微表征确认单原子分散。 摘要要点：Abstract Efficient dual‐single‐atom catalysts are crucial for enhancing atomic efficiency and promoting the commercialization of fuel cells, but addressing the sluggish kinetics of hydrogen oxidation reaction (HOR) in alkaline media and the facile dual‐single‐",识别到合成、表征、电化学/催化测试或 operando/in situ 等实验关键词；若含 DFT，则视作实验论文的机理支持。
E0591,Experimental,Co; Ru,graphene oxide,hydrogen evolution reaction,Symmetry‐Broken Ru Nanoparticles with Parasitic Ru‐Co Dual‐Single Atoms Overcome the Volmer Step of Alkaline Hydrogen Oxidation,Angewandte Chemie,2024,Wiley,10.1002/ange.202319618,https://doi.org/10.1002/ange.202319618,,no_open_pdf_in_metadata,,"本文关注 Co, Ru 单原子位点在 graphene oxide 等载体上的催化行为，主要应用于hydrogen evolution reaction。 文章以材料制备、结构表征和催化性能测试为核心，通常结合谱学/显微表征确认单原子分散。 摘要要点：Abstract Efficient dual‐single‐atom catalysts are crucial for enhancing atomic efficiency and promoting the commercialization of fuel cells, but addressing the sluggish kinetics of hydrogen oxidation reaction (HOR) in alkaline media and the facile dual‐single‐",识别到合成、表征、电化学/催化测试或 operando/in situ 等实验关键词；若含 DFT，则视作实验论文的机理支持。
E0592,Experimental,Co,carbon/other support,hydrogen evolution reaction,Synergistic Catalysis of Cobalt Single Atoms and Clusters Loaded on Carbon Film: Enhancing Peroxymonosulfate Activation for Degradation of Norfloxacin,Advanced Functional Materials,2024,Wiley,10.1002/adfm.202414036,https://doi.org/10.1002/adfm.202414036,https://onlinelibrary.wiley.com/doi/pdfdirect/10.1002/adfm.202414036,download_failed: HTTPError,,"本文关注 Co 单原子位点在 carbon/other support 等载体上的催化行为，主要应用于hydrogen evolution reaction。 文章以材料制备、结构表征和催化性能测试为核心，通常结合谱学/显微表征确认单原子分散。 摘要要点：Abstract Many existing research focuses on the differences or performance comparisons between single‐atom or small‐sized nanocluster catalysts, but there is a lack of comprehensive research on the coupling relationship between the structure and activity and th",题名/摘要包含合成、制备、表征、测试或实验-理论联合研究信息，按实验论文归类；其中计算部分视作机理支持。
E0593,Experimental,Zn,carbon nitride,CO2 reduction/conversion,Synergistic Effects in a Nitrogen‐Coordinated Zinc Single‐Atom Catalyst for Efficient CO 2 Cycloaddition,ChemCatChem,2024,Wiley,10.1002/cctc.202401768,https://doi.org/10.1002/cctc.202401768,https://onlinelibrary.wiley.com/doi/pdfdirect/10.1002/cctc.202401768,download_failed: HTTPError,,"本文关注 Zn 单原子位点在 carbon nitride 等载体上的催化行为，主要应用于CO2 reduction/conversion。 文章以材料制备、结构表征和催化性能测试为核心，通常结合谱学/显微表征确认单原子分散。 摘要要点：Abstract The valorization of CO 2 into organic carbonates through its cycloaddition to epoxides has garnered significant attention in catalysis. However, the reaction is often hindered by low selectivity, and a key challenge is the development of catalysts cap",题名/摘要包含合成、制备、表征、测试或实验-理论联合研究信息，按实验论文归类；其中计算部分视作机理支持。
E0594,Experimental,Ni,carbon/other support,catalysis,"Synergistic Elimination of Chlorophenols Using a Single-Atom Nickel with Single-Walled Carbon Nanotubes: The Roles of Adsorption, Hydrodechlorination, and the Electro-Fenton Process",ACS Omega,2024,American Chemical Society,10.1021/acsomega.4c04289,https://doi.org/10.1021/acsomega.4c04289,https://pmc.ncbi.nlm.nih.gov/articles/PMC11391453/pdf/ao4c04289.pdf,open_url_not_pdf,,"本文关注 Ni 单原子位点在 carbon/other support 等载体上的催化行为，主要应用于catalysis。 文章以材料制备、结构表征和催化性能测试为核心，通常结合谱学/显微表征确认单原子分散。 摘要要点：Electrocatalytic degradation enables the efficient treatment of chlorinated pollutants (COPs); however, its application has been significantly hindered by the large amounts of unsafe intermediate products. In this study, we present a single-atom nickel with si",识别到合成、表征、电化学/催化测试或 operando/in situ 等实验关键词；若含 DFT，则视作实验论文的机理支持。
E0595,Experimental,Cu,carbon nitride,CO2 reduction/conversion,Synergy of nanocrystalline carbon nitride with Cu single atom catalyst leads to selective photocatalytic reduction of CO 2 to methanol,Sustainable Energy & Fuels,2024,Royal Society of Chemistry,10.1039/d4se00028e,https://doi.org/10.1039/d4se00028e,https://pubs.rsc.org/en/content/articlepdf/2024/se/d4se00028e,downloaded_open_access_pdf,Experimental/Cu/pdfs/E0595_Synergy_of_nanocrystalline_carbon_nitride_with_Cu_single_atom_catalyst_leads_to_selective_.pdf,本文关注 Cu 单原子位点在 carbon nitride 等载体上的催化行为，主要应用于CO2 reduction/conversion。 文章以材料制备、结构表征和催化性能测试为核心，通常结合谱学/显微表征确认单原子分散。 摘要要点：Synergistic magic: copper single atom and nanocrystalline carbon nitride for selective CO 2 to methanol conversion.,识别到合成、表征、电化学/催化测试或 operando/in situ 等实验关键词；若含 DFT，则视作实验论文的机理支持。
E0596,Experimental,Co,carbon/other support,hydrogen evolution reaction,Tailoring coordination environments of single-atom electrocatalysts for hydrogen evolution by topological heteroatom transfer,Nature Communications,2024,Nature Portfolio,10.1038/s41467-024-47061-6,https://doi.org/10.1038/s41467-024-47061-6,https://www.nature.com/articles/s41467-024-47061-6.pdf,open_url_not_pdf,,"本文关注 Co 单原子位点在 carbon/other support 等载体上的催化行为，主要应用于hydrogen evolution reaction。 文章以材料制备、结构表征和催化性能测试为核心，通常结合谱学/显微表征确认单原子分散。 摘要要点：Abstract The rational design of carbon-supported transition-metal single-atom catalysts requires the precise arrangement of heteroatoms within the single-atom catalysts. However, achieving this design is challenging due to the collapse of the structure during",题名/摘要包含合成、制备、表征、测试或实验-理论联合研究信息，按实验论文归类；其中计算部分视作机理支持。
E0597,Experimental,Fe,carbon nitride,hydrogen evolution reaction,Tandem microplastic degradation and hydrogen production by hierarchical carbon nitride-supported single-atom iron catalysts,Nature Communications,2024,Nature Portfolio,10.1038/s41467-024-53055-1,https://doi.org/10.1038/s41467-024-53055-1,https://www.nature.com/articles/s41467-024-53055-1.pdf,open_url_not_pdf,,"本文关注 Fe 单原子位点在 carbon nitride 等载体上的催化行为，主要应用于hydrogen evolution reaction。 文章以材料制备、结构表征和催化性能测试为核心，通常结合谱学/显微表征确认单原子分散。 摘要要点：Abstract Microplastic pollution, an emerging environmental issue, poses significant threats to aquatic ecosystems and human health. In tackling microplastic pollution and advancing green hydrogen production, this study reveals a tandem catalytic microplastic d",题名/摘要包含合成、制备、表征、测试或实验-理论联合研究信息，按实验论文归类；其中计算部分视作机理支持。
E0598,Experimental,Mixed_or_unclear,carbon/other support,catalysis,The heterointerface effect to boost the catalytic performance of single atom catalysts for sulfur conversion in lithium–sulfur batteries,Physical Chemistry Chemical Physics,2024,Royal Society of Chemistry,10.1039/d3cp05883b,https://doi.org/10.1039/d3cp05883b,https://pubs.rsc.org/en/content/articlepdf/2024/cp/d3cp05883b,downloaded_open_access_pdf,Experimental/Mixed_or_unclear/pdfs/E0598_The_heterointerface_effect_to_boost_the_catalytic_performance_of_single_atom_catalysts_for.pdf,"本文关注 Mixed_or_unclear 单原子位点在 carbon/other support 等载体上的催化行为，主要应用于catalysis。 文章以材料制备、结构表征和催化性能测试为核心，通常结合谱学/显微表征确认单原子分散。 摘要要点：S decomposition barriers of 0.54, 0.44 and 0.41 eV, respectively. They also possess enhanced capabilities for catalyzing the sulfur reduction reaction as well as stabilizing soluble LiPs. More interestingly, the heterointerface can enhance the capability of th",识别到合成、表征、电化学/催化测试或 operando/in situ 等实验关键词；若含 DFT，则视作实验论文的机理支持。
E0599,Experimental,Fe,carbon/other support,oxygen reduction reaction,Topological transformation of microbial proteins into iron single-atom sites for selective hydrogen peroxide electrosynthesis,Nature Communications,2024,Nature Portfolio,10.1038/s41467-024-55041-z,https://doi.org/10.1038/s41467-024-55041-z,https://www.nature.com/articles/s41467-024-55041-z.pdf,open_url_not_pdf,,"本文关注 Fe 单原子位点在 carbon/other support 等载体上的催化行为，主要应用于oxygen reduction reaction。 文章以材料制备、结构表征和催化性能测试为核心，通常结合谱学/显微表征确认单原子分散。 摘要要点：The emergence of single-atom catalysts offers exciting prospects for the green production of hydrogen peroxide; however, their optimal local structure and the underlying structure–activity relationships remain unclear. Here we show trace Fe, up to 278 mg/kg an",识别到合成、表征、电化学/催化测试或 operando/in situ 等实验关键词；若含 DFT，则视作实验论文的机理支持。
E0600,Experimental,Pt,carbon/other support,hydrogen evolution reaction,Ultrasmall and Highly Dispersed Pt Entities Deposited on Mesoporous N‐doped Carbon Nanospheres by Pulsed CVD for Improved HER,Small,2024,Wiley,10.1002/smll.202311260,https://doi.org/10.1002/smll.202311260,https://onlinelibrary.wiley.com/doi/pdfdirect/10.1002/smll.202311260,download_failed: HTTPError,,"本文关注 Pt 单原子位点在 carbon/other support 等载体上的催化行为，主要应用于hydrogen evolution reaction。 文章以材料制备、结构表征和催化性能测试为核心，通常结合谱学/显微表征确认单原子分散。 摘要要点：Abstract Vapor‐based deposition techniques are emerging approaches for the design of carbon‐supported metal powder electrocatalysts with tailored catalyst entities, sizes, and dispersions. Herein, a pulsed CVD (Pt‐pCVD) approach is employed to deposit differen",题名/摘要包含合成、制备、表征、测试或实验-理论联合研究信息，按实验论文归类；其中计算部分视作机理支持。
E0601,Experimental,Cu,graphene,CO2 reduction/conversion,Ultra‐Fast Pulsed Discharge Preparation of Coordinatively Unsaturated Asymmetric Copper Single‐Atom Catalysts for CO 2 Reduction,Advanced Functional Materials,2024,Wiley,10.1002/adfm.202312589,https://doi.org/10.1002/adfm.202312589,,no_open_pdf_in_metadata,,"本文关注 Cu 单原子位点在 graphene 等载体上的催化行为，主要应用于CO2 reduction/conversion。 文章以材料制备、结构表征和催化性能测试为核心，通常结合谱学/显微表征确认单原子分散。 摘要要点：Abstract Single‐atom catalysts possess great potential for applications in electrochemical carbon dioxide reduction reactions. Recently, the fast and low‐cost preparation of highly efficient single‐atom catalysts remains a challenge. Herein, a high‐density cur",识别到合成、表征、电化学/催化测试或 operando/in situ 等实验关键词；若含 DFT，则视作实验论文的机理支持。
E0602,Experimental,Zn,carbon/other support,oxygen reduction reaction,Understanding the active site in chameleon-like bifunctional catalyst for practical rechargeable zinc-air batteries,Nature Communications,2024,Nature Portfolio,10.1038/s41467-024-54019-1,https://doi.org/10.1038/s41467-024-54019-1,https://www.nature.com/articles/s41467-024-54019-1.pdf,open_url_not_pdf,,"本文关注 Zn 单原子位点在 carbon/other support 等载体上的催化行为，主要应用于oxygen reduction reaction。 文章以材料制备、结构表征和催化性能测试为核心，通常结合谱学/显微表征确认单原子分散。 摘要要点：The practical application of rechargeable zinc-air batteries faces challenges stemming from inadequate bifunctional catalysts, contradictory gas-liquid-solid three-phase interfaces, and an ambiguous fundamental understanding. Herein, we propose a chameleon-lik",题名/摘要包含合成、制备、表征、测试或实验-理论联合研究信息，按实验论文归类；其中计算部分视作机理支持。
E0603,Experimental,Ni,carbon/other support,CO2 reduction/conversion,Unique Oxygen‐Bridged Nickel Atomic Pairs Efficiently Boost Electrochemical Reduction of Carbon Dioxide,Small,2024,Wiley,10.1002/smll.202407463,https://doi.org/10.1002/smll.202407463,https://onlinelibrary.wiley.com/doi/pdfdirect/10.1002/smll.202407463,download_failed: HTTPError,,"本文关注 Ni 单原子位点在 carbon/other support 等载体上的催化行为，主要应用于CO2 reduction/conversion。 文章以材料制备、结构表征和催化性能测试为核心，通常结合谱学/显微表征确认单原子分散。 摘要要点：Abstract Benefiting from the synergism between adjacent bimetallic atoms, in comparison with single atom catalysts, the dual atom catalysts have displayed great potential in electrocatalytic CO 2 reduction reaction (CO 2 RR). However, the further modulation of",题名/摘要包含合成、制备、表征、测试或实验-理论联合研究信息，按实验论文归类；其中计算部分视作机理支持。
E0604,Experimental,Ni,graphene,hydrogen evolution reaction,Uniting Synergistic Effect of Single‐Ni Site and Electric Field of B‐ Bridged‐N for Boosted Electrocatalytic Nitrate Reduction to Ammonia,Small,2024,Wiley,10.1002/smll.202310082,https://doi.org/10.1002/smll.202310082,,no_open_pdf_in_metadata,,"本文关注 Ni 单原子位点在 graphene 等载体上的催化行为，主要应用于hydrogen evolution reaction。 文章以材料制备、结构表征和催化性能测试为核心，通常结合谱学/显微表征确认单原子分散。 摘要要点：Abstract Electrochemical conversion of nitrate, a prevalent water pollutant, to ammonia (NH 3 ) is a delocalized and green path for NH 3 production. Despite the existence of different nitrate reduction pathways, selectively directing the reaction pathway on th",识别到合成、表征、电化学/催化测试或 operando/in situ 等实验关键词；若含 DFT，则视作实验论文的机理支持。
E0605,Experimental,Fe,carbon/other support,hydrogen evolution reaction,Unraveling Electronic Microenviroment of Iron Single Atom Modulated by Nitrogen‐Bridged Ligands in MBene Toward Bilateral Sulfur Redox Chemistry,Advanced Functional Materials,2024,Wiley,10.1002/adfm.202410583,https://doi.org/10.1002/adfm.202410583,https://onlinelibrary.wiley.com/doi/pdfdirect/10.1002/adfm.202410583,download_failed: HTTPError,,本文关注 Fe 单原子位点在 carbon/other support 等载体上的催化行为，主要应用于hydrogen evolution reaction。 文章以材料制备、结构表征和催化性能测试为核心，通常结合谱学/显微表征确认单原子分散。 摘要要点：Abstract Exploring functional substrates for single‐atom electrocatalysts and precisely modulating their electronic microenvironments are of significant importance for sulfur redox chemistry in lithium‐sulfur batteries (LSBs) with unsatisfactory shuttle effect,识别到合成、表征、电化学/催化测试或 operando/in situ 等实验关键词；若含 DFT，则视作实验论文的机理支持。
E0606,Experimental,Ti; Pt,carbon/other support,oxygen reduction reaction,Unraveling the CO Oxidation Mechanism over Highly Dispersed Pt Single Atom on Anatase TiO 2 (101),ACS Catalysis,2024,American Chemical Society,10.1021/acscatal.4c01018,https://doi.org/10.1021/acscatal.4c01018,https://escholarship.org/content/qt7vr5k22n/qt7vr5k22n.pdf,downloaded_open_access_pdf,Experimental/Ti/pdfs/E0606_Unraveling_the_CO_Oxidation_Mechanism_over_Highly_Dispersed_Pt_Single_Atom_on_Anatase_TiO_.pdf,"本文关注 Ti, Pt 单原子位点在 carbon/other support 等载体上的催化行为，主要应用于oxygen reduction reaction。 文章以材料制备、结构表征和催化性能测试为核心，通常结合谱学/显微表征确认单原子分散。 摘要要点：Catalysts with noble metals deposited as single atoms on metal oxide supports have recently been studied extensively due to their maximized metal utilization and potential for performing difficult chemical conversions owing to their unique electronic propertie",题名/摘要包含合成、制备、表征、测试或实验-理论联合研究信息，按实验论文归类；其中计算部分视作机理支持。
E0607,Experimental,Pt,carbon/other support,oxygen reduction reaction,Unraveling the pH-Dependent Oxygen Reduction Performance on Single-Atom Catalysts: From Single- to Dual-Sabatier Optima,Journal of the American Chemical Society,2024,American Chemical Society,10.1021/jacs.3c11246,https://doi.org/10.1021/jacs.3c11246,https://pubs.acs.org/doi/pdf/10.1021/jacs.3c11246,download_failed: HTTPError,,"本文关注 Pt 单原子位点在 carbon/other support 等载体上的催化行为，主要应用于oxygen reduction reaction。 文章以材料制备、结构表征和催化性能测试为核心，通常结合谱学/显微表征确认单原子分散。 摘要要点：Metal–nitrogen–carbon (M–N–C) single-atom catalysts (SACs) have emerged as a potential substitute for the costly platinum-group catalysts in oxygen reduction reaction (ORR). However, several critical aspects of M–N–C SACs in ORR remain poorly understood, inclu",题名/摘要包含合成、制备、表征、测试或实验-理论联合研究信息，按实验论文归类；其中计算部分视作机理支持。
E0608,Experimental,Fe; Co,graphene,oxygen reduction reaction,Unravelling Species‐Specific Loading Effects on Oxygen Reduction Activity of Heteronuclear Single Atom Catalysts,Small Methods,2024,Wiley,10.1002/smtd.202401333,https://doi.org/10.1002/smtd.202401333,,no_open_pdf_in_metadata,,"本文关注 Fe, Co 单原子位点在 graphene 等载体上的催化行为，主要应用于oxygen reduction reaction。 文章以材料制备、结构表征和催化性能测试为核心，通常结合谱学/显微表征确认单原子分散。 摘要要点：Abstract Toward high‐density single atom catalysts (SACs), the interaction between neighboring SACs and the induced non‐linear loading effect become crucial for their intrinsic catalytic performance. Despite recent investigations on homonuclear SACs, understan",题名/摘要包含合成、制备、表征、测试或实验-理论联合研究信息，按实验论文归类；其中计算部分视作机理支持。
E0609,Experimental,Co; Ni,N-doped carbon,catalysis,3D printing of architected sulfur cathodes with dual-site atomic catalysts for accelerated polysulfide kinetics and Li-ion transport in high areal-loading lithium–sulfur batteries,Journal of Materials Chemistry A,2025,Royal Society of Chemistry,10.1039/d5ta06211j,https://doi.org/10.1039/d5ta06211j,https://pubs.rsc.org/en/content/articlepdf/2025/ta/d5ta06211j,downloaded_open_access_pdf,Experimental/Co/pdfs/E0609_3D_printing_of_architected_sulfur_cathodes_with_dual-site_atomic_catalysts_for_accelerated.pdf,"本文关注 Co, Ni 单原子位点在 N-doped carbon 等载体上的催化行为，主要应用于catalysis。 文章以材料制备、结构表征和催化性能测试为核心，通常结合谱学/显微表征确认单原子分散。 摘要要点：Current-collector-free 3D-printed sulfur cathode with dual Co/Ni single-atom sites on N-doped carbon, enabling high sulfur loading, rapid redox kinetics, and long cycle life in Li–S batteries.",识别到合成、表征、电化学/催化测试或 operando/in situ 等实验关键词；若含 DFT，则视作实验论文的机理支持。
E0610,Experimental,Cu; Pt; Au,carbon/other support,hydrogen evolution reaction,A Facile Electrochemical Approach to Synthesizing Stable Single Metal Atom Catalytic Centers and Clusters on N‐Doped Carbon for Electrocatalysis,Small,2025,Wiley,10.1002/smll.202512625,https://doi.org/10.1002/smll.202512625,https://onlinelibrary.wiley.com/doi/pdfdirect/10.1002/smll.202512625,download_failed: HTTPError,,"本文关注 Cu, Pt, Au 单原子位点在 carbon/other support 等载体上的催化行为，主要应用于hydrogen evolution reaction。 文章以材料制备、结构表征和催化性能测试为核心，通常结合谱学/显微表征确认单原子分散。 摘要要点：A new synthetic strategy is demonstrated for the facile and potentially general synthesis of single atom catalysts (SACs) on mesoporous carbon films directly from a bulk metal plate. The technique relies on electrochemical oxidation in the presence of dopamine",题名/摘要包含合成、制备、表征、测试或实验-理论联合研究信息，按实验论文归类；其中计算部分视作机理支持。
E0611,Experimental,V; Co; Rh,N-doped graphene,oxygen evolution reaction,A Simple Descriptor toward Optimizing Electrocatalytic N 2 Oxidation to HNO 3 Performance over Graphene-Based Single-Atom Catalysts,The Journal of Physical Chemistry Letters,2025,American Chemical Society,10.1021/acs.jpclett.5c00234,https://doi.org/10.1021/acs.jpclett.5c00234,,no_open_pdf_in_metadata,,"本文关注 V, Co, Rh 单原子位点在 N-doped graphene 等载体上的催化行为，主要应用于oxygen evolution reaction。 文章以材料制备、结构表征和催化性能测试为核心，通常结合谱学/显微表征确认单原子分散。 摘要要点：Single-atom catalysts (SACs) exhibit tremendous advantages in the electrochemical N2 oxidation reaction (EN2OR) to HNO3, which is an eco-friendly alternative to the synthesis of conventional industrial nitric acid and nitrates, but methods to rationally design",题名/摘要包含合成、制备、表征、测试或实验-理论联合研究信息，按实验论文归类；其中计算部分视作机理支持。
E0612,Experimental,V,graphene,oxygen reduction reaction,Activity Descriptors of Nonmetal Doped Xene-Based Single-Atom Catalysts for Enhanced NO Electroreduction via Hetero-Xene-Layer Integration,The Journal of Physical Chemistry C,2025,American Chemical Society,10.1021/acs.jpcc.5c05703,https://doi.org/10.1021/acs.jpcc.5c05703,,no_open_pdf_in_metadata,,"本文关注 V 单原子位点在 graphene 等载体上的催化行为，主要应用于oxygen reduction reaction。 文章以材料制备、结构表征和催化性能测试为核心，通常结合谱学/显微表征确认单原子分散。 摘要要点：Electrochemical NO reduction reaction (NORR) holds promise for sustainable NH3 synthesis but requires an efficient catalyst. Using first-principles calculations, we propose a strategic framework of 12 nonmetal (B/P)-doped single-atom catalysts (SACs), featurin",题名/摘要包含合成、制备、表征、测试或实验-理论联合研究信息，按实验论文归类；其中计算部分视作机理支持。
E0613,Experimental,Mixed_or_unclear,carbon/other support,oxygen reduction reaction,"Advancements in Single‐Atom Catalysts: Synthesis, Characterization, and Applications in Sensing Technologies",Small Science,2025,Wiley,10.1002/smsc.202500449,https://doi.org/10.1002/smsc.202500449,https://onlinelibrary.wiley.com/doi/pdfdirect/10.1002/smsc.202500449,download_failed: HTTPError,,"本文关注 Mixed_or_unclear 单原子位点在 carbon/other support 等载体上的催化行为，主要应用于oxygen reduction reaction。 文章以材料制备、结构表征和催化性能测试为核心，通常结合谱学/显微表征确认单原子分散。 摘要要点：Single-atom catalysts (SACs) have rapidly progressed from early proof-of-concept studies to high-performance sensing platforms. Their atomically dispersed active sites and tunable coordination environments, offer superior catalytic activity and selectivity com",识别到合成、表征、电化学/催化测试或 operando/in situ 等实验关键词；若含 DFT，则视作实验论文的机理支持。
E0614,Experimental,Pd; Au,carbon/other support,oxygen reduction reaction,An AI‐Powered Methodology for Atomic‐Scale Analysis of Heterogenized Correlated Single‐Atom Catalysts,Small Methods,2025,Wiley,10.1002/smtd.202402010,https://doi.org/10.1002/smtd.202402010,https://onlinelibrary.wiley.com/doi/pdfdirect/10.1002/smtd.202402010,download_failed: HTTPError,,"本文关注 Pd, Au 单原子位点在 carbon/other support 等载体上的催化行为，主要应用于oxygen reduction reaction。 文章以材料制备、结构表征和催化性能测试为核心，通常结合谱学/显微表征确认单原子分散。 摘要要点：Correlated single-atom catalysts offer transformative potential in catalysis, particularly in the field of electrocatalysis, with a focus on oxygen evolution reactions. Advanced characterization is critical to understanding their atomic-scale properties when t",题名/摘要包含合成、制备、表征、测试或实验-理论联合研究信息，按实验论文归类；其中计算部分视作机理支持。
E0615,Experimental,Co,carbon/other support,oxygen reduction reaction,Architecting hydrangea-inspired nitrogen-doped hollow carbon with isolated Co atoms for superior oxygen reduction catalysis,Journal of Materials Chemistry A,2025,Royal Society of Chemistry,10.1039/d5ta00769k,https://doi.org/10.1039/d5ta00769k,https://pubs.rsc.org/en/content/articlepdf/2025/ta/d5ta00769k,downloaded_open_access_pdf,Experimental/Co/pdfs/E0615_Architecting_hydrangea-inspired_nitrogen-doped_hollow_carbon_with_isolated_Co_atoms_for_su.pdf,"本文关注 Co 单原子位点在 carbon/other support 等载体上的催化行为，主要应用于oxygen reduction reaction。 文章以材料制备、结构表征和催化性能测试为核心，通常结合谱学/显微表征确认单原子分散。 摘要要点：The incorporation of atomically dispersed Co sites onto N-deficient carbon frameworks modulates the local electronic configuration, resulting in enhanced electrocatalytic performance toward oxygen reduction reaction (ORR).",识别到合成、表征、电化学/催化测试或 operando/in situ 等实验关键词；若含 DFT，则视作实验论文的机理支持。
E0616,Experimental,Co,carbon nitride,hydrogen evolution reaction,Asymmetric Coordination in Cobalt Single‐Atom Catalysts Enables Fast Charge Dynamics and Hierarchical Active Sites for Two‐Stage Kinetics in Photodegradation of Organic Pollutants,Angewandte Chemie International Edition,2025,Wiley,10.1002/anie.202507028,https://doi.org/10.1002/anie.202507028,https://onlinelibrary.wiley.com/doi/pdfdirect/10.1002/anie.202507028,download_failed: HTTPError,,"本文关注 Co 单原子位点在 carbon nitride 等载体上的催化行为，主要应用于hydrogen evolution reaction。 文章以材料制备、结构表征和催化性能测试为核心，通常结合谱学/显微表征确认单原子分散。 摘要要点：Abstract Single‐atom catalysts (SACs) have attracted growing interest in solar‐driven catalysis, though challenges persist due to symmetrical metal coordination, which results in limited driving force and sluggish charge dynamics. Additionally, uneven energy a",题名/摘要包含合成、制备、表征、测试或实验-理论联合研究信息，按实验论文归类；其中计算部分视作机理支持。
E0617,Experimental,Co,carbon nitride,hydrogen evolution reaction,Asymmetric Coordination in Cobalt Single‐Atom Catalysts Enables Fast Charge Dynamics and Hierarchical Active Sites for Two‐Stage Kinetics in Photodegradation of Organic Pollutants,Angewandte Chemie,2025,Wiley,10.1002/ange.202507028,https://doi.org/10.1002/ange.202507028,,no_open_pdf_in_metadata,,"本文关注 Co 单原子位点在 carbon nitride 等载体上的催化行为，主要应用于hydrogen evolution reaction。 文章以材料制备、结构表征和催化性能测试为核心，通常结合谱学/显微表征确认单原子分散。 摘要要点：Abstract Single‐atom catalysts (SACs) have attracted growing interest in solar‐driven catalysis, though challenges persist due to symmetrical metal coordination, which results in limited driving force and sluggish charge dynamics. Additionally, uneven energy a",题名/摘要包含合成、制备、表征、测试或实验-理论联合研究信息，按实验论文归类；其中计算部分视作机理支持。
E0618,Experimental,Co,carbon nitride,CO2 reduction/conversion,Asymmetrical Degree Engineered Carbon Dioxide Photoreduction for Single Atomic Co Sites on Polymeric Carbon Nitride,Advanced Functional Materials,2025,Wiley,10.1002/adfm.202511356,https://doi.org/10.1002/adfm.202511356,,no_open_pdf_in_metadata,,"本文关注 Co 单原子位点在 carbon nitride 等载体上的催化行为，主要应用于CO2 reduction/conversion。 文章以材料制备、结构表征和催化性能测试为核心，通常结合谱学/显微表征确认单原子分散。 摘要要点：Abstract Asymmetrical coordination engineering of the active moieties, crucial for optimizing the adsorption/desorption of intermediates, enables to enhance the catalytic performance of single‐atom catalysts (SACs) for CO 2 photoreduction. However, a universal",识别到合成、表征、电化学/催化测试或 operando/in situ 等实验关键词；若含 DFT，则视作实验论文的机理支持。
E0619,Experimental,Cu,carbon/other support,hydrogen evolution reaction,Atomically Dispersed Copper Electrocatalysts with Proton‐feeding Centers for Efficient Ammonia Synthesis by Nitrate Electroreduction,Advanced Functional Materials,2025,Wiley,10.1002/adfm.202508619,https://doi.org/10.1002/adfm.202508619,https://onlinelibrary.wiley.com/doi/pdfdirect/10.1002/adfm.202508619,download_failed: HTTPError,,"本文关注 Cu 单原子位点在 carbon/other support 等载体上的催化行为，主要应用于hydrogen evolution reaction。 文章以材料制备、结构表征和催化性能测试为核心，通常结合谱学/显微表征确认单原子分散。 摘要要点：Abstract Electrocatalytic conversion of nitrate pollutants into ammonia (NH 3 ) is promising for high‐value chemical production while mitigating environmental pollution. Catalysts play a crucial role in facilitating the necessary chemical reactions, but despit",题名/摘要包含合成、制备、表征、测试或实验-理论联合研究信息，按实验论文归类；其中计算部分视作机理支持。
E0620,Experimental,Ni; Cu,carbon nitride,hydrogen evolution reaction,Atomically Dispersed Cu–Ni Dual-Metal Sites on g-C 3 N 4 for Synergistic Enhancement of Photocatalytic Hydrogen Evolution,ACS Applied Energy Materials,2025,American Chemical Society,10.1021/acsaem.5c01346,https://doi.org/10.1021/acsaem.5c01346,,no_open_pdf_in_metadata,,"本文关注 Ni, Cu 单原子位点在 carbon nitride 等载体上的催化行为，主要应用于hydrogen evolution reaction。 文章以材料制备、结构表征和催化性能测试为核心，通常结合谱学/显微表征确认单原子分散。 摘要要点：Single-atom catalysts (SACs) offer a promising strategy to enhance light utilization and charge carrier dynamics in photocatalytic hydrogen evolution. However, the uniform dispersion and stabilization of single-atom active sites remain significant challenges.",题名/摘要包含合成、制备、表征、测试或实验-理论联合研究信息，按实验论文归类；其中计算部分视作机理支持。
E0621,Experimental,Fe; Zn,graphene,oxygen reduction reaction,Atomically Dispersed Fe Anchored on Nitrogen‐Doped Graphene as Advanced Bifunctional Electrocatalyst for Oxygen Electrode in Rechargeable Zn–Air Battery,ChemCatChem,2025,Wiley,10.1002/cctc.202500731,https://doi.org/10.1002/cctc.202500731,https://onlinelibrary.wiley.com/doi/pdfdirect/10.1002/cctc.202500731,download_failed: HTTPError,,"本文关注 Fe, Zn 单原子位点在 graphene 等载体上的催化行为，主要应用于oxygen reduction reaction。 文章以材料制备、结构表征和催化性能测试为核心，通常结合谱学/显微表征确认单原子分散。 摘要要点：Abstract Developing nonprecious metal oxygen reduction reaction (ORR) and oxygen evolution reaction (OER) electrocatalysts with both high activity and stability remains a critical challenge for advanced metal–air battery. In this work, we develop a ball‐millin",题名/摘要包含合成、制备、表征、测试或实验-理论联合研究信息，按实验论文归类；其中计算部分视作机理支持。
E0622,Experimental,Mixed_or_unclear,carbon nitride,oxygen reduction reaction,Atomically Dispersed Magnesium Centers on Carbon Nitride for H 2 O 2 Production and Synergistic In Situ Water Disinfection,Environmental Science & Technology,2025,American Chemical Society,10.1021/acs.est.5c05354,https://doi.org/10.1021/acs.est.5c05354,,no_open_pdf_in_metadata,,"本文关注 Mixed_or_unclear 单原子位点在 carbon nitride 等载体上的催化行为，主要应用于oxygen reduction reaction。 文章以材料制备、结构表征和催化性能测试为核心，通常结合谱学/显微表征确认单原子分散。 摘要要点：Safe drinking water is vital to human health and developing efficient water disinfection technologies, especially for resource-limited regions, is a pressing environmental challenge. Photocatalytic in situ generation of hydrogen peroxide (H2O2) offers a promis",题名/摘要包含合成、制备、表征、测试或实验-理论联合研究信息，按实验论文归类；其中计算部分视作机理支持。
E0623,Experimental,Fe,N-doped carbon,hydrogen evolution reaction,Axial Chlorine-Induced Symmetry-Breaking Iron Single-Atom Catalyst for Electrochemical Ammonia Synthesis,ACS Catalysis,2025,American Chemical Society,10.1021/acscatal.4c06501,https://doi.org/10.1021/acscatal.4c06501,https://orca.cardiff.ac.uk/id/eprint/176910/1/Manuscript%20file-ACS%20Catalysis-Haifeng%20Qi.pdf,download_failed: HTTPError,,"本文关注 Fe 单原子位点在 N-doped carbon 等载体上的催化行为，主要应用于hydrogen evolution reaction。 文章以材料制备、结构表征和催化性能测试为核心，通常结合谱学/显微表征确认单原子分散。 摘要要点：Electrochemical nitrate reduction reaction (NO3–RR) presents a sustainable method for ammonia synthesis. Single-atom catalysts possessing the symmetric planar four-ligand structure (M-N4) serve as advantageous catalytic active sites for NO3–RR. However, the in",识别到合成、表征、电化学/催化测试或 operando/in situ 等实验关键词；若含 DFT，则视作实验论文的机理支持。
E0624,Experimental,Sn,carbon/other support,hydrogen evolution reaction,Bilayer electrified-membrane with pair-atom tin catalysts for near-complete conversion of low concentration nitrate to dinitrogen,Nature Communications,2025,Nature Portfolio,10.1038/s41467-025-56102-7,https://doi.org/10.1038/s41467-025-56102-7,https://www.nature.com/articles/s41467-025-56102-7.pdf,open_url_not_pdf,,"本文关注 Sn 单原子位点在 carbon/other support 等载体上的催化行为，主要应用于hydrogen evolution reaction。 文章以材料制备、结构表征和催化性能测试为核心，通常结合谱学/显微表征确认单原子分散。 摘要要点：Discharge of wastewater containing nitrate (NO3−) disrupts aquatic ecosystems even at low concentrations. However, selective and rapid reduction of NO3− at low concentration to dinitrogen (N2) is technically challenging. Here, we present an electrified membran",题名/摘要包含合成、制备、表征、测试或实验-理论联合研究信息，按实验论文归类；其中计算部分视作机理支持。
E0625,Experimental,Co,graphene,oxygen reduction reaction,Biomolecules-Derived Nitrogen-Doped Turbostratic Graphene Nanoscaffold Decorated with Cobalt Single Atoms for Enhanced Oxygen Evolution Reaction,Energy & Fuels,2025,American Chemical Society,10.1021/acs.energyfuels.4c05389,https://doi.org/10.1021/acs.energyfuels.4c05389,,no_open_pdf_in_metadata,,"本文关注 Co 单原子位点在 graphene 等载体上的催化行为，主要应用于oxygen reduction reaction。 文章以材料制备、结构表征和催化性能测试为核心，通常结合谱学/显微表征确认单原子分散。 摘要要点：The development of carbon-based first-row transition metal single-atom catalysts (SACs) for the electrochemical oxygen evolution reaction (OER) has recently gained tremendous attention. However, the synthesis of SACs mainly relies on tailored precursors and, t",题名/摘要包含合成、制备、表征、测试或实验-理论联合研究信息，按实验论文归类；其中计算部分视作机理支持。
E0626,Experimental,Cu,carbon/other support,CO2 reduction/conversion,Boosting Hydrogenation of CO 2 Using Cationic Cu Atomically Dispersed on 2D γ‐Al 2 O 3 Nanosheets,Angewandte Chemie International Edition,2025,Wiley,10.1002/anie.202505444,https://doi.org/10.1002/anie.202505444,https://onlinelibrary.wiley.com/doi/pdfdirect/10.1002/anie.202505444,download_failed: HTTPError,,"本文关注 Cu 单原子位点在 carbon/other support 等载体上的催化行为，主要应用于CO2 reduction/conversion。 文章以材料制备、结构表征和催化性能测试为核心，通常结合谱学/显微表征确认单原子分散。 摘要要点：Abstract The continuous development of novel catalytic approaches is crucial for advancing efficient CO 2 hydrogenation processes. Drawing inspiration from single‐atom catalysis and 2D materials, we designed a new 2D single‐atom catalyst with excellent thermal",题名/摘要包含合成、制备、表征、测试或实验-理论联合研究信息，按实验论文归类；其中计算部分视作机理支持。
E0627,Experimental,Ni; Ru,carbon/other support,oxygen evolution reaction,Boosting and stabilizing oxygen evolution reaction through Ru single atoms anchored amorphous NiMoOx electrocatalyst,Nature Communications,2025,Nature Portfolio,10.1038/s41467-025-63870-9,https://doi.org/10.1038/s41467-025-63870-9,https://www.nature.com/articles/s41467-025-63870-9.pdf,open_url_not_pdf,,"本文关注 Ni, Ru 单原子位点在 carbon/other support 等载体上的催化行为，主要应用于oxygen evolution reaction。 文章以材料制备、结构表征和催化性能测试为核心，通常结合谱学/显微表征确认单原子分散。 摘要要点：Efficient and durable electrocatalysts for the oxygen evolution reaction (OER) are essential for advancing water splitting technologies, which enable sustainable hydrogen production. The integration of amorphous oxide supports with metal single atoms offers a",题名/摘要包含合成、制备、表征、测试或实验-理论联合研究信息，按实验论文归类；其中计算部分视作机理支持。
E0628,Experimental,Fe; Co; Ni,carbon/other support,oxygen reduction reaction,Carbon‐Supported Single Fe/Co/Ni Atom Catalysts for Water Oxidation: Unveiling the Dynamic Active Sites,Angewandte Chemie International Edition,2025,Wiley,10.1002/anie.202424629,https://doi.org/10.1002/anie.202424629,https://onlinelibrary.wiley.com/doi/pdfdirect/10.1002/anie.202424629,download_failed: HTTPError,,"本文关注 Fe, Co, Ni 单原子位点在 carbon/other support 等载体上的催化行为，主要应用于oxygen reduction reaction。 文章以材料制备、结构表征和催化性能测试为核心，通常结合谱学/显微表征确认单原子分散。 摘要要点：Extensive research has been conducted on carbon-supported single-atom catalysts (SACs) for electrochemical applications, owing to their outstanding conductivity and high metal atom utilization. The atomic dispersion of active sites provides an ideal platform t",题名/摘要包含合成、制备、表征、测试或实验-理论联合研究信息，按实验论文归类；其中计算部分视作机理支持。
E0629,Experimental,Zn,graphene,oxygen reduction reaction,Cascade Limiting Strategy for Constructing Single‐Atomic Catalysts on Self‐Supporting Hydrophobic Edge‐Rich Graphene Membrane as Zn‐Air Battery Cathode,Small,2025,Wiley,10.1002/smll.202503448,https://doi.org/10.1002/smll.202503448,,no_open_pdf_in_metadata,,"本文关注 Zn 单原子位点在 graphene 等载体上的催化行为，主要应用于oxygen reduction reaction。 文章以材料制备、结构表征和催化性能测试为核心，通常结合谱学/显微表征确认单原子分散。 摘要要点：Abstract Despite the great potential of Fe single‐atom catalysts (SACs) to replace platinum‐based materials for oxygen reduction reaction (ORR), their synthesis is hindered by the strong tendency of atomic migration/aggregation and uncontrollable substrate etc",题名/摘要包含合成、制备、表征、测试或实验-理论联合研究信息，按实验论文归类；其中计算部分视作机理支持。
E0630,Experimental,Fe,carbon/other support,CO2 reduction/conversion,Cascade‐Welding Strategy to Anchor Atomic Iron Metal Sites on Superstructured Porous Carbons for both Organic Oxidation Transformation and Electrocatalytic CO 2 Reduction Reaction,Small,2025,Wiley,10.1002/smll.202511207,https://doi.org/10.1002/smll.202511207,https://onlinelibrary.wiley.com/doi/pdfdirect/10.1002/smll.202511207,download_failed: HTTPError,,"本文关注 Fe 单原子位点在 carbon/other support 等载体上的催化行为，主要应用于CO2 reduction/conversion。 文章以材料制备、结构表征和催化性能测试为核心，通常结合谱学/显微表征确认单原子分散。 摘要要点：Abstract Atomic single metal sites riveted on carbon materials have drawn ever‐growing interest in various electrocatalytic and inorganic transformation processes owing to their exceptional catalytic performance and selectivity. However, there are challenges f",题名/摘要包含合成、制备、表征、测试或实验-理论联合研究信息，按实验论文归类；其中计算部分视作机理支持。
E0631,Experimental,Ti,graphene,CO2 reduction/conversion,Catalytic Promotion of Transition-Metal-Doped Graphene Cathodes in Li-CO 2 Batteries,The Journal of Physical Chemistry C,2025,American Chemical Society,10.1021/acs.jpcc.4c06763,https://doi.org/10.1021/acs.jpcc.4c06763,,no_open_pdf_in_metadata,,"本文关注 Ti 单原子位点在 graphene 等载体上的催化行为，主要应用于CO2 reduction/conversion。 文章以材料制备、结构表征和催化性能测试为核心，通常结合谱学/显微表征确认单原子分散。 摘要要点：The Li-CO2 battery is a promising energy storage system with impressive theoretical specific energy and discharge capacity. Graphene-based single-atom catalysts (SACs) provide high surface area and long-term electrochemical reactivity and stability, making SAC",题名/摘要包含合成、制备、表征、测试或实验-理论联合研究信息，按实验论文归类；其中计算部分视作机理支持。
E0632,Experimental,Ti,carbon/other support,oxygen reduction reaction,Cd Single Atom as an Electron Mediator in an S‐Scheme Heterojunction for Artificial Photosynthesis of H 2 O 2,Advanced Energy Materials,2025,Wiley,10.1002/aenm.202405478,https://doi.org/10.1002/aenm.202405478,https://onlinelibrary.wiley.com/doi/pdfdirect/10.1002/aenm.202405478,download_failed: HTTPError,,"本文关注 Ti 单原子位点在 carbon/other support 等载体上的催化行为，主要应用于oxygen reduction reaction。 文章以材料制备、结构表征和催化性能测试为核心，通常结合谱学/显微表征确认单原子分散。 摘要要点：Abstract Developing conductor‐mediated S‐scheme heterojunction photocatalysts imitating natural photosynthetic systems emerges as a promising approach to hydrogen peroxide (H 2 O 2 ) production. However, achieving precise coupling between two semiconductors wi",题名/摘要包含合成、制备、表征、测试或实验-理论联合研究信息，按实验论文归类；其中计算部分视作机理支持。
E0633,Experimental,Mixed_or_unclear,graphene,hydrogen evolution reaction,Confined Assembly of Well-Defined Single-Unit Chain with Charge Delocalization for Boosting Catalysis,Journal of the American Chemical Society,2025,American Chemical Society,10.1021/jacs.5c09743,https://doi.org/10.1021/jacs.5c09743,,no_open_pdf_in_metadata,,"本文关注 Mixed_or_unclear 单原子位点在 graphene 等载体上的催化行为，主要应用于hydrogen evolution reaction。 文章以材料制备、结构表征和催化性能测试为核心，通常结合谱学/显微表征确认单原子分散。 摘要要点：The ultimate miniaturization of catalysts to single-atomic dimensions offers a promising route to maximize the catalytic performance through fully exposed active sites and precisely tailored electronic structures. However, the synthesis of atomically precise o",题名/摘要包含合成、制备、表征、测试或实验-理论联合研究信息，按实验论文归类；其中计算部分视作机理支持。
E0634,Experimental,Co,graphene,oxygen reduction reaction,Confining Asymmetrically Coordinated Cobalt Single‐Atoms/Clusters on Holey MXene for Ultrafast Fenton‐Like Catalysis,Angewandte Chemie International Edition,2025,Wiley,10.1002/anie.202511266,https://doi.org/10.1002/anie.202511266,https://onlinelibrary.wiley.com/doi/pdfdirect/10.1002/anie.202511266,download_failed: HTTPError,,"本文关注 Co 单原子位点在 graphene 等载体上的催化行为，主要应用于oxygen reduction reaction。 文章以材料制备、结构表征和催化性能测试为核心，通常结合谱学/显微表征确认单原子分散。 摘要要点：Abstract Developing single‐atom catalysts (SACs) with asymmetric coordination configurations is essential for enhancing peroxymonosulfate (PMS) activation in Fenton‐like reactions. However, precisely regulating the electronic structure and coordination environ",题名/摘要包含合成、制备、表征、测试或实验-理论联合研究信息，按实验论文归类；其中计算部分视作机理支持。
E0635,Experimental,Co,graphene,oxygen reduction reaction,Confining Asymmetrically Coordinated Cobalt Single‐Atoms/Clusters on Holey MXene for Ultrafast Fenton‐Like Catalysis,Angewandte Chemie,2025,Wiley,10.1002/ange.202511266,https://doi.org/10.1002/ange.202511266,,no_open_pdf_in_metadata,,"本文关注 Co 单原子位点在 graphene 等载体上的催化行为，主要应用于oxygen reduction reaction。 文章以材料制备、结构表征和催化性能测试为核心，通常结合谱学/显微表征确认单原子分散。 摘要要点：Abstract Developing single‐atom catalysts (SACs) with asymmetric coordination configurations is essential for enhancing peroxymonosulfate (PMS) activation in Fenton‐like reactions. However, precisely regulating the electronic structure and coordination environ",题名/摘要包含合成、制备、表征、测试或实验-理论联合研究信息，按实验论文归类；其中计算部分视作机理支持。
E0636,Experimental,Fe; Pd,carbon/other support,hydrogen evolution reaction,Continuous photo-oxidation of methane to methanol at an atomically tailored reticular gas-solid interface,Nature Communications,2025,Nature Portfolio,10.1038/s41467-025-56180-7,https://doi.org/10.1038/s41467-025-56180-7,https://www.nature.com/articles/s41467-025-56180-7.pdf,open_url_not_pdf,,"本文关注 Fe, Pd 单原子位点在 carbon/other support 等载体上的催化行为，主要应用于hydrogen evolution reaction。 文章以材料制备、结构表征和催化性能测试为核心，通常结合谱学/显微表征确认单原子分散。 摘要要点：Photo-oxidation of methane (CH4) using hydrogen peroxide (H2O2) synthesized in situ from air and water under sunlight offers an attractive route for producing green methanol while storing intermittent solar energy. However, in commonly used aqueous-phase syste",题名/摘要包含合成、制备、表征、测试或实验-理论联合研究信息，按实验论文归类；其中计算部分视作机理支持。
E0637,Experimental,Sc; Ti; V; Cr; Mn; Fe; Co; Ni; Cu; Zn; Pt,N-doped graphene,oxygen reduction reaction,Conventional versus Unconventional Oxygen Reduction Reaction Intermediates on Single Atom Catalysts,ACS Applied Materials & Interfaces,2025,American Chemical Society,10.1021/acsami.4c23082,https://doi.org/10.1021/acsami.4c23082,https://pmc.ncbi.nlm.nih.gov/articles/PMC12163882/pdf/am4c23082.pdf,open_url_not_pdf,,"本文关注 Sc, Ti, V, Cr, Mn, Fe, Co, Ni, Cu, Zn, Pt 单原子位点在 N-doped graphene 等载体上的催化行为，主要应用于oxygen reduction reaction。 文章以材料制备、结构表征和催化性能测试为核心，通常结合谱学/显微表征确认单原子分散。 摘要要点：The oxygen reduction reaction (ORR) stands as a pivotal process in electrochemistry, finding applications in various energy conversion technologies such as fuel cells, metal-air batteries, and chlor-alkali electrolyzers. Hereby, a comprehensive density functio",题名/摘要包含合成、制备、表征、测试或实验-理论联合研究信息，按实验论文归类；其中计算部分视作机理支持。
E0638,Experimental,Cu,carbon nitride,oxygen reduction reaction,Copper Single‐Atom Catalyst for Efficient C─S Coupling in Thioether Synthesis,Angewandte Chemie International Edition,2025,Wiley,10.1002/anie.202510632,https://doi.org/10.1002/anie.202510632,https://onlinelibrary.wiley.com/doi/pdfdirect/10.1002/anie.202510632,download_failed: HTTPError,,"本文关注 Cu 单原子位点在 carbon nitride 等载体上的催化行为，主要应用于oxygen reduction reaction。 文章以材料制备、结构表征和催化性能测试为核心，通常结合谱学/显微表征确认单原子分散。 摘要要点：Carbon-heteroatom cross-coupling reactions have become indispensable tools in synthetic chemistry. However, the formation of carbon-sulfur (C─S) bonds, which are essential for producing thioethers used in pharmaceuticals, agrochemicals, and advanced materials,",题名/摘要包含合成、制备、表征、测试或实验-理论联合研究信息，按实验论文归类；其中计算部分视作机理支持。
E0639,Experimental,Cu,graphene,hydrogen evolution reaction,Copper Single‐Atom Decorated Microfibrous Catalysts for Continuous‐Flow Reduction of Nitroarenes,Advanced Functional Materials,2025,Wiley,10.1002/adfm.202521090,https://doi.org/10.1002/adfm.202521090,https://onlinelibrary.wiley.com/doi/pdfdirect/10.1002/adfm.202521090,download_failed: HTTPError,,"本文关注 Cu 单原子位点在 graphene 等载体上的催化行为，主要应用于hydrogen evolution reaction。 文章以材料制备、结构表征和催化性能测试为核心，通常结合谱学/显微表征确认单原子分散。 摘要要点：Abstract Continuous‐flow fixed‐bed reactors effectively bridge laboratory research and industrial production. As the key component, the catalyst module must demonstrate high catalytic activity and rapid reactant distribution to maximize the catalytic turnover.",识别到合成、表征、电化学/催化测试或 operando/in situ 等实验关键词；若含 DFT，则视作实验论文的机理支持。
E0640,Experimental,V; Co,carbon/other support,CO2 reduction/conversion,Densely populated macrocyclic dicobalt sites in ladder polymers for low-overpotential oxygen reduction catalysis,Nature Communications,2025,Nature Portfolio,10.1038/s41467-025-56066-8,https://doi.org/10.1038/s41467-025-56066-8,https://www.nature.com/articles/s41467-025-56066-8.pdf,open_url_not_pdf,,"本文关注 V, Co 单原子位点在 carbon/other support 等载体上的催化行为，主要应用于CO2 reduction/conversion。 文章以材料制备、结构表征和催化性能测试为核心，通常结合谱学/显微表征确认单原子分散。 摘要要点：Dual-atom catalysts featuring synergetic dinuclear active sites, have the potential of breaking the linear scaling relationship of the well-established single-atom catalysts for oxygen reduction reaction; however, the design of dual-atom catalysts with rationa",识别到合成、表征、电化学/催化测试或 operando/in situ 等实验关键词；若含 DFT，则视作实验论文的机理支持。
E0641,Experimental,Co,carbon nitride,CO2 reduction/conversion,Determining the structure and properties of CO 2 reduction photocatalysts: single atom cobalt atoms supported on various carbon nitrides,RSC Advances,2025,Royal Society of Chemistry,10.1039/d5ra03826j,https://doi.org/10.1039/d5ra03826j,https://pubs.rsc.org/en/content/articlepdf/2025/ra/d5ra03826j,downloaded_open_access_pdf,Experimental/Co/pdfs/E0641_Determining_the_structure_and_properties_of_CO_2_reduction_photocatalysts_single_atom_coba.pdf,本文关注 Co 单原子位点在 carbon nitride 等载体上的催化行为，主要应用于CO2 reduction/conversion。 文章以材料制备、结构表征和催化性能测试为核心，通常结合谱学/显微表征确认单原子分散。 摘要要点：Carbon nitride materials paired with Co atoms have been shown to be effective for CO 2 photoreduction.,识别到合成、表征、电化学/催化测试或 operando/in situ 等实验关键词；若含 DFT，则视作实验论文的机理支持。
E0642,Experimental,Pd; Pt,carbon nitride,hydrogen evolution reaction,Developing Dual-Atom Catalysts with Tunable Electron Synergistic Effect via Photoinduced Ligand Exchange Strategy,ACS Catalysis,2025,American Chemical Society,10.1021/acscatal.4c06059,https://doi.org/10.1021/acscatal.4c06059,,no_open_pdf_in_metadata,,"本文关注 Pd, Pt 单原子位点在 carbon nitride 等载体上的催化行为，主要应用于hydrogen evolution reaction。 文章以材料制备、结构表征和催化性能测试为核心，通常结合谱学/显微表征确认单原子分散。 摘要要点：Dual-atom catalysts (DACs) are promising for various catalytic reactions. However, synthesis challenges have hindered their development. Herein, we propose a universal approach using photoinduced ligand exchange (PILE) to create DACs with high proportions of d",题名/摘要包含合成、制备、表征、测试或实验-理论联合研究信息，按实验论文归类；其中计算部分视作机理支持。
E0643,Experimental,Co,carbon nitride,CO2 reduction/conversion,Dianhydride-Modified Graphitic Carbon Nitride as a Support for Cobalt Single-Atom Photocatalysts,ACS Applied Optical Materials,2025,American Chemical Society,10.1021/acsaom.5c00019,https://doi.org/10.1021/acsaom.5c00019,,no_open_pdf_in_metadata,,"本文关注 Co 单原子位点在 carbon nitride 等载体上的催化行为，主要应用于CO2 reduction/conversion。 文章以材料制备、结构表征和催化性能测试为核心，通常结合谱学/显微表征确认单原子分散。 摘要要点：Graphitic carbon nitride (C3N4) has been widely explored as a photoactive support for single-atom catalysts (SACs). In this study, three different π-rich aromatic dianhydrides are employed to introduce molecularly quantized trap states into the conduction band",识别到合成、表征、电化学/催化测试或 operando/in situ 等实验关键词；若含 DFT，则视作实验论文的机理支持。
E0644,Experimental,Pd,carbon nitride,hydrogen evolution reaction,Diatomic Palladium Catalyst for Enhanced Photocatalytic Water-Donating Transfer Hydrogenation,Journal of the American Chemical Society,2025,American Chemical Society,10.1021/jacs.4c15235,https://doi.org/10.1021/jacs.4c15235,,no_open_pdf_in_metadata,,"本文关注 Pd 单原子位点在 carbon nitride 等载体上的催化行为，主要应用于hydrogen evolution reaction。 文章以材料制备、结构表征和催化性能测试为核心，通常结合谱学/显微表征确认单原子分散。 摘要要点：Diatomic catalysts (DACs) present unique opportunities for harnessing ensemble effects between adjacent metal atoms, thus, expanding the properties of single-atom catalysts (SACs). However, the precise preparation and characterization of this type of catalyst",题名/摘要包含合成、制备、表征、测试或实验-理论联合研究信息，按实验论文归类；其中计算部分视作机理支持。
E0645,Experimental,Ni,carbon/other support,CO2 reduction/conversion,Directed Structural Evolution of Nickel Nanoparticles into Atomically Dispersed Sites for Efficient CO 2 Electroreduction.,Small,2025,Wiley,10.1002/smll.202505521,https://doi.org/10.1002/smll.202505521,https://onlinelibrary.wiley.com/doi/pdfdirect/10.1002/smll.202505521,download_failed: HTTPError,,"本文关注 Ni 单原子位点在 carbon/other support 等载体上的催化行为，主要应用于CO2 reduction/conversion。 文章以材料制备、结构表征和催化性能测试为核心，通常结合谱学/显微表征确认单原子分散。 摘要要点：Abstract Electrochemical CO 2 reduction (CO 2 RR) to carbon monoxide (CO) offers a sustainable pathway for carbon utilization, yet challenges remain in terms of improving selectivity and activity. Herein, we report a Ni/NC catalyst synthesized via a milling ‐",题名/摘要包含合成、制备、表征、测试或实验-理论联合研究信息，按实验论文归类；其中计算部分视作机理支持。
E0646,Experimental,Co,carbon/other support,oxygen evolution reaction,Dual Single‐Atom Anchored on Oxygen Vacancy of CoFe‐LDH for Highly Stable Electrochemical Water Oxidation,Small,2025,Wiley,10.1002/smll.202512240,https://doi.org/10.1002/smll.202512240,https://onlinelibrary.wiley.com/doi/pdfdirect/10.1002/smll.202512240,download_failed: HTTPError,,"本文关注 Co 单原子位点在 carbon/other support 等载体上的催化行为，主要应用于oxygen evolution reaction。 文章以材料制备、结构表征和催化性能测试为核心，通常结合谱学/显微表征确认单原子分散。 摘要要点：ABSTRACT Heterogeneous single‐atom doping is an effective strategy to modulate electronic structures and thereby enhance the electrocatalytic performance of catalysts. In this study, Ru and Ir single atoms are anchored onto the CoFe‐LDH lattice via oxygen‐vaca",题名/摘要包含合成、制备、表征、测试或实验-理论联合研究信息，按实验论文归类；其中计算部分视作机理支持。
E0647,Experimental,Co,N-doped carbon,hydrogen evolution reaction,Dual-Mode Sensor Based on a Single-Atom Cobalt Catalyst for Simultaneous Electrochemical and Colorimetric Detection of Bioactive Small Molecules,Analytical Chemistry,2025,American Chemical Society,10.1021/acs.analchem.5c01216,https://doi.org/10.1021/acs.analchem.5c01216,,no_open_pdf_in_metadata,,"本文关注 Co 单原子位点在 N-doped carbon 等载体上的催化行为，主要应用于hydrogen evolution reaction。 文章以材料制备、结构表征和催化性能测试为核心，通常结合谱学/显微表征确认单原子分散。 摘要要点：The design of single-atom catalysts with dual functions has emerged as a promising strategy for developing high-performance sensing platforms. Herein, we reported a facile host–guest strategy for synthesizing an atomically dispersed Co catalyst (Co–N–C), where",题名/摘要包含合成、制备、表征、测试或实验-理论联合研究信息，按实验论文归类；其中计算部分视作机理支持。
E0648,Experimental,Mn; Zn,carbon/other support,catalysis,Dual‐Enhanced Iodine Confinement and Conversion of Single‐Atom Mn‐N 3 ‐C Catalyst for Long‐life Electrolytic Zn‐I 2 Batteries,Advanced Energy Materials,2025,Wiley,10.1002/aenm.202505589,https://doi.org/10.1002/aenm.202505589,https://onlinelibrary.wiley.com/doi/pdfdirect/10.1002/aenm.202505589,download_failed: HTTPError,,"本文关注 Mn, Zn 单原子位点在 carbon/other support 等载体上的催化行为，主要应用于catalysis。 文章以材料制备、结构表征和催化性能测试为核心，通常结合谱学/显微表征确认单原子分散。 摘要要点：ABSTRACT Aqueous zinc‐iodine (Zn‐I 2 ) batteries are gaining increasing attention because of their environmental friendliness, high capacity, and cost‐effectiveness. The performance of Zn‐I 2 batteries is generally limited by the polyiodide shuttle effect and",识别到合成、表征、电化学/催化测试或 operando/in situ 等实验关键词；若含 DFT，则视作实验论文的机理支持。
E0649,Experimental,Ni; Zn; Ag; Pt; Ga,carbon/other support,CO2 reduction/conversion,Durable and Efficient Solar CO 2 ‐to‐CO Conversion Enabled by Single‐Atom Ag on Zn 3 (PO 4 ) 2 Cathode Coupled With a GaAs/Pt SA @NiOOH Photoanode,Advanced Energy Materials,2025,Wiley,10.1002/aenm.202502953,https://doi.org/10.1002/aenm.202502953,https://onlinelibrary.wiley.com/doi/pdfdirect/10.1002/aenm.202502953,download_failed: HTTPError,,"本文关注 Ni, Zn, Ag, Pt, Ga 单原子位点在 carbon/other support 等载体上的催化行为，主要应用于CO2 reduction/conversion。 文章以材料制备、结构表征和催化性能测试为核心，通常结合谱学/显微表征确认单原子分散。 摘要要点：Abstract The increasing necessity to reduce human‐caused carbon dioxide (CO 2 ) emissions and shift to renewable fuels underscores the significance of innovative carbon‐conversion methods, with photoanode‐assisted CO 2 reduction (photoanode‐CO2RR) recently eme",题名/摘要包含合成、制备、表征、测试或实验-理论联合研究信息，按实验论文归类；其中计算部分视作机理支持。
E0650,Experimental,Co,N-doped carbon,catalysis,Efficient Decarbonylation of Fatty Acids to Long-Chain Alkenes by Ordered Mesoporous N-Doped Carbon-Supported Co Single-Atom Catalysts,ACS Sustainable Chemistry & Engineering,2025,American Chemical Society,10.1021/acssuschemeng.5c08156,https://doi.org/10.1021/acssuschemeng.5c08156,,no_open_pdf_in_metadata,,"本文关注 Co 单原子位点在 N-doped carbon 等载体上的催化行为，主要应用于catalysis。 文章以材料制备、结构表征和催化性能测试为核心，通常结合谱学/显微表征确认单原子分散。 摘要要点：The catalytic decarbonylation of fatty acids is an attractive approach for converting lipid biomass into valuable olefins; yet, the development of cost-effective catalysts that exhibit both high activity and stability remains challenging. In this work, we pres",题名/摘要包含合成、制备、表征、测试或实验-理论联合研究信息，按实验论文归类；其中计算部分视作机理支持。
E0651,Experimental,Ag,carbon/other support,CO2 reduction/conversion,Efficient Electrochemical CO 2 Reduction Using AgN 3 Single‐Atom Sites Embedded in Free‐Standing Electrodes for Flow Cell Applications,Small Science,2025,Wiley,10.1002/smsc.202400643,https://doi.org/10.1002/smsc.202400643,https://onlinelibrary.wiley.com/doi/pdfdirect/10.1002/smsc.202400643,download_failed: HTTPError,,"本文关注 Ag 单原子位点在 carbon/other support 等载体上的催化行为，主要应用于CO2 reduction/conversion。 文章以材料制备、结构表征和催化性能测试为核心，通常结合谱学/显微表征确认单原子分散。 摘要要点：The electrochemical reduction of CO 2 into valuable chemicals presents a promising strategy for carbon utilization; however, it remains challenging due to low activity, poor selectivity and stability of existing catalysts. In this study, we report the fabricat",题名/摘要包含合成、制备、表征、测试或实验-理论联合研究信息，按实验论文归类；其中计算部分视作机理支持。
E0652,Experimental,Co,graphene,catalysis,Efficient and Long-Lasting Removal of High-Level Formaldehyde at Room Temperature over a Cobalt Single-Atom Catalyst Anchored on Graphene-like Carbon Nanosheets,ACS ES&T Engineering,2025,American Chemical Society,10.1021/acsestengg.5c00086,https://doi.org/10.1021/acsestengg.5c00086,,no_open_pdf_in_metadata,,"本文关注 Co 单原子位点在 graphene 等载体上的催化行为，主要应用于catalysis。 文章以材料制备、结构表征和催化性能测试为核心，通常结合谱学/显微表征确认单原子分散。 摘要要点：The single-atom strategy has proven to be an effective approach for improving the catalytic performance of supported metal catalysts. In this study, we synthesized a Co single atom supported on an ultrathin carbon nanosheet (Co-SAs/NCS) to remove high-concentr",题名/摘要包含合成、制备、表征、测试或实验-理论联合研究信息，按实验论文归类；其中计算部分视作机理支持。
E0653,Experimental,V; Zn,N-doped carbon,hydrogen evolution reaction,Electrocatalytic N–C–N coupling over a hierarchically ordered open single-atom superstructure toward organonitrogen synthesis,Nature Communications,2025,Nature Portfolio,10.1038/s41467-025-58948-3,https://doi.org/10.1038/s41467-025-58948-3,https://www.nature.com/articles/s41467-025-58948-3.pdf,open_url_not_pdf,,"本文关注 V, Zn 单原子位点在 N-doped carbon 等载体上的催化行为，主要应用于hydrogen evolution reaction。 文章以材料制备、结构表征和催化性能测试为核心，通常结合谱学/显微表征确认单原子分散。 摘要要点：Electrochemically constructing C–N and N–C–N bonds provides an economical and sustainable alternative to conventional chemosynthesis. Herein, a hierarchically ordered open superstructure of N-doped carbon isolated with accessible three-coordinated Zn single-at",题名/摘要包含合成、制备、表征、测试或实验-理论联合研究信息，按实验论文归类；其中计算部分视作机理支持。
E0654,Experimental,Ni,N-doped carbon,hydrogen evolution reaction,Electron Transfer Expressway from Peroxydisulfate to O 2 Mediated by Diatomic Sites Accelerating 1 O 2 Production for Disinfection,Environmental Science & Technology,2025,American Chemical Society,10.1021/acs.est.5c01975,https://doi.org/10.1021/acs.est.5c01975,,no_open_pdf_in_metadata,,"本文关注 Ni 单原子位点在 N-doped carbon 等载体上的催化行为，主要应用于hydrogen evolution reaction。 文章以材料制备、结构表征和催化性能测试为核心，通常结合谱学/显微表征确认单原子分散。 摘要要点：Current studies on high-density single-atom catalysts (SACs) with the coexistence of single atomic and diatomic sites have ignored the underlying contribution of diatomic sites for persulfate-based disinfection technology. Herein, high-density atomic Ni anchor",题名/摘要包含合成、制备、表征、测试或实验-理论联合研究信息，按实验论文归类；其中计算部分视作机理支持。
E0655,Experimental,Fe,graphene,oxygen reduction reaction,Electronic Complexity of Active Site Models for FeNC Catalysts: A Systematic Study of Truncation Effects in Molecular and Periodic Models,The Journal of Physical Chemistry C,2025,American Chemical Society,10.1021/acs.jpcc.5c02746,https://doi.org/10.1021/acs.jpcc.5c02746,,no_open_pdf_in_metadata,,"本文关注 Fe 单原子位点在 graphene 等载体上的催化行为，主要应用于oxygen reduction reaction。 文章以材料制备、结构表征和催化性能测试为核心，通常结合谱学/显微表征确认单原子分散。 摘要要点：While single-atom catalysts have been widely studied experimentally and computationally due to their high potential for small molecule activation reactions, the structures and electronic details of their active sites remain elusive. Much progress has been made",题名/摘要包含合成、制备、表征、测试或实验-理论联合研究信息，按实验论文归类；其中计算部分视作机理支持。
E0656,Experimental,Co; Cu,carbon/other support,CO2 reduction/conversion,Electronic Structure Tuning in Cu–Co Dual Single Atom Catalysts for Enhanced COOH* Spillover and Electrocalytic CO 2 Reduction Activity,Angewandte Chemie International Edition,2025,Wiley,10.1002/anie.202504423,https://doi.org/10.1002/anie.202504423,https://onlinelibrary.wiley.com/doi/pdfdirect/10.1002/anie.202504423,download_failed: HTTPError,,"本文关注 Co, Cu 单原子位点在 carbon/other support 等载体上的催化行为，主要应用于CO2 reduction/conversion。 文章以材料制备、结构表征和催化性能测试为核心，通常结合谱学/显微表征确认单原子分散。 摘要要点：Abstract The development of efficient electrocatalysts for CO 2 reduction to CO is challenging due to competing hydrogen evolution and intermediate over‐stabilization. In this study, a Cu–Co dual single‐atom catalyst (CuCo‐DSAC) anchored on carbon black was sy",题名/摘要包含合成、制备、表征、测试或实验-理论联合研究信息，按实验论文归类；其中计算部分视作机理支持。
E0657,Experimental,Fe,graphene,hydrogen evolution reaction,Enhanced Electric Field via Multicomponent Synergistic Coordination on Single-Atom Catalysts for Antibiotic Mineralization in Water,Environmental Science & Technology,2025,American Chemical Society,10.1021/acs.est.5c03405,https://doi.org/10.1021/acs.est.5c03405,,no_open_pdf_in_metadata,,"本文关注 Fe 单原子位点在 graphene 等载体上的催化行为，主要应用于hydrogen evolution reaction。 文章以材料制备、结构表征和催化性能测试为核心，通常结合谱学/显微表征确认单原子分散。 摘要要点：The persistence of antibiotics in aquatic ecosystems poses significant long-term ecological and public health risks. Nevertheless, current remediation approaches face critical limitations, including high energy consumption and interference from dissolved organ",题名/摘要包含合成、制备、表征、测试或实验-理论联合研究信息，按实验论文归类；其中计算部分视作机理支持。
E0658,Experimental,Pt,carbon/other support,hydrogen evolution reaction,Enhanced catalytic activity on atomically dispersed PtSe2 two-dimensional layers,Nature Communications,2025,Nature Portfolio,10.1038/s41467-025-61320-0,https://doi.org/10.1038/s41467-025-61320-0,https://www.nature.com/articles/s41467-025-61320-0.pdf,open_url_not_pdf,,"本文关注 Pt 单原子位点在 carbon/other support 等载体上的催化行为，主要应用于hydrogen evolution reaction。 文章以材料制备、结构表征和催化性能测试为核心，通常结合谱学/显微表征确认单原子分散。 摘要要点：A key challenge in heterogeneous catalysis is to design atomically dispersed catalysts with high surface density, while simultaneously preventing agglomeration and promoting electronic metal-support interaction. Transition metal dichalcogenides (TMDs), such as",识别到合成、表征、电化学/催化测试或 operando/in situ 等实验关键词；若含 DFT，则视作实验论文的机理支持。
E0659,Experimental,Cu,carbon nitride,hydrogen evolution reaction,Enzyme-Mimicking Copper Single-Atom Catalyst for Selective Oxidation of Methane to Liquid Oxygenates,Journal of the American Chemical Society,2025,American Chemical Society,10.1021/jacs.5c10016,https://doi.org/10.1021/jacs.5c10016,,no_open_pdf_in_metadata,,"本文关注 Cu 单原子位点在 carbon nitride 等载体上的催化行为，主要应用于hydrogen evolution reaction。 文章以材料制备、结构表征和催化性能测试为核心，通常结合谱学/显微表征确认单原子分散。 摘要要点：Direct methane conversion (DMC) to oxygenates with high reactivity and selectivity represents one of the greatest challenges in catalysis. Herein, we report an enzyme-mimicking Cu1 single-atom catalyst for efficient DMC using H2O2 and O2 as the oxidant. Upon o",题名/摘要包含合成、制备、表征、测试或实验-理论联合研究信息，按实验论文归类；其中计算部分视作机理支持。
E0660,Experimental,Cu,carbon/other support,oxygen reduction reaction,Enzyme-inspired single-atom photocatalysis for oxygen reduction to hydrogen peroxide,Nature Communications,2025,Nature Portfolio,10.1038/s41467-025-67189-3,https://doi.org/10.1038/s41467-025-67189-3,https://www.nature.com/articles/s41467-025-67189-3_reference.pdf,open_url_not_pdf,,"本文关注 Cu 单原子位点在 carbon/other support 等载体上的催化行为，主要应用于oxygen reduction reaction。 文章以材料制备、结构表征和催化性能测试为核心，通常结合谱学/显微表征确认单原子分散。 摘要要点：Photocatalysis presents a promising route for generating sustainable, high-energy-density fuels. However, conventional photocatalysts based on rigid binary metal compounds face significant limitations, including fixed band gaps, rapid charge recombination, and",题名/摘要包含合成、制备、表征、测试或实验-理论联合研究信息，按实验论文归类；其中计算部分视作机理支持。
E0661,Experimental,Fe,graphene oxide,catalysis,Fe single-atom catalysts embedded in reduced graphene oxide for the electrochemical detection of uric acid and hydrogen peroxide,New Journal of Chemistry,2025,Royal Society of Chemistry,10.1039/d5nj03219a,https://doi.org/10.1039/d5nj03219a,,no_open_pdf_in_metadata,,本文关注 Fe 单原子位点在 graphene oxide 等载体上的催化行为，主要应用于catalysis。 文章以材料制备、结构表征和催化性能测试为核心，通常结合谱学/显微表征确认单原子分散。 摘要要点：FeSACs@RGO/SPE for the electrochemical detection of UA and H 2 O 2 .,识别到合成、表征、电化学/催化测试或 operando/in situ 等实验关键词；若含 DFT，则视作实验论文的机理支持。
E0662,Experimental,Fe,graphene oxide,catalysis,Fe–N 4 @Graphene Single-Atom Catalyst-Based Nanozyme against Influenza A Virus,ACS Applied Materials & Interfaces,2025,American Chemical Society,10.1021/acsami.5c05783,https://doi.org/10.1021/acsami.5c05783,,no_open_pdf_in_metadata,,本文关注 Fe 单原子位点在 graphene oxide 等载体上的催化行为，主要应用于catalysis。 文章以材料制备、结构表征和催化性能测试为核心，通常结合谱学/显微表征确认单原子分散。 摘要要点：Recent COVID-19 pandemic has raised an urgent need for effective strategies to combat viruses that can pose serious health threats to the entire human race. Incorporating antipathogenic functions into everyday objects and personal protective equipment has beco,识别到合成、表征、电化学/催化测试或 operando/in situ 等实验关键词；若含 DFT，则视作实验论文的机理支持。
E0663,Experimental,Fe,graphene,hydrogen evolution reaction,Fine-Tuning the Activity Volcano of Single-Atom Iron Catalysts in NH 3 –SCR Regulated by Local Coordination Environment,Energy & Fuels,2025,American Chemical Society,10.1021/acs.energyfuels.4c06055,https://doi.org/10.1021/acs.energyfuels.4c06055,,no_open_pdf_in_metadata,,"本文关注 Fe 单原子位点在 graphene 等载体上的催化行为，主要应用于hydrogen evolution reaction。 文章以材料制备、结构表征和催化性能测试为核心，通常结合谱学/显微表征确认单原子分散。 摘要要点：Although advanced single-atom catalysts (SACs) have demonstrated remarkable performance in various catalytic fields, their application in selective catalytic reduction with ammonia (NH3–SCR) remains challenging due to the lack of fundamental theoretical guidan",题名/摘要包含合成、制备、表征、测试或实验-理论联合研究信息，按实验论文归类；其中计算部分视作机理支持。
E0664,Experimental,W,graphene,hydrogen evolution reaction,Fine‐tuning coordination from WO to WN in graphene gel based single‐atom W for hydrogenation of p ‐chloronitrobenzene,AIChE Journal,2025,Wiley,10.1002/aic.18792,https://doi.org/10.1002/aic.18792,,no_open_pdf_in_metadata,,本文关注 W 单原子位点在 graphene 等载体上的催化行为，主要应用于hydrogen evolution reaction。 文章以材料制备、结构表征和催化性能测试为核心，通常结合谱学/显微表征确认单原子分散。 摘要要点：Abstract The rational design of single‐atom catalysts (SACs) with controllable coordination environments is indispensable for various target reactions. It is still a challenge due to the difficulty in understanding atomic behavior specifically in complex synth,题名/摘要包含合成、制备、表征、测试或实验-理论联合研究信息，按实验论文归类；其中计算部分视作机理支持。
E0665,Experimental,Mo,carbon/other support,catalysis,Frozen slab method mediated sulfur-affinitive single-atom catalysts for efficient reversible sodium storage,Chemical Science,2025,Royal Society of Chemistry,10.1039/d5sc08906a,https://doi.org/10.1039/d5sc08906a,https://pubs.rsc.org/en/content/articlepdf/2026/sc/d5sc08906a,downloaded_open_access_pdf,Experimental/Mo/pdfs/E0665_Frozen_slab_method_mediated_sulfur-affinitive_single-atom_catalysts_for_efficient_reversib.pdf,"本文关注 Mo 单原子位点在 carbon/other support 等载体上的催化行为，主要应用于catalysis。 文章以材料制备、结构表征和催化性能测试为核心，通常结合谱学/显微表征确认单原子分散。 摘要要点：This study investigates carbon-supported single-atom catalysts for MoS 2 -based sodium-ion batteries using frozen slab method, revealing their relative affinity for sulfur and sodium affects Na 2 S decomposition and catalytic reversibility.",识别到合成、表征、电化学/催化测试或 operando/in situ 等实验关键词；若含 DFT，则视作实验论文的机理支持。
E0666,Experimental,Zn,carbon/other support,catalysis,Furfural electrovalorisation to hydrofuroin with near-unity faradaic efficiency on a single-atom zinc catalyst,EES Catalysis,2025,Royal Society of Chemistry,10.1039/d5ey00113g,https://doi.org/10.1039/d5ey00113g,https://pubs.rsc.org/en/content/articlepdf/2025/ey/d5ey00113g,downloaded_open_access_pdf,Experimental/Zn/pdfs/E0666_Furfural_electrovalorisation_to_hydrofuroin_with_near-unity_faradaic_efficiency_on_a_singl.pdf,"本文关注 Zn 单原子位点在 carbon/other support 等载体上的催化行为，主要应用于catalysis。 文章以材料制备、结构表征和催化性能测试为核心，通常结合谱学/显微表征确认单原子分散。 摘要要点：A single-atom zinc catalyst prepared by loading zinc phthalocyanine on carbon nanotubes enables highly efficient transformation of biomass-derived furfural to hydrofuroin, a sustainable aviation fuel precursor, with near-unity efficiency.",题名/摘要包含合成、制备、表征、测试或实验-理论联合研究信息，按实验论文归类；其中计算部分视作机理支持。
E0667,Experimental,Ru; Ga,carbon nitride,hydrogen evolution reaction,Gallium‐Based Eutectic Alloys as Liquid Electron Donors to Ruthenium Single‐Atom Catalysts for Selective Hydrogenation of Vanillin,Angewandte Chemie International Edition,2025,Wiley,10.1002/anie.202505073,https://doi.org/10.1002/anie.202505073,https://onlinelibrary.wiley.com/doi/pdfdirect/10.1002/anie.202505073,download_failed: HTTPError,,"本文关注 Ru, Ga 单原子位点在 carbon nitride 等载体上的催化行为，主要应用于hydrogen evolution reaction。 文章以材料制备、结构表征和催化性能测试为核心，通常结合谱学/显微表征确认单原子分散。 摘要要点：Abstract Tuning the catalytic pathways of atomically dispersed single‐atom catalysts (SAC) has emerged as an effective strategy to optimize their overall catalytic activity. Herein, we present Ru 1 @m‐tube, a hollow carbon nitride‐supported Ru SAC, coated with",识别到合成、表征、电化学/催化测试或 operando/in situ 等实验关键词；若含 DFT，则视作实验论文的机理支持。
E0668,Experimental,Ru; Ga,carbon nitride,hydrogen evolution reaction,Gallium‐Based Eutectic Alloys as Liquid Electron Donors to Ruthenium Single‐Atom Catalysts for Selective Hydrogenation of Vanillin,Angewandte Chemie,2025,Wiley,10.1002/ange.202505073,https://doi.org/10.1002/ange.202505073,https://onlinelibrary.wiley.com/doi/pdfdirect/10.1002/ange.202505073,download_failed: HTTPError,,"本文关注 Ru, Ga 单原子位点在 carbon nitride 等载体上的催化行为，主要应用于hydrogen evolution reaction。 文章以材料制备、结构表征和催化性能测试为核心，通常结合谱学/显微表征确认单原子分散。 摘要要点：Abstract Tuning the catalytic pathways of atomically dispersed single‐atom catalysts (SAC) has emerged as an effective strategy to optimize their overall catalytic activity. Herein, we present Ru 1 @m‐tube, a hollow carbon nitride‐supported Ru SAC, coated with",识别到合成、表征、电化学/催化测试或 operando/in situ 等实验关键词；若含 DFT，则视作实验论文的机理支持。
E0669,Experimental,Fe; Co; Ni,graphene,oxygen reduction reaction,Graphene‐Based Phthalocyanine‐Assembled Synergistic Fe‐Co‐Ni Trimetallic Single‐Atomic Bifunctional Electrocatalysts by Rational Design for Boosting Oxygen Reduction/Evolution Reactions,Carbon Energy,2025,Wiley,10.1002/cey2.70062,https://doi.org/10.1002/cey2.70062,https://onlinelibrary.wiley.com/doi/pdfdirect/10.1002/cey2.70062,download_failed: HTTPError,,"本文关注 Fe, Co, Ni 单原子位点在 graphene 等载体上的催化行为，主要应用于oxygen reduction reaction。 文章以材料制备、结构表征和催化性能测试为核心，通常结合谱学/显微表征确认单原子分散。 摘要要点：ABSTRACT Development of high‐efficiency bifunctional oxygen reduction reaction (ORR) and oxygen evolution reaction (OER) electrocatalysts is vital for the widespread application of zinc–air batteries (ZABs). However, it still remains a great challenge to avoid",题名/摘要包含合成、制备、表征、测试或实验-理论联合研究信息，按实验论文归类；其中计算部分视作机理支持。
E0670,Experimental,V; Fe; Zn,carbon/other support,oxygen reduction reaction,G‐C 3 N 4 Facilitates MOF‐Derived with an Ultra‐High Fe‐N 4 Proportion for a Record‐Low ΔE of 0.615 V in Single‐Atom Catalyst for Rechargeable Zinc–Air Batteries,Small,2025,Wiley,10.1002/smll.202504194,https://doi.org/10.1002/smll.202504194,https://onlinelibrary.wiley.com/doi/pdfdirect/10.1002/smll.202504194,download_failed: HTTPError,,"本文关注 V, Fe, Zn 单原子位点在 carbon/other support 等载体上的催化行为，主要应用于oxygen reduction reaction。 文章以材料制备、结构表征和催化性能测试为核心，通常结合谱学/显微表征确认单原子分散。 摘要要点：Abstract In this study, an ultra‐high Fe‐N 4 proportion single‐atom catalyst (g‐Fe SAC) was synthesized on nitrogen‐doped porous carbon using ZIF‐7‐NH 2 as the precursor material. Comprehensive characterization via spherical aberration corrected transmission e",题名/摘要包含合成、制备、表征、测试或实验-理论联合研究信息，按实验论文归类；其中计算部分视作机理支持。
E0671,Experimental,Fe,carbon/other support,oxygen reduction reaction,Harnessing Pyridinic N Vacancy Defect in Microporous Structures to Induce the Pre‐Adsorption of Oxygen and Boost Oxygen Reduction Reaction Kinetics,Angewandte Chemie International Edition,2025,Wiley,10.1002/anie.202508674,https://doi.org/10.1002/anie.202508674,https://onlinelibrary.wiley.com/doi/pdfdirect/10.1002/anie.202508674,download_failed: HTTPError,,"本文关注 Fe 单原子位点在 carbon/other support 等载体上的催化行为，主要应用于oxygen reduction reaction。 文章以材料制备、结构表征和催化性能测试为核心，通常结合谱学/显微表征确认单原子分散。 摘要要点：Abstract Defect structures within the carbon matrix play a crucial role in enhancing the oxygen reduction reaction (ORR) activity of Fe single atom and nitrogen‐doped catalysts (Fe‐N‐C SACs). However, overlooking the O 2 pre‐adsorption process induced by defec",题名/摘要包含合成、制备、表征、测试或实验-理论联合研究信息，按实验论文归类；其中计算部分视作机理支持。
E0672,Experimental,Fe; Co; Mo,N-doped carbon,hydrogen evolution reaction,High-Efficiency Electrochemical Ammonia Synthesis at Co-Catalytic Fe–Mo Dual-Atom Sites,ACS Nano,2025,American Chemical Society,10.1021/acsnano.5c01741,https://doi.org/10.1021/acsnano.5c01741,,no_open_pdf_in_metadata,,"本文关注 Fe, Co, Mo 单原子位点在 N-doped carbon 等载体上的催化行为，主要应用于hydrogen evolution reaction。 文章以材料制备、结构表征和催化性能测试为核心，通常结合谱学/显微表征确认单原子分散。 摘要要点：To tackle the challenge in electrochemical nitrogen fixing and reduction in aqueous electrolytes, the conventional approach has been to suppress the competitive hydrogen evolution reaction. Nonetheless, proton provision is a crucial step in the nitrogen reduct",识别到合成、表征、电化学/催化测试或 operando/in situ 等实验关键词；若含 DFT，则视作实验论文的机理支持。
E0673,Experimental,Cu,carbon nitride,oxygen reduction reaction,High‐Loading Cu Single‐Atom Engineering on g‐C₃N₄ for Visible‐Light CO₂ Photoreduction,Small,2025,Wiley,10.1002/smll.202503390,https://doi.org/10.1002/smll.202503390,https://onlinelibrary.wiley.com/doi/pdfdirect/10.1002/smll.202503390,download_failed: HTTPError,,"本文关注 Cu 单原子位点在 carbon nitride 等载体上的催化行为，主要应用于oxygen reduction reaction。 文章以材料制备、结构表征和催化性能测试为核心，通常结合谱学/显微表征确认单原子分散。 摘要要点：Abstract The incorporation of metal single atoms into carbon nitride (CN) has emerged as a promising strategy for photocatalytic CO₂ reduction under visible light. However, achieving high single‐atom loading and unraveling the precise role of active metal cent",识别到合成、表征、电化学/催化测试或 operando/in situ 等实验关键词；若含 DFT，则视作实验论文的机理支持。
E0674,Experimental,Fe; Zn; Ce,carbon/other support,oxygen reduction reaction,Hybrid Fe‐N‐C Catalyst Integrating Single‐Atom Fe and Nanoscale CeO 2 towards Efficient Oxygen Reduction Reaction for Zinc‐Air Batteries †,Chinese Journal of Chemistry,2025,Wiley,10.1002/cjoc.70315,https://doi.org/10.1002/cjoc.70315,https://onlinelibrary.wiley.com/doi/pdfdirect/10.1002/cjoc.70315,download_failed: HTTPError,,"本文关注 Fe, Zn, Ce 单原子位点在 carbon/other support 等载体上的催化行为，主要应用于oxygen reduction reaction。 文章以材料制备、结构表征和催化性能测试为核心，通常结合谱学/显微表征确认单原子分散。 摘要要点：Comprehensive Summary Developing high‐performance, durable, and cost‐effective oxygen reduction reaction (ORR) catalysts is essential for advancing next‐generation energy devices like zinc‐air batteries (ZABs). Herein, we engineer a hybrid Fe‐N‐C catalyst (FeS",题名/摘要包含合成、制备、表征、测试或实验-理论联合研究信息，按实验论文归类；其中计算部分视作机理支持。
E0675,Experimental,Fe,graphene,oxygen reduction reaction,Identical Fe–N 4 Sites with Different Reactivity: Elucidating the Effect of Support Curvature,ACS Applied Materials & Interfaces,2025,American Chemical Society,10.1021/acsami.4c19913,https://doi.org/10.1021/acsami.4c19913,https://dspace.vut.cz/bitstreams/869f5cae-f66c-497b-87bf-adf23335cdca/download,downloaded_open_access_pdf,Experimental/Fe/pdfs/E0675_Identical_Fe_N_4_Sites_with_Different_Reactivity_Elucidating_the_Effect_of_Support_Curvatu.pdf,"本文关注 Fe 单原子位点在 graphene 等载体上的催化行为，主要应用于oxygen reduction reaction。 文章以材料制备、结构表征和催化性能测试为核心，通常结合谱学/显微表征确认单原子分散。 摘要要点：Detailed atomic-scale understanding is a crucial prerequisite for rational design of next-generation single-atom catalysts (SACs). However, the sub-ångström precision needed for systematic studies is challenging to achieve on common SACs. Here, we present a tw",题名/摘要包含合成、制备、表征、测试或实验-理论联合研究信息，按实验论文归类；其中计算部分视作机理支持。
E0676,Experimental,Fe,N-doped carbon,oxygen reduction reaction,Impact of ionomers on porous Fe-N-C catalysts for alkaline oxygen reduction in gas diffusion electrodes,Communications Chemistry,2025,Nature Portfolio,10.1038/s42004-025-01422-4,https://doi.org/10.1038/s42004-025-01422-4,https://www.nature.com/articles/s42004-025-01422-4.pdf,open_url_not_pdf,,"本文关注 Fe 单原子位点在 N-doped carbon 等载体上的催化行为，主要应用于oxygen reduction reaction。 文章以材料制备、结构表征和催化性能测试为核心，通常结合谱学/显微表征确认单原子分散。 摘要要点：Abstract Alkaline exchange membrane fuel cells (AEMFCs) offer a promising alternative to the traditional fossil fuel due to their ability to use inexpensive platinum group metal (PGM)-free catalysts, which could potentially replace Platinum-based catalysts. Ir",识别到合成、表征、电化学/催化测试或 operando/in situ 等实验关键词；若含 DFT，则视作实验论文的机理支持。
E0677,Experimental,Ag; In,carbon/other support,hydrogen evolution reaction,In-situ spectroscopic insights into the dual-site synergistic electrocatalytic mechanism of propylene epoxidation over single-Ag-atom catalyst,Nature Communications,2025,Nature Portfolio,10.1038/s41467-025-67338-8,https://doi.org/10.1038/s41467-025-67338-8,https://www.nature.com/articles/s41467-025-67338-8_reference.pdf,open_url_not_pdf,,"本文关注 Ag, In 单原子位点在 carbon/other support 等载体上的催化行为，主要应用于hydrogen evolution reaction。 文章以材料制备、结构表征和催化性能测试为核心，通常结合谱学/显微表征确认单原子分散。 摘要要点：The electrochemical oxidation of propylene presents a promising strategy for propylene oxide (PO) synthesis, but is severely hindered by the complex reaction pathways and the low PO selectivity. In this work, a series of Ag-decorated FeOOH catalysts is designe",识别到合成、表征、电化学/催化测试或 operando/in situ 等实验关键词；若含 DFT，则视作实验论文的机理支持。
E0678,Experimental,Pt,carbon/other support,hydrogen evolution reaction,Inhibiting Dissolution of Platinum with Atomic Rare Earth Bridged by Nitrogen to Boost Alkaline Hydrogen Evolution,Small,2025,Wiley,10.1002/smll.202502196,https://doi.org/10.1002/smll.202502196,https://onlinelibrary.wiley.com/doi/pdfdirect/10.1002/smll.202502196,download_failed: HTTPError,,"本文关注 Pt 单原子位点在 carbon/other support 等载体上的催化行为，主要应用于hydrogen evolution reaction。 文章以材料制备、结构表征和催化性能测试为核心，通常结合谱学/显微表征确认单原子分散。 摘要要点：Abstract The unfavorable water dissociation and continuous dissolution of Pt single‐atom catalysts significantly impede their practical application in alkaline anion exchange membrane water electrolyzers (AEMWEs). Herein, by integrating the electron‐buffer fun",识别到合成、表征、电化学/催化测试或 operando/in situ 等实验关键词；若含 DFT，则视作实验论文的机理支持。
E0679,Experimental,Mn; Fe,N-doped carbon,hydrogen evolution reaction,Insights into free radical and non-radical routes regulation for water cleanup,Nature Communications,2025,Nature Portfolio,10.1038/s41467-025-63235-2,https://doi.org/10.1038/s41467-025-63235-2,https://www.nature.com/articles/s41467-025-63235-2.pdf,open_url_not_pdf,,"本文关注 Mn, Fe 单原子位点在 N-doped carbon 等载体上的催化行为，主要应用于hydrogen evolution reaction。 文章以材料制备、结构表征和催化性能测试为核心，通常结合谱学/显微表征确认单原子分散。 摘要要点：In the field of wastewater treatment, the regulation of free radical and non-radical routes has been one of the major challenges. This study investigates the regulation of radical and non-radical oxidation pathways in the peroxymonosulfate (PMS) oxidation syst",题名/摘要包含合成、制备、表征、测试或实验-理论联合研究信息，按实验论文归类；其中计算部分视作机理支持。
E0680,Experimental,Ni,carbon/other support,CO2 reduction/conversion,Interconnected nanoconfining pore networks enhance catalyst CO2 interaction in electrified reactive capture,Nature Communications,2025,Nature Portfolio,10.1038/s41467-025-61407-8,https://doi.org/10.1038/s41467-025-61407-8,https://www.nature.com/articles/s41467-025-61407-8.pdf,open_url_not_pdf,,"本文关注 Ni 单原子位点在 carbon/other support 等载体上的催化行为，主要应用于CO2 reduction/conversion。 文章以材料制备、结构表征和催化性能测试为核心，通常结合谱学/显微表征确认单原子分散。 摘要要点：Abstract Systems that sequentially capture and upgrade CO 2 from air to fuels/fuel-intermediates, such as syngas and ethylene, rely on an energy-intensive CO 2 release process. Electrified reactive capture systems transform CO 2 obtained directly from carbonat",题名/摘要包含合成、制备、表征、测试或实验-理论联合研究信息，按实验论文归类；其中计算部分视作机理支持。
E0681,Experimental,Co,N-doped carbon,hydrogen evolution reaction,Intrinsic nanoparticle-single-atom interplays steering radical versus nonradical pathways in catalytic ozonation,Nature Communications,2025,Nature Portfolio,10.1038/s41467-025-63847-8,https://doi.org/10.1038/s41467-025-63847-8,https://www.nature.com/articles/s41467-025-63847-8.pdf,open_url_not_pdf,,本文关注 Co 单原子位点在 N-doped carbon 等载体上的催化行为，主要应用于hydrogen evolution reaction。 文章以材料制备、结构表征和催化性能测试为核心，通常结合谱学/显微表征确认单原子分散。 摘要要点：Compositional heterogeneity in metal/nitrogen-doped carbons (M-N-Cs) complicates the fundamental elucidation of the intricate interplay between the active metal species that rule the reactivity of single atomic catalysts (SACs). This study unveils the electron,识别到合成、表征、电化学/催化测试或 operando/in situ 等实验关键词；若含 DFT，则视作实验论文的机理支持。
E0682,Experimental,Co; Pt,graphene oxide,CO2 reduction/conversion,Laser Solid‐Phase Synthesis of Robust Single‐Atom Catalysts for CO 2 Hydrogenation to Methanol,Carbon Energy,2025,Wiley,10.1002/cey2.70035,https://doi.org/10.1002/cey2.70035,https://onlinelibrary.wiley.com/doi/pdfdirect/10.1002/cey2.70035,download_failed: HTTPError,,"本文关注 Co, Pt 单原子位点在 graphene oxide 等载体上的催化行为，主要应用于CO2 reduction/conversion。 文章以材料制备、结构表征和催化性能测试为核心，通常结合谱学/显微表征确认单原子分散。 摘要要点：ABSTRACT The robustness of single‐atom catalysts (SACs) is a critical concern for practical applications, especially for thermal catalysis at elevated temperatures under reductive conditions. In this study, a laser solid‐phase synthesis technique is reported t",题名/摘要包含合成、制备、表征、测试或实验-理论联合研究信息，按实验论文归类；其中计算部分视作机理支持。
E0683,Experimental,Cu,carbon/other support,CO2 reduction/conversion,Leveraging Intermediates for Selective Acidic CO 2 ‐to‐CH 4 Electroreduction via Synergistic Cu‐Based Single Atoms and Subnanoparticles,Small,2025,Wiley,10.1002/smll.202511504,https://doi.org/10.1002/smll.202511504,https://onlinelibrary.wiley.com/doi/pdfdirect/10.1002/smll.202511504,download_failed: HTTPError,,"本文关注 Cu 单原子位点在 carbon/other support 等载体上的催化行为，主要应用于CO2 reduction/conversion。 文章以材料制备、结构表征和催化性能测试为核心，通常结合谱学/显微表征确认单原子分散。 摘要要点：ABSTRACT Electrochemical CO 2 reduction reaction (CO 2 RR) to value‐added hydrocarbon fuels, such as CH 4 , is desirable for a carbon‐neutral future but suffers from low selectivity, especially in acidic electrolytes with the competing hydrogen evolution react",题名/摘要包含合成、制备、表征、测试或实验-理论联合研究信息，按实验论文归类；其中计算部分视作机理支持。
E0684,Experimental,Pd,N-doped carbon,hydrogen evolution reaction,Ligand-Induced Activation of Single-Atom Palladium Heterogeneous Catalysts for Cross-Coupling Reactions,ACS Nano,2025,American Chemical Society,10.1021/acsnano.4c14131,https://doi.org/10.1021/acsnano.4c14131,https://hal.science/hal-05122152v1/document,open_url_not_pdf,,"本文关注 Pd 单原子位点在 N-doped carbon 等载体上的催化行为，主要应用于hydrogen evolution reaction。 文章以材料制备、结构表征和催化性能测试为核心，通常结合谱学/显微表征确认单原子分散。 摘要要点：Single-atom heterogeneous catalysts (SACs) are potential, recoverable alternatives to soluble organometallic complexes for cross-coupling reactions in fine-chemical synthesis. When developing SACs for these applications, it is often expected that the need for",题名/摘要包含合成、制备、表征、测试或实验-理论联合研究信息，按实验论文归类；其中计算部分视作机理支持。
E0685,Experimental,Co,graphene,oxygen reduction reaction,Mechanism of Singlet Oxygen Generation Catalyzed by CoN 4 -Graphene: Insights from Embedded Multi-Configurational Theory,JACS Au,2025,American Chemical Society,10.1021/jacsau.5c01188,https://doi.org/10.1021/jacsau.5c01188,,no_open_pdf_in_metadata,,"本文关注 Co 单原子位点在 graphene 等载体上的催化行为，主要应用于oxygen reduction reaction。 文章以材料制备、结构表征和催化性能测试为核心，通常结合谱学/显微表征确认单原子分散。 摘要要点：Efficient generation of singlet oxygen (1O2) underpins critical applications in photodynamic therapy, selective oxidation, and environmental remediation. Single-atom catalysts (SACs), particularly transition-metal–nitrogen–carbon single-atom catalysts (TM–N-C",题名/摘要包含合成、制备、表征、测试或实验-理论联合研究信息，按实验论文归类；其中计算部分视作机理支持。
E0686,Experimental,V; Cu,graphene,CO2 reduction/conversion,Metal-N 4 -Functionalized Graphene as Highly Active Catalysts for C–N Bond Formation in Electrochemical Urea Synthesis,The Journal of Physical Chemistry C,2025,American Chemical Society,10.1021/acs.jpcc.4c07971,https://doi.org/10.1021/acs.jpcc.4c07971,,no_open_pdf_in_metadata,,"本文关注 V, Cu 单原子位点在 graphene 等载体上的催化行为，主要应用于CO2 reduction/conversion。 文章以材料制备、结构表征和催化性能测试为核心，通常结合谱学/显微表征确认单原子分散。 摘要要点：Urea is a vital nitrogen-based fertilizer, traditionally produced through energy-intensive processes that consume significant resources and emit substantial CO2. The electrochemical coreduction of CO2 and NO3–/NO2– offers a sustainable alternative, but efficie",识别到合成、表征、电化学/催化测试或 operando/in situ 等实验关键词；若含 DFT，则视作实验论文的机理支持。
E0687,Experimental,V; Fe; Zn; Pt,graphene,oxygen reduction reaction,Microporous Hard Carbon Support Provokes Exceptional Performance of Single Atom Electrocatalysts for Advanced Air Cathodes,Angewandte Chemie International Edition,2025,Wiley,10.1002/anie.202501307,https://doi.org/10.1002/anie.202501307,,no_open_pdf_in_metadata,,"本文关注 V, Fe, Zn, Pt 单原子位点在 graphene 等载体上的催化行为，主要应用于oxygen reduction reaction。 文章以材料制备、结构表征和催化性能测试为核心，通常结合谱学/显微表征确认单原子分散。 摘要要点：Abstract Single atom catalysts embracing metal‐nitrogen (MN x ) moieties show promising performance for oxygen reduction reaction (ORR). The modification on spatially confined microenvironments, which won copious attention with respect to achieving efficient c",题名/摘要包含合成、制备、表征、测试或实验-理论联合研究信息，按实验论文归类；其中计算部分视作机理支持。
E0688,Experimental,V; Fe; Zn; Pt,graphene,oxygen reduction reaction,Microporous Hard Carbon Support Provokes Exceptional Performance of Single Atom Electrocatalysts for Advanced Air Cathodes,Angewandte Chemie,2025,Wiley,10.1002/ange.202501307,https://doi.org/10.1002/ange.202501307,,no_open_pdf_in_metadata,,"本文关注 V, Fe, Zn, Pt 单原子位点在 graphene 等载体上的催化行为，主要应用于oxygen reduction reaction。 文章以材料制备、结构表征和催化性能测试为核心，通常结合谱学/显微表征确认单原子分散。 摘要要点：Abstract Single atom catalysts embracing metal‐nitrogen (MN x ) moieties show promising performance for oxygen reduction reaction (ORR). The modification on spatially confined microenvironments, which won copious attention with respect to achieving efficient c",题名/摘要包含合成、制备、表征、测试或实验-理论联合研究信息，按实验论文归类；其中计算部分视作机理支持。
E0689,Experimental,Mo,N-doped carbon,oxygen reduction reaction,Modulation of Electronic Structure in Kraft Lignin‐Derived Mo Single‐Atom Catalysts for Optimized Electrochemical Oxygen Reduction,Advanced Science,2025,Wiley,10.1002/advs.202522273,https://doi.org/10.1002/advs.202522273,https://onlinelibrary.wiley.com/doi/pdfdirect/10.1002/advs.202522273,download_failed: HTTPError,,"本文关注 Mo 单原子位点在 N-doped carbon 等载体上的催化行为，主要应用于oxygen reduction reaction。 文章以材料制备、结构表征和催化性能测试为核心，通常结合谱学/显微表征确认单原子分散。 摘要要点：The sluggish kinetics of the oxygen reduction reaction (ORR) remain a major bottleneck for energy conversion systems such as fuel cells and metal-air batteries. Here, the synthesis of molybdenum single-atom catalysts (Mo SACs) derived from abundant and low-cos",题名/摘要包含合成、制备、表征、测试或实验-理论联合研究信息，按实验论文归类；其中计算部分视作机理支持。
E0690,Experimental,Ni; Mo,N-doped carbon,CO2 reduction/conversion,Ni and Mo atom pairs as single sites on N-doped graphitic carbon for urea formation by simultaneous CO 2 and NO 3 − reduction with pulsed electrocatalysis,EES Catalysis,2025,Royal Society of Chemistry,10.1039/d5ey00056d,https://doi.org/10.1039/d5ey00056d,https://pubs.rsc.org/en/content/articlepdf/2025/ey/d5ey00056d,downloaded_open_access_pdf,Experimental/Ni/pdfs/E0690_Ni_and_Mo_atom_pairs_as_single_sites_on_N-doped_graphitic_carbon_for_urea_formation_by_sim.pdf,"本文关注 Ni, Mo 单原子位点在 N-doped carbon 等载体上的催化行为，主要应用于CO2 reduction/conversion。 文章以材料制备、结构表征和催化性能测试为核心，通常结合谱学/显微表征确认单原子分散。 摘要要点：Mo–Ni single atom pairs supported on N-doped carbon efficiently and selectively produce urea (yield of 11.3 mmol g −1 h −1 and 31.8%) from nitrates and CO 2 upon optimized pulsed electrochemical reduction conditions (−0.5/−0.7 V vs. RHE).",识别到合成、表征、电化学/催化测试或 operando/in situ 等实验关键词；若含 DFT，则视作实验论文的机理支持。
E0691,Experimental,Mixed_or_unclear,MXene,oxygen evolution reaction,Nitrogen embedding enhances stability and activity of single-atom motifs of MXenes under anodic polarization,npj 2D Materials and Applications,2025,Nature Portfolio,10.1038/s41699-025-00610-z,https://doi.org/10.1038/s41699-025-00610-z,https://www.nature.com/articles/s41699-025-00610-z.pdf,open_url_not_pdf,,"本文关注 Mixed_or_unclear 单原子位点在 MXene 等载体上的催化行为，主要应用于oxygen evolution reaction。 文章以材料制备、结构表征和催化性能测试为核心，通常结合谱学/显微表征确认单原子分散。 摘要要点：Abstract MXenes undergo water-mediated surface reconstruction under anodic polarization and spontaneously form single-atom centers, reminiscent of single-atom catalysts (SAC), which exhibit great potential for the oxygen evolution reaction (OER). Yet, the as-f",题名/摘要包含合成、制备、表征、测试或实验-理论联合研究信息，按实验论文归类；其中计算部分视作机理支持。
E0692,Experimental,Mixed_or_unclear,N-doped carbon,hydrogen evolution reaction,Non-metallic iodine single-atom catalysts with optimized electronic structures for efficient Fenton-like reactions,Nature Communications,2025,Nature Portfolio,10.1038/s41467-025-56246-6,https://doi.org/10.1038/s41467-025-56246-6,https://www.nature.com/articles/s41467-025-56246-6.pdf,open_url_not_pdf,,"本文关注 Mixed_or_unclear 单原子位点在 N-doped carbon 等载体上的催化行为，主要应用于hydrogen evolution reaction。 文章以材料制备、结构表征和催化性能测试为核心，通常结合谱学/显微表征确认单原子分散。 摘要要点：In this study, we introduce a highly effective non-metallic iodine single-atom catalyst (SAC), referred to as I-NC, which is strategically confined within a nitrogen-doped carbon (NC) scaffold. This configuration features a distinctive C-I coordination that op",识别到合成、表征、电化学/催化测试或 operando/in situ 等实验关键词；若含 DFT，则视作实验论文的机理支持。
E0693,Experimental,Ni,carbon/other support,CO2 reduction/conversion,Nutrient diffusion-inspired catalysts with self-reinforced concentration gradient for sustainable electroreduction of dilute CO2,Nature Communications,2025,Nature Portfolio,10.1038/s41467-025-62240-9,https://doi.org/10.1038/s41467-025-62240-9,https://www.nature.com/articles/s41467-025-62240-9.pdf,open_url_not_pdf,,本文关注 Ni 单原子位点在 carbon/other support 等载体上的催化行为，主要应用于CO2 reduction/conversion。 文章以材料制备、结构表征和催化性能测试为核心，通常结合谱学/显微表征确认单原子分散。 摘要要点：The electrocatalysis of flue gas into CO in membrane electrode assembly (MEA) provides a sustainable route for realizing practical CO2 electrolysis technology but suffers from restricted CO2 mass transport due to thick gas boundary layer (GBL) and weak concent,题名/摘要包含合成、制备、表征、测试或实验-理论联合研究信息，按实验论文归类；其中计算部分视作机理支持。
E0694,Experimental,Mixed_or_unclear,carbon/other support,CO2 reduction/conversion,On-surface synthesis of tailored organic platforms for single metal atoms,Nature Communications,2025,Nature Portfolio,10.1038/s41467-025-66171-3,https://doi.org/10.1038/s41467-025-66171-3,https://www.nature.com/articles/s41467-025-66171-3.pdf,open_url_not_pdf,,"本文关注 Mixed_or_unclear 单原子位点在 carbon/other support 等载体上的催化行为，主要应用于CO2 reduction/conversion。 文章以材料制备、结构表征和催化性能测试为核心，通常结合谱学/显微表征确认单原子分散。 摘要要点：Abstract Recent advances in nanomaterials have pushed the boundaries of nanoscale fabrication to the limit of single atoms, particularly in heterogeneous catalysis. Single atom catalysts, comprising minute amounts of transition metals dispersed on inert substr",题名/摘要包含合成、制备、表征、测试或实验-理论联合研究信息，按实验论文归类；其中计算部分视作机理支持。
E0695,Experimental,Cu,carbon nitride,hydrogen evolution reaction,One‐End‐Opened Yolk–Shell Copper Single‐Atom Microrobots for Enhanced Penetration and Eradication of Bacterial Biofilms,Advanced Functional Materials,2025,Wiley,10.1002/adfm.202503970,https://doi.org/10.1002/adfm.202503970,https://onlinelibrary.wiley.com/doi/pdfdirect/10.1002/adfm.202503970,download_failed: HTTPError,,"本文关注 Cu 单原子位点在 carbon nitride 等载体上的催化行为，主要应用于hydrogen evolution reaction。 文章以材料制备、结构表征和催化性能测试为核心，通常结合谱学/显微表征确认单原子分散。 摘要要点：Abstract Single‐atom catalysts (SACs) hold remarkable potential for antibacterial and multidrug‐resistant Staphylococcus aureus (MRSA) biofilm eradication, but passive diffusion often restricts their effectiveness. In contrast, microrobots can harness various",识别到合成、表征、电化学/催化测试或 operando/in situ 等实验关键词；若含 DFT，则视作实验论文的机理支持。
E0696,Experimental,Co; Zn; Sn,N-doped carbon,oxygen reduction reaction,Operando Hydroxylation of the Sn–Co Diatomic Catalyst Boosting Ultrastable Zn–Air Batteries,Nano Letters,2025,American Chemical Society,10.1021/acs.nanolett.5c02744,https://doi.org/10.1021/acs.nanolett.5c02744,,no_open_pdf_in_metadata,,"本文关注 Co, Zn, Sn 单原子位点在 N-doped carbon 等载体上的催化行为，主要应用于oxygen reduction reaction。 文章以材料制备、结构表征和催化性能测试为核心，通常结合谱学/显微表征确认单原子分散。 摘要要点：Diatomic catalysts (DAs) exhibit superior catalytic activity for the oxygen reduction reaction (ORR) due to the synergistic interplay between dual metals. However, their dynamic evolution remains unexplored under the working conditions. Herein, Sn–Co diatomic",识别到合成、表征、电化学/催化测试或 operando/in situ 等实验关键词；若含 DFT，则视作实验论文的机理支持。
E0697,Experimental,Co; Zn,graphene,oxygen reduction reaction,Oxygen Reduction Reaction Catalysts for Zinc‐Air Batteries Featuring Single Cobalt Atoms in a Nitrogen‐Doped 3D‐Interconnected Porous Graphene Framework,Small,2025,Wiley,10.1002/smll.202409506,https://doi.org/10.1002/smll.202409506,https://onlinelibrary.wiley.com/doi/pdfdirect/10.1002/smll.202409506,download_failed: HTTPError,,"本文关注 Co, Zn 单原子位点在 graphene 等载体上的催化行为，主要应用于oxygen reduction reaction。 文章以材料制备、结构表征和催化性能测试为核心，通常结合谱学/显微表征确认单原子分散。 摘要要点：Abstract Single‐atom catalysts (SACs) with high activity and efficient atom utilization for oxygen reduction reactions (ORRs) are imperative for rechargeable Zinc‐air batteries (ZABs). However, it is still a prominent challenge to construct a noble‐metal‐free",题名/摘要包含合成、制备、表征、测试或实验-理论联合研究信息，按实验论文归类；其中计算部分视作机理支持。
E0698,Experimental,Fe,graphene,oxygen reduction reaction,Oxygen coordination engineering in Fe–N–O–graphene single-atom catalysts for enhanced bifunctional oxygen electrocatalysis,Reaction Chemistry & Engineering,2025,Royal Society of Chemistry,10.1039/d5re00292c,https://doi.org/10.1039/d5re00292c,,no_open_pdf_in_metadata,,"本文关注 Fe 单原子位点在 graphene 等载体上的催化行为，主要应用于oxygen reduction reaction。 文章以材料制备、结构表征和催化性能测试为核心，通常结合谱学/显微表征确认单原子分散。 摘要要点：Study shows FeN 3 O configuration in Fe–N–O–graphene optimizes Fe–O bonding and electronic coupling, enabling low overpotentials for both ORR and OER.",识别到合成、表征、电化学/催化测试或 operando/in situ 等实验关键词；若含 DFT，则视作实验论文的机理支持。
E0699,Experimental,Fe; Ni; Zn,graphene,CO2 reduction/conversion,Oxygen-Bearing Defects in Graphene-Supported M–N–C Single-Atom Catalysts: A Hidden Determinant of Catalytic Performance,ACS Catalysis,2025,American Chemical Society,10.1021/acscatal.5c03974,https://doi.org/10.1021/acscatal.5c03974,,no_open_pdf_in_metadata,,"本文关注 Fe, Ni, Zn 单原子位点在 graphene 等载体上的催化行为，主要应用于CO2 reduction/conversion。 文章以材料制备、结构表征和催化性能测试为核心，通常结合谱学/显微表征确认单原子分散。 摘要要点：In the study of M–N–C single-atom catalysts (SACs), a series of unresolved issues point to the structural role of inevitable oxygen-bearing defects in the carbon lattice beyond the MN4 moieties. Through explaining experimental observations on the enhanced oxyg",题名/摘要包含合成、制备、表征、测试或实验-理论联合研究信息，按实验论文归类；其中计算部分视作机理支持。
E0700,Experimental,V; Zn,carbon/other support,hydrogen evolution reaction,Phosphorus‐Mediated Selenium Dual Atoms for Bifunctional Oxygen Reactions and Long‐Life Low‐Temperature Energy Conversion,Advanced Functional Materials,2025,Wiley,10.1002/adfm.202423476,https://doi.org/10.1002/adfm.202423476,https://onlinelibrary.wiley.com/doi/pdfdirect/10.1002/adfm.202423476,download_failed: HTTPError,,"本文关注 V, Zn 单原子位点在 carbon/other support 等载体上的催化行为，主要应用于hydrogen evolution reaction。 文章以材料制备、结构表征和催化性能测试为核心，通常结合谱学/显微表征确认单原子分散。 摘要要点：Abstract Rapid kinetics and stable atom configuration of the catalysts are essential and greatly sought after for bifunctional oxygen reactions and energy conversion devices, but remain unsatisfactory. Herein, the Se dual atoms structure consisting of the peri",题名/摘要包含合成、制备、表征、测试或实验-理论联合研究信息，按实验论文归类；其中计算部分视作机理支持。
E0701,Experimental,Cu; Pt,carbon/other support,hydrogen evolution reaction,"Platinum–Copper Dual‐Atom Catalyst Enables the Selective Electro‐Oxidation of 5‐Hydroxymethylfurfural to 2,5‐Furandicarboxylic Acid",SusMat,2025,Wiley,10.1002/sus2.70047,https://doi.org/10.1002/sus2.70047,https://onlinelibrary.wiley.com/doi/pdfdirect/10.1002/sus2.70047,download_failed: HTTPError,,"本文关注 Cu, Pt 单原子位点在 carbon/other support 等载体上的催化行为，主要应用于hydrogen evolution reaction。 文章以材料制备、结构表征和催化性能测试为核心，通常结合谱学/显微表征确认单原子分散。 摘要要点：ABSTRACT The electrochemical hydroxymethylfurfural oxidation reaction (HMFOR) has emerged as a sustainable strategy for producing high‐value chemicals, yet achieving high product selectivity remains a key challenge. Herein, we report the electrochemical conver",题名/摘要包含合成、制备、表征、测试或实验-理论联合研究信息，按实验论文归类；其中计算部分视作机理支持。
E0702,Experimental,Mo; Ru,carbon/other support,hydrogen evolution reaction,Precision‐Engineered Electronic Modulation of Ruthenium Clusters and Single Atoms on Vacancy‐Rich α‐MoC 1‐ x Enables Efficient Electrocatalytic Water Splitting,Advanced Materials,2025,,10.1002/adma.202519840,https://doi.org/10.1002/adma.202519840,https://onlinelibrary.wiley.com/doi/pdfdirect/10.1002/adma.202519840,download_failed: HTTPError,,"本文关注 Mo, Ru 单原子位点在 carbon/other support 等载体上的催化行为，主要应用于hydrogen evolution reaction。 文章以材料制备、结构表征和催化性能测试为核心，通常结合谱学/显微表征确认单原子分散。 摘要要点：ABSTRACT Maximizing the utilization of active metals while maintaining efficient catalytic activity is of great importance for electrocatalytic alkaline hydrogen evolution reaction. Herein, we report a facile pyrolysis strategy to anchor Ru clusters and adjace",题名/摘要包含合成、制备、表征、测试或实验-理论联合研究信息，按实验论文归类；其中计算部分视作机理支持。
E0703,Experimental,Pt,graphene,oxygen reduction reaction,Pt Single Atom Deposition by Direct Current Sputtering in the Gas‐Scattering Regime—A Simple Approach to Controlled Single Atom Loading,ChemSusChem,2025,Wiley,10.1002/cssc.202500489,https://doi.org/10.1002/cssc.202500489,https://open.fau.de/bitstreams/0cd976a6-2dae-4eeb-99db-f22586dc2f10/download,open_url_not_pdf,,"本文关注 Pt 单原子位点在 graphene 等载体上的催化行为，主要应用于oxygen reduction reaction。 文章以材料制备、结构表征和催化性能测试为核心，通常结合谱学/显微表征确认单原子分散。 摘要要点：Supported single atoms represent a new frontier in many catalytic fields, and noble metal single atoms in particular have been reported to be a highly effective cocatalyst in photocatalysis or electrocatalysis. Herein, it is described that direct current sputt",识别到合成、表征、电化学/催化测试或 operando/in situ 等实验关键词；若含 DFT，则视作实验论文的机理支持。
E0704,Experimental,Fe,carbon/other support,oxygen reduction reaction,Rational engineering of iron phthalocyanine‐derived single atom catalysts for anion exchange membrane fuel cells,Journal of the American Ceramic Society,2025,Wiley,10.1111/jace.20557,https://doi.org/10.1111/jace.20557,https://onlinelibrary.wiley.com/doi/pdfdirect/10.1111/jace.20557,download_failed: HTTPError,,"本文关注 Fe 单原子位点在 carbon/other support 等载体上的催化行为，主要应用于oxygen reduction reaction。 文章以材料制备、结构表征和催化性能测试为核心，通常结合谱学/显微表征确认单原子分散。 摘要要点：Abstract Anion exchange membrane fuel cells (AEMFCs), which operate in alkaline environments, offer advantages such as compatibility with non‐precious metal catalysts such as Fe‒N‒C, making them an alternative to Pt‐based systems. This study explores developme",题名/摘要包含合成、制备、表征、测试或实验-理论联合研究信息，按实验论文归类；其中计算部分视作机理支持。
E0705,Experimental,Mn,carbon/other support,hydrogen evolution reaction,Recent Advances in Biomimetic Electrocatalysts for Water Splitting: Emerging Trends and Outlook,The Chemical Record,2025,Wiley,10.1002/tcr.202500239,https://doi.org/10.1002/tcr.202500239,https://onlinelibrary.wiley.com/doi/pdfdirect/10.1002/tcr.202500239,download_failed: HTTPError,,"本文关注 Mn 单原子位点在 carbon/other support 等载体上的催化行为，主要应用于hydrogen evolution reaction。 文章以材料制备、结构表征和催化性能测试为核心，通常结合谱学/显微表征确认单原子分散。 摘要要点：cluster in photosystem II, exemplify exceptional catalytic efficiency using earth-abundant metals via proton-coupled electron transfer and cooperative metal-site interactions. This review highlights the advances in biomimetic electrocatalysts and traces their",题名/摘要包含合成、制备、表征、测试或实验-理论联合研究信息，按实验论文归类；其中计算部分视作机理支持。
E0706,Experimental,Fe,carbon/other support,oxygen reduction reaction,Recent Advances in Tailoring Active Site Microenvironments of Fe–N–C Catalysts for Oxygen Reduction,ChemistryEurope,2025,Wiley,10.1002/ceur.202500279,https://doi.org/10.1002/ceur.202500279,https://onlinelibrary.wiley.com/doi/pdfdirect/10.1002/ceur.202500279,download_failed: HTTPError,,"本文关注 Fe 单原子位点在 carbon/other support 等载体上的催化行为，主要应用于oxygen reduction reaction。 文章以材料制备、结构表征和催化性能测试为核心，通常结合谱学/显微表征确认单原子分散。 摘要要点：The oxygen reduction reaction (ORR) is a key process in energy conversion devices such as fuel cells and metal‐air batteries, yet its slow kinetics significantly limit overall performance. Current ORR practicality largely relies on the utilization of platinum‐",识别到合成、表征、电化学/催化测试或 operando/in situ 等实验关键词；若含 DFT，则视作实验论文的机理支持。
E0707,Experimental,Mixed_or_unclear,carbon/other support,hydrogen evolution reaction,Recent progress and perspective of electrocatalysts for the hydrogen evolution reaction,Catalysis Science & Technology,2025,Royal Society of Chemistry,10.1039/d4cy01449a,https://doi.org/10.1039/d4cy01449a,https://pubs.rsc.org/en/content/articlepdf/2025/cy/d4cy01449a,downloaded_open_access_pdf,Experimental/Mixed_or_unclear/pdfs/E0707_Recent_progress_and_perspective_of_electrocatalysts_for_the_hydrogen_evolution_reaction.pdf,"本文关注 Mixed_or_unclear 单原子位点在 carbon/other support 等载体上的催化行为，主要应用于hydrogen evolution reaction。 文章以材料制备、结构表征和催化性能测试为核心，通常结合谱学/显微表征确认单原子分散。 摘要要点：The article explores an in-depth exploration of the diverse range of catalysts that are commonly employed in the field of electrocatalytic HER, such as metals, oxides, sulfides, selenides, carbides, phosphides, nitrides, borides, single-atom catalysts, and car",题名/摘要包含合成、制备、表征、测试或实验-理论联合研究信息，按实验论文归类；其中计算部分视作机理支持。
E0708,Experimental,V; Mo,N-doped graphene,nitrogen reduction/ammonia synthesis,Regulating the coordination environment of single-atom catalysts anchored on nitrogen-doped graphene for efficient nitrogen reduction,Inorganic Chemistry Frontiers,2025,Royal Society of Chemistry,10.1039/d4qi03239j,https://doi.org/10.1039/d4qi03239j,,no_open_pdf_in_metadata,,"本文关注 V, Mo 单原子位点在 N-doped graphene 等载体上的催化行为，主要应用于nitrogen reduction/ammonia synthesis。 文章以材料制备、结构表征和催化性能测试为核心，通常结合谱学/显微表征确认单原子分散。 摘要要点：Mo-ZZG demonstrates remarkable catalytic activity and selectivity for N 2 reduction to NH 3 with a limiting potential ( U L ) of −0.26 V.",识别到合成、表征、电化学/催化测试或 operando/in situ 等实验关键词；若含 DFT，则视作实验论文的机理支持。
E0709,Experimental,Ni,N-doped graphene,CO2 reduction/conversion,Revealing the Joint Contribution of Potential and Water Molecules to the High CO 2 RR Activity of a Single Nickel Atom Catalyst,ACS Applied Nano Materials,2025,American Chemical Society,10.1021/acsanm.5c01569,https://doi.org/10.1021/acsanm.5c01569,,no_open_pdf_in_metadata,,"本文关注 Ni 单原子位点在 N-doped graphene 等载体上的催化行为，主要应用于CO2 reduction/conversion。 文章以材料制备、结构表征和催化性能测试为核心，通常结合谱学/显微表征确认单原子分散。 摘要要点：Nitrogen-doped graphene-supported single-atom catalysts (SACs) with maximum atom utilization have high catalytic activity for CO2 reduction reaction (CO2RR). Nevertheless, theoretical exploration of these systems remains immensely insufficient due to the compl",题名/摘要包含合成、制备、表征、测试或实验-理论联合研究信息，按实验论文归类；其中计算部分视作机理支持。
E0710,Experimental,Mixed_or_unclear,carbon/other support,oxygen reduction reaction,Review on the Carbon‐Supported Metal Catalysts with Coexistence of Single Atoms and Nanoparticles/Clusters for Electrocatalysis,ChemCatChem,2025,Wiley,10.1002/cctc.202501296,https://doi.org/10.1002/cctc.202501296,https://onlinelibrary.wiley.com/doi/pdfdirect/10.1002/cctc.202501296,download_failed: HTTPError,,"本文关注 Mixed_or_unclear 单原子位点在 carbon/other support 等载体上的催化行为，主要应用于oxygen reduction reaction。 文章以材料制备、结构表征和催化性能测试为核心，通常结合谱学/显微表征确认单原子分散。 摘要要点：Abstract Combining homonuclear or heteronuclear nanoparticles and clusters with single‐atom catalysts (i.e., NMP‐SACs) has become a strategy for developing efficient supported metal catalysts. In recent years, NMP‐SACs have garnered increased attention from va",题名/摘要包含合成、制备、表征、测试或实验-理论联合研究信息，按实验论文归类；其中计算部分视作机理支持。
E0711,Experimental,Fe,graphene,oxygen reduction reaction,Role of Water in Modulating the Fe 3+ /Fe 2+ Redox Couple in Iron-Based Complexes and Single-Atom Catalysts,The Journal of Physical Chemistry Letters,2025,American Chemical Society,10.1021/acs.jpclett.5c02424,https://doi.org/10.1021/acs.jpclett.5c02424,https://boa.unimib.it/bitstream/10281/604301/1/Bonardi%20et%20al-2025-Journal%20of%20Physical%20Chemistry%20Letters-VoR.pdf,download_failed: HTTPError,,"本文关注 Fe 单原子位点在 graphene 等载体上的催化行为，主要应用于oxygen reduction reaction。 文章以材料制备、结构表征和催化性能测试为核心，通常结合谱学/显微表征确认单原子分散。 摘要要点：A key challenge in modeling electrocatalysis with single-atom catalysts (SACs) is accurately capturing the redox behavior of transition metals across oxidation states. This is particularly true for iron, a widely used element in such systems. Iron phthalocyani",题名/摘要包含合成、制备、表征、测试或实验-理论联合研究信息，按实验论文归类；其中计算部分视作机理支持。
E0712,Experimental,Mn; Fe; Co; Ni; Cu,carbon/other support,hydrogen evolution reaction,Salt-templated transformation of waste plastics into single-atom catalysts for environmental and energy applications,Nature Communications,2025,Nature Portfolio,10.1038/s41467-025-63648-z,https://doi.org/10.1038/s41467-025-63648-z,https://www.nature.com/articles/s41467-025-63648-z.pdf,open_url_not_pdf,,"本文关注 Mn, Fe, Co, Ni, Cu 单原子位点在 carbon/other support 等载体上的催化行为，主要应用于hydrogen evolution reaction。 文章以材料制备、结构表征和催化性能测试为核心，通常结合谱学/显微表征确认单原子分散。 摘要要点：Upcycling plastic waste into single-atom catalysts (SACs) not only offers a sustainable solution for plastic waste management but also yields valuable functional materials for catalytic applications. Here, we report a simple and scalable method to transform va",题名/摘要包含合成、制备、表征、测试或实验-理论联合研究信息，按实验论文归类；其中计算部分视作机理支持。
E0713,Experimental,Cu; Ag,carbon/other support,CO2 reduction/conversion,Selective Electroreduction of CO 2 to Ethanol: Mechanistic Understanding and Catalyst Development,MetalMat,2025,Wiley,10.1002/metm.70024,https://doi.org/10.1002/metm.70024,https://onlinelibrary.wiley.com/doi/pdfdirect/10.1002/metm.70024,download_failed: HTTPError,,"本文关注 Cu, Ag 单原子位点在 carbon/other support 等载体上的催化行为，主要应用于CO2 reduction/conversion。 文章以材料制备、结构表征和催化性能测试为核心，通常结合谱学/显微表征确认单原子分散。 摘要要点：ABSTRACT The electrochemical reduction of carbon dioxide (CO 2 RR) has garnered significant attention as a promising strategy for producing carbon‐neutral fuels and chemicals using electricity. Among the various possible products, ethanol stands out as a highl",题名/摘要包含合成、制备、表征、测试或实验-理论联合研究信息，按实验论文归类；其中计算部分视作机理支持。
E0714,Experimental,Cu,carbon/other support,hydrogen evolution reaction,Self-doping of biological secretions for waste catalyst reuse,Nature Communications,2025,Nature Portfolio,10.1038/s41467-025-66131-x,https://doi.org/10.1038/s41467-025-66131-x,https://www.nature.com/articles/s41467-025-66131-x.pdf,open_url_not_pdf,,"本文关注 Cu 单原子位点在 carbon/other support 等载体上的催化行为，主要应用于hydrogen evolution reaction。 文章以材料制备、结构表征和催化性能测试为核心，通常结合谱学/显微表征确认单原子分散。 摘要要点：The tremendous costs of disposal and potential environmental problems caused by waste catalysts bring about an urgent need for catalyst regeneration without loss of catalytic activity and stability. Here, we report on a simple and reproducible method to regene",题名/摘要包含合成、制备、表征、测试或实验-理论联合研究信息，按实验论文归类；其中计算部分视作机理支持。
E0715,Experimental,Co; Ni; Cu,N-doped carbon,oxygen reduction reaction,Sequentially Coupled Oxidative Coupling-Hydrodeoxygenation for Aliphatic Hydrocarbons Production from Furfural,ACS Catalysis,2025,American Chemical Society,10.1021/acscatal.5c06843,https://doi.org/10.1021/acscatal.5c06843,,no_open_pdf_in_metadata,,"本文关注 Co, Ni, Cu 单原子位点在 N-doped carbon 等载体上的催化行为，主要应用于oxygen reduction reaction。 文章以材料制备、结构表征和催化性能测试为核心，通常结合谱学/显微表征确认单原子分散。 摘要要点：The transformation of lignocellulosic biomass into long-chain aliphatic hydrocarbons (C7–C9) represents a pivotal route for fuel/additive production, yet conventional processes often suffer from low carbon efficiency due to uncontrolled C–C cleavage. Herein, w",题名/摘要包含合成、制备、表征、测试或实验-理论联合研究信息，按实验论文归类；其中计算部分视作机理支持。
E0716,Experimental,Ni,carbon/other support,hydrogen evolution reaction,Simultaneously Nanoconfining Mg and Loading Multiple Metal Single Atoms Catalysts with N‐Doped Carbon to Achieve Room‐Temperature Dehydrogenation,Small,2025,Wiley,10.1002/smll.202508519,https://doi.org/10.1002/smll.202508519,,no_open_pdf_in_metadata,,"本文关注 Ni 单原子位点在 carbon/other support 等载体上的催化行为，主要应用于hydrogen evolution reaction。 文章以材料制备、结构表征和催化性能测试为核心，通常结合谱学/显微表征确认单原子分散。 摘要要点：Abstract Nanoconfinement and single‐atom catalysis are effective strategies for improving the hydrogen storage performance of Mg. However, achieving high loading nanoconfinement Mg and introducing multiple metal single atoms catalysts simultaneously is extreme",识别到合成、表征、电化学/催化测试或 operando/in situ 等实验关键词；若含 DFT，则视作实验论文的机理支持。
E0717,Experimental,Cr,MXene,CO2 reduction/conversion,Single atom catalysts on the Cr 2 NO 2 MXene for CO oxidation,Physical Chemistry Chemical Physics,2025,Royal Society of Chemistry,10.1039/d5cp01903f,https://doi.org/10.1039/d5cp01903f,https://pubs.rsc.org/en/content/articlepdf/2025/cp/d5cp01903f,downloaded_open_access_pdf,Experimental/Cr/pdfs/E0717_Single_atom_catalysts_on_the_Cr_2_NO_2_MXene_for_CO_oxidation.pdf,"本文关注 Cr 单原子位点在 MXene 等载体上的催化行为，主要应用于CO2 reduction/conversion。 文章以材料制备、结构表征和催化性能测试为核心，通常结合谱学/显微表征确认单原子分散。 摘要要点：This work investigates the adsorption of carbon monoxide (CO) molecules and their subsequent oxidation to carbon dioxide (CO 2 ) on the MXene Cr 2 NO 2 decorated with a single atom of transition metal (Sc, V, and Ti) via the Eley–Rideal mechanism.",识别到合成、表征、电化学/催化测试或 operando/in situ 等实验关键词；若含 DFT，则视作实验论文的机理支持。
E0718,Experimental,Cu,N-doped graphene,CO2 reduction/conversion,Single atom copper anchored N-doped graphene-like carbon for CO2 electroreduction,Scientific Reports,2025,Nature Portfolio,10.1038/s41598-025-15079-5,https://doi.org/10.1038/s41598-025-15079-5,https://www.nature.com/articles/s41598-025-15079-5.pdf,open_url_not_pdf,,本文关注 Cu 单原子位点在 N-doped graphene 等载体上的催化行为，主要应用于CO2 reduction/conversion。 文章以材料制备、结构表征和催化性能测试为核心，通常结合谱学/显微表征确认单原子分散。 摘要要点：Carbon-based materials are widely used as electrocatalysts for the CO₂ reduction reaction (CO₂RR) due to their high conductivity and large surface area. Recent studies highlighted that the presence of Cu in trace amounts over the graphene-based electrocatalyst,题名/摘要包含合成、制备、表征、测试或实验-理论联合研究信息，按实验论文归类；其中计算部分视作机理支持。
E0719,Experimental,Ni,N-doped carbon,CO2 reduction/conversion,Single-Atom Ni Sites with Asymmetric Coordination Structures for Efficient Photocatalytic CO 2 Reduction,ACS Sustainable Chemistry & Engineering,2025,American Chemical Society,10.1021/acssuschemeng.4c08332,https://doi.org/10.1021/acssuschemeng.4c08332,,no_open_pdf_in_metadata,,"本文关注 Ni 单原子位点在 N-doped carbon 等载体上的催化行为，主要应用于CO2 reduction/conversion。 文章以材料制备、结构表征和催化性能测试为核心，通常结合谱学/显微表征确认单原子分散。 摘要要点：The exploration of single-atom catalysts (SACs) with unique coordination structures is of vital importance for boosting photocatalytic CO2 reduction, yet it remains challenging. Herein, we develop a novel SAC with a unique asymmetric coordination structure of",识别到合成、表征、电化学/催化测试或 operando/in situ 等实验关键词；若含 DFT，则视作实验论文的机理支持。
E0720,Experimental,Cu; Ru; Pd; Ag; Ir; Pt,N-doped graphene,CO2 reduction/conversion,Single-Atom Saturation: A Fundamental Principle for Single-Atom-Site Catalyst Design,Journal of the American Chemical Society,2025,American Chemical Society,10.1021/jacs.5c00643,https://doi.org/10.1021/jacs.5c00643,,no_open_pdf_in_metadata,,"本文关注 Cu, Ru, Pd, Ag, Ir, Pt 单原子位点在 N-doped graphene 等载体上的催化行为，主要应用于CO2 reduction/conversion。 文章以材料制备、结构表征和催化性能测试为核心，通常结合谱学/显微表征确认单原子分散。 摘要要点：Single-atom alloys (SAAs), with twin advantages of alloys and single-atom catalysts, have emerged as an innovative class of electrocatalysts. This uniqueness is expected to achieve unattainable catalytic performance but simultaneously gives rise to the absence",识别到合成、表征、电化学/催化测试或 operando/in situ 等实验关键词；若含 DFT，则视作实验论文的机理支持。
E0721,Experimental,V; Sn; Bi,N-doped graphene,CO2 reduction/conversion,Single-Atom-Embedded Nitrogen-Doped Graphene as Efficient Electrocatalysts for the CO 2 Reduction Reaction,Langmuir,2025,American Chemical Society,10.1021/acs.langmuir.5c00728,https://doi.org/10.1021/acs.langmuir.5c00728,,no_open_pdf_in_metadata,,"本文关注 V, Sn, Bi 单原子位点在 N-doped graphene 等载体上的催化行为，主要应用于CO2 reduction/conversion。 文章以材料制备、结构表征和催化性能测试为核心，通常结合谱学/显微表征确认单原子分散。 摘要要点：Single-atom catalysts (SACs) have displayed unprecedented activity and selectivity for electrochemical CO2 reduction reaction (CO2RR). Herein, a series of metal single atoms embedded on nitrogen-doped graphene (M–N4G, where M = In, Tl, Ge, Sn, Pb, Sb, and Bi)",题名/摘要包含合成、制备、表征、测试或实验-理论联合研究信息，按实验论文归类；其中计算部分视作机理支持。
E0722,Experimental,Mixed_or_unclear,carbon/other support,catalysis,Single-atom catalysts toward electrocatalytic urea synthesis via C–N coupling reactions,Chemical Communications,2025,Royal Society of Chemistry,10.1039/d5cc03239c,https://doi.org/10.1039/d5cc03239c,https://pubs.rsc.org/en/content/articlepdf/2025/cc/d5cc03239c,downloaded_open_access_pdf,Experimental/Mixed_or_unclear/pdfs/E0722_Single-atom_catalysts_toward_electrocatalytic_urea_synthesis_via_C_N_coupling_reactions.pdf,"本文关注 Mixed_or_unclear 单原子位点在 carbon/other support 等载体上的催化行为，主要应用于catalysis。 文章以材料制备、结构表征和催化性能测试为核心，通常结合谱学/显微表征确认单原子分散。 摘要要点：. This review systematically summarizes the advancements in SACs based on carbon-based, two-dimensional materials, metal-organic frameworks, and metal oxide supports. It delves into the regulatory mechanisms of supports on the electronic structure and coordina",题名/摘要包含合成、制备、表征、测试或实验-理论联合研究信息，按实验论文归类；其中计算部分视作机理支持。
E0723,Experimental,Co,graphene oxide,oxygen reduction reaction,Single-atom cobalt on N-doped reduced graphene oxide pushes the oxygen reduction reaction toward 4-electron pathway,npj 2D Materials and Applications,2025,Nature Portfolio,10.1038/s41699-025-00604-x,https://doi.org/10.1038/s41699-025-00604-x,https://www.nature.com/articles/s41699-025-00604-x.pdf,open_url_not_pdf,,"本文关注 Co 单原子位点在 graphene oxide 等载体上的催化行为，主要应用于oxygen reduction reaction。 文章以材料制备、结构表征和催化性能测试为核心，通常结合谱学/显微表征确认单原子分散。 摘要要点：We present a cobalt-based single-atom catalyst (SAC) anchored on nitrogen-doped reduced graphene oxide (Co-N-rGO), synthesized via a rapid, one-pot microwave-assisted method. Comprehensive characterization by FESEM, TEM, Raman spectroscopy, and X-ray photoelec",题名/摘要包含合成、制备、表征、测试或实验-理论联合研究信息，按实验论文归类；其中计算部分视作机理支持。
E0724,Experimental,V; Fe; Co; Zn,N-doped carbon,CO2 reduction/conversion,Site-specific synergy by heteronuclear microenvironment atomic editing for oxygen reduction reaction,Nature Communications,2025,Nature Portfolio,10.1038/s41467-025-66841-2,https://doi.org/10.1038/s41467-025-66841-2,https://www.nature.com/articles/s41467-025-66841-2_reference.pdf,open_url_not_pdf,,"本文关注 V, Fe, Co, Zn 单原子位点在 N-doped carbon 等载体上的催化行为，主要应用于CO2 reduction/conversion。 文章以材料制备、结构表征和催化性能测试为核心，通常结合谱学/显微表征确认单原子分散。 摘要要点：Although iron-nitrogen-carbon catalysts are appealing for use in the oxygen reduction reaction, achieving high activity and a long lifetime remains a persistent challenge. This necessitates the precise modulation of the active sites’ microenvironment. Herein,",识别到合成、表征、电化学/催化测试或 operando/in situ 等实验关键词；若含 DFT，则视作实验论文的机理支持。
E0725,Experimental,Fe; Co; Ni; Cu,carbon nitride,catalysis,Solid‐Phase Upcycling Toward the Production of Ultrahigh‐Loading Single‐Atom Catalysts,Aggregate,2025,Wiley,10.1002/agt2.70052,https://doi.org/10.1002/agt2.70052,https://onlinelibrary.wiley.com/doi/pdfdirect/10.1002/agt2.70052,download_failed: HTTPError,,"本文关注 Fe, Co, Ni, Cu 单原子位点在 carbon nitride 等载体上的催化行为，主要应用于catalysis。 文章以材料制备、结构表征和催化性能测试为核心，通常结合谱学/显微表征确认单原子分散。 摘要要点：ABSTRACT The recovery of valuable transition metals from deactivated catalysts is crucial for alleviating the challenges of resource scarcity and environmental pollution. Guided by AI‐powered big data analysis, we identified an important research gap in the su",识别到合成、表征、电化学/催化测试或 operando/in situ 等实验关键词；若含 DFT，则视作实验论文的机理支持。
E0726,Experimental,Ni,carbon/other support,CO2 reduction/conversion,Specific construction of asymmetric carbon-nickel-chlorine single-atom sites via carbon vacancy engineering for efficient CO2 electroreduction,Nature Communications,2025,Nature Portfolio,10.1038/s41467-025-62287-8,https://doi.org/10.1038/s41467-025-62287-8,https://www.nature.com/articles/s41467-025-62287-8.pdf,open_url_not_pdf,,"本文关注 Ni 单原子位点在 carbon/other support 等载体上的催化行为，主要应用于CO2 reduction/conversion。 文章以材料制备、结构表征和催化性能测试为核心，通常结合谱学/显微表征确认单原子分散。 摘要要点：Breaking the structural symmetry of active sites in single-atom catalysts (SACs) allows efficient regulation of the electron distribution around the metal centers, holding great promise for promoting their performance in electrocatalytic carbon dioxide reducti",题名/摘要包含合成、制备、表征、测试或实验-理论联合研究信息，按实验论文归类；其中计算部分视作机理支持。
E0727,Experimental,Ni; Zn,N-doped carbon,CO2 reduction/conversion,Stabilizing *COOH on Ni Single-Atom Sites by Dual-Phase Ni 3 ZnC 0.7 and Ni for Enhanced Electrocatalytic CO 2 Reduction,Inorganic Chemistry,2025,American Chemical Society,10.1021/acs.inorgchem.5c00654,https://doi.org/10.1021/acs.inorgchem.5c00654,,no_open_pdf_in_metadata,,"本文关注 Ni, Zn 单原子位点在 N-doped carbon 等载体上的催化行为，主要应用于CO2 reduction/conversion。 文章以材料制备、结构表征和催化性能测试为核心，通常结合谱学/显微表征确认单原子分散。 摘要要点：Metal-based nanoparticle-modulated single-atom catalysts have garnered significant attention in the field of electrocatalytic CO2 reduction reaction. However, the scaling relationships between the intermediates and their binding energies lead to unsatisfactory",识别到合成、表征、电化学/催化测试或 operando/in situ 等实验关键词；若含 DFT，则视作实验论文的机理支持。
E0728,Experimental,Fe; Co; Ni; Cu; Mo; Ru; Rh; Pd; Ag; W; Ir; Pt; Au; Bi,MoS2,hydrogen evolution reaction,Stabilizing Single-Atom Catalysts on Metastable Phases of Transition Metal Dichalcogenides,The Journal of Physical Chemistry Letters,2025,American Chemical Society,10.1021/acs.jpclett.4c03144,https://doi.org/10.1021/acs.jpclett.4c03144,https://arxiv.org/pdf/2501.13327,downloaded_open_access_pdf,Experimental/Fe/pdfs/E0728_Stabilizing_Single-Atom_Catalysts_on_Metastable_Phases_of_Transition_Metal_Dichalcogenides.pdf,"本文关注 Fe, Co, Ni, Cu, Mo, Ru, Rh, Pd, Ag, W, Ir, Pt, Au, Bi 单原子位点在 MoS2 等载体上的催化行为，主要应用于hydrogen evolution reaction。 文章以材料制备、结构表征和催化性能测试为核心，通常结合谱学/显微表征确认单原子分散。 摘要要点：Single-atom catalysts have attracted a significant amount of attention due to their exceptional atomic utilization and high efficiency in a range of catalytic reactions. However, these systems often face thermodynamic instability, leading to agglomeration unde",题名/摘要包含合成、制备、表征、测试或实验-理论联合研究信息，按实验论文归类；其中计算部分视作机理支持。
E0729,Experimental,Co; Ni,carbon/other support,CO2 reduction/conversion,Sun-simulated-driven production of high-purity methanol from carbon dioxide,Nature Communications,2025,Nature Portfolio,10.1038/s41467-025-56101-8,https://doi.org/10.1038/s41467-025-56101-8,https://www.nature.com/articles/s41467-025-56101-8.pdf,open_url_not_pdf,,"本文关注 Co, Ni 单原子位点在 carbon/other support 等载体上的催化行为，主要应用于CO2 reduction/conversion。 文章以材料制备、结构表征和催化性能测试为核心，通常结合谱学/显微表征确认单原子分散。 摘要要点：CO2 conversion to CH3OH under mild conditions is of particular interest yet rather challenging. Both electro- and thermo-catalytic CO2 reduction to CH3OH can only produce CH3OH in low concentration (typically mixed with water), requiring energy-intensive purif",题名/摘要包含合成、制备、表征、测试或实验-理论联合研究信息，按实验论文归类；其中计算部分视作机理支持。
E0730,Experimental,Pd,graphene,CO2 reduction/conversion,Superatoms as Superior Catalysts: ZrO versus Pd,Small,2025,Wiley,10.1002/smll.202409289,https://doi.org/10.1002/smll.202409289,https://onlinelibrary.wiley.com/doi/pdfdirect/10.1002/smll.202409289,download_failed: HTTPError,,"本文关注 Pd 单原子位点在 graphene 等载体上的催化行为，主要应用于CO2 reduction/conversion。 文章以材料制备、结构表征和催化性能测试为核心，通常结合谱学/显微表征确认单原子分散。 摘要要点：Abstract Single‐atom catalysts are the focus of studies for over a decade due to their enhanced reactivity at smaller sizes. However, they have limitations as they offer only one active site, which may not be sufficient for reactions requiring the co‐adsorptio",识别到合成、表征、电化学/催化测试或 operando/in situ 等实验关键词；若含 DFT，则视作实验论文的机理支持。
E0731,Experimental,Ti; Fe; Ni,carbon/other support,hydrogen evolution reaction,Suppressing COx in oxidative dehydrogenation of propane with dual-atom catalysts,Nature Communications,2025,Nature Portfolio,10.1038/s41467-025-59376-z,https://doi.org/10.1038/s41467-025-59376-z,https://www.nature.com/articles/s41467-025-59376-z.pdf,open_url_not_pdf,,"本文关注 Ti, Fe, Ni 单原子位点在 carbon/other support 等载体上的催化行为，主要应用于hydrogen evolution reaction。 文章以材料制备、结构表征和催化性能测试为核心，通常结合谱学/显微表征确认单原子分散。 摘要要点：Oxidative dehydrogenation of propane (ODHP) is a promising route for propylene production, but achieving high selectivity towards propylene while minimizing COx byproducts remains a significant challenge for conventional metal oxide catalysts. Here we propose",识别到合成、表征、电化学/催化测试或 operando/in situ 等实验关键词；若含 DFT，则视作实验论文的机理支持。
E0732,Experimental,Fe; Cu,carbon nitride,hydrogen evolution reaction,Sustainable Fe and Cu Sites Double Redox Cycle Boosting Fenton-like Degradation of Organic Pollutants,Environmental Science & Technology,2025,American Chemical Society,10.1021/acs.est.5c07284,https://doi.org/10.1021/acs.est.5c07284,,no_open_pdf_in_metadata,,"本文关注 Fe, Cu 单原子位点在 carbon nitride 等载体上的催化行为，主要应用于hydrogen evolution reaction。 文章以材料制备、结构表征和催化性能测试为核心，通常结合谱学/显微表征确认单原子分散。 摘要要点：Single-atom catalysts (SACs) show excellent activity and selectivity in Fenton-like reactions due to the atomically dispersed and homogeneous active sites. However, the sluggish redox kinetics of single-atom sites cause poor stability and durability. Herein, a",题名/摘要包含合成、制备、表征、测试或实验-理论联合研究信息，按实验论文归类；其中计算部分视作机理支持。
E0733,Experimental,Cu,MXene,hydrogen evolution reaction,Synchronous Electronic and Structural Modulation of Interlayer Nanoconfined Cu Single‐Atom/MXene Nanochannels for High‐Efficiency Micropollutant Removal,Advanced Functional Materials,2025,Wiley,10.1002/adfm.202513178,https://doi.org/10.1002/adfm.202513178,https://onlinelibrary.wiley.com/doi/pdfdirect/10.1002/adfm.202513178,download_failed: HTTPError,,"本文关注 Cu 单原子位点在 MXene 等载体上的催化行为，主要应用于hydrogen evolution reaction。 文章以材料制备、结构表征和催化性能测试为核心，通常结合谱学/显微表征确认单原子分散。 摘要要点：Abstract Single‐atom catalysts (SACs) offer high catalytic reactivity for micropollutant removal but often suffer from limited oxidant utilization and slow mass transport. Here, we confines Cu single atoms within the interlayer nanochannels of MXene to achieve",题名/摘要包含合成、制备、表征、测试或实验-理论联合研究信息，按实验论文归类；其中计算部分视作机理支持。
E0734,Experimental,Co; Zn,carbon/other support,oxygen reduction reaction,Synergy of Pyridinic‐N and Co Single Atom Sites for Enhanced Oxygen Redox Reactions in High‐Performance Zinc‐Air Batteries,Small,2025,Wiley,10.1002/smll.202411574,https://doi.org/10.1002/smll.202411574,https://onlinelibrary.wiley.com/doi/pdfdirect/10.1002/smll.202411574,download_failed: HTTPError,,"本文关注 Co, Zn 单原子位点在 carbon/other support 等载体上的催化行为，主要应用于oxygen reduction reaction。 文章以材料制备、结构表征和催化性能测试为核心，通常结合谱学/显微表征确认单原子分散。 摘要要点：Abstract Cobalt single‐atom catalysts (SACs) have the potential to act as bi‐functional electrocatalysts for the oxygen‐redox reactions in metal‐air batteries. However, achieving both high performance and stability in these SACs has been challenging. Here, a n",题名/摘要包含合成、制备、表征、测试或实验-理论联合研究信息，按实验论文归类；其中计算部分视作机理支持。
E0735,Experimental,Co; Mo,MoS2,hydrogen evolution reaction,Synergy of single atoms and sulfur vacancies for advanced polysulfide–iodide redox flow battery,Nature Communications,2025,Nature Portfolio,10.1038/s41467-025-58273-9,https://doi.org/10.1038/s41467-025-58273-9,https://www.nature.com/articles/s41467-025-58273-9.pdf,open_url_not_pdf,,"本文关注 Co, Mo 单原子位点在 MoS2 等载体上的催化行为，主要应用于hydrogen evolution reaction。 文章以材料制备、结构表征和催化性能测试为核心，通常结合谱学/显微表征确认单原子分散。 摘要要点：Aqueous redox flow batteries (RFBs) incorporating polysulfide/iodide chemistries have received considerable attention due to their safety, high scalability, and cost-effectiveness. However, the sluggish redox kinetics restricted their output energy efficiency",识别到合成、表征、电化学/催化测试或 operando/in situ 等实验关键词；若含 DFT，则视作实验论文的机理支持。
E0736,Experimental,Fe; Co,graphene,hydrogen evolution reaction,Synthesis of Bimetallic (Iron–Cobalt) Single Atom Catalysts for Electrochemical Detection of Nitrites,Advanced Materials Technologies,2025,Wiley,10.1002/admt.202401484,https://doi.org/10.1002/admt.202401484,https://onlinelibrary.wiley.com/doi/pdfdirect/10.1002/admt.202401484,download_failed: HTTPError,,"本文关注 Fe, Co 单原子位点在 graphene 等载体上的催化行为，主要应用于hydrogen evolution reaction。 文章以材料制备、结构表征和催化性能测试为核心，通常结合谱学/显微表征确认单原子分散。 摘要要点：Abstract Nitrite (NO 2 − ) is responsible for several physiological processes but can be harmful in excess. With rising exposure from food preservatives, fertilizers, and pollutants, accurate nitrite assessment is crucial for health and environmental safety. D",题名/摘要包含合成、制备、表征、测试或实验-理论联合研究信息，按实验论文归类；其中计算部分视作机理支持。
E0737,Experimental,Mn; Sn; Ga,N-doped carbon,oxygen reduction reaction,"Synthesis of MnM–NC (M = Ga, In, Sn) dual-single-atom catalysts for efficient electrocatalytic oxygen reduction",Journal of Materials Chemistry A,2025,Royal Society of Chemistry,10.1039/d5ta05397h,https://doi.org/10.1039/d5ta05397h,,no_open_pdf_in_metadata,,"本文关注 Mn, Sn, Ga 单原子位点在 N-doped carbon 等载体上的催化行为，主要应用于oxygen reduction reaction。 文章以材料制备、结构表征和催化性能测试为核心，通常结合谱学/显微表征确认单原子分散。 摘要要点：A series of dual-single-atom catalysts that consist of Mn and p-block metal single atoms dispersed on N-doped carbon are developed, and enhanced electrocatalytic oxygen reduction performance is achieved due to p–d orbital hybridization.",题名/摘要包含合成、制备、表征、测试或实验-理论联合研究信息，按实验论文归类；其中计算部分视作机理支持。
E0738,Experimental,Mn; Fe,carbon/other support,hydrogen evolution reaction,Tailoring bidirectional electronic transfer interaction tunnels triggers sustainable and high activity of ozone catalysis for water purification,Nature Communications,2025,Nature Portfolio,10.1038/s41467-025-63614-9,https://doi.org/10.1038/s41467-025-63614-9,https://www.nature.com/articles/s41467-025-63614-9.pdf,open_url_not_pdf,,"本文关注 Mn, Fe 单原子位点在 carbon/other support 等载体上的催化行为，主要应用于hydrogen evolution reaction。 文章以材料制备、结构表征和催化性能测试为核心，通常结合谱学/显微表征确认单原子分散。 摘要要点：Heterogeneous catalytic ozonation shows promise in destroying organic pollutants in water, yet developing catalysts with both high activity and stability remains challenging. In this study, we propose a catalyst design strategy involving the anchoring of elect",题名/摘要包含合成、制备、表征、测试或实验-理论联合研究信息，按实验论文归类；其中计算部分视作机理支持。
E0739,Experimental,Fe; Zn,N-doped carbon,oxygen reduction reaction,Tailoring the Surface Curvature of the Supporting Carbon to Tune the d‐Band Center of Fe−N−C Single‐Atom Catalysts for Zinc‐Urea‐Air Batteries,Angewandte Chemie International Edition,2025,Wiley,10.1002/anie.202422920,https://doi.org/10.1002/anie.202422920,,no_open_pdf_in_metadata,,"本文关注 Fe, Zn 单原子位点在 N-doped carbon 等载体上的催化行为，主要应用于oxygen reduction reaction。 文章以材料制备、结构表征和催化性能测试为核心，通常结合谱学/显微表征确认单原子分散。 摘要要点：The catalytic activities of the Fe-N-C single-atom catalysts (SACs) are associated with the varying atomic interactions through its characteristic coordination geometry. Yet, modulation of the surface curvature of carbon acting as a supporting body has not bee",题名/摘要包含合成、制备、表征、测试或实验-理论联合研究信息，按实验论文归类；其中计算部分视作机理支持。
E0740,Experimental,Fe,carbon/other support,hydrogen evolution reaction,Tandem reductive amination and deuteration over a phosphorus-modified iron center,Nature Communications,2025,Nature Portfolio,10.1038/s41467-024-55722-9,https://doi.org/10.1038/s41467-024-55722-9,https://www.nature.com/articles/s41467-024-55722-9.pdf,open_url_not_pdf,,"本文关注 Fe 单原子位点在 carbon/other support 等载体上的催化行为，主要应用于hydrogen evolution reaction。 文章以材料制备、结构表征和催化性能测试为核心，通常结合谱学/显微表征确认单原子分散。 摘要要点：Deuterated amines are key building blocks for drug synthesis and the identification of metabolites of new pharmaceuticals, which drives the search for general, efficient, and widely applicable methods for the selective synthesis of such compounds. Here, we des",题名/摘要包含合成、制备、表征、测试或实验-理论联合研究信息，按实验论文归类；其中计算部分视作机理支持。
E0741,Experimental,Cu,graphene oxide,CO2 reduction/conversion,The Proximal Protonation Source in Cu−NH x −C Single Atom Catalysts Selectively Boosts CO 2 to Methane Electroreduction,Angewandte Chemie International Edition,2025,Wiley,10.1002/anie.202424098,https://doi.org/10.1002/anie.202424098,https://onlinelibrary.wiley.com/doi/pdfdirect/10.1002/anie.202424098,download_failed: HTTPError,,"本文关注 Cu 单原子位点在 graphene oxide 等载体上的催化行为，主要应用于CO2 reduction/conversion。 文章以材料制备、结构表征和催化性能测试为核心，通常结合谱学/显微表征确认单原子分散。 摘要要点：Abstract Regulating the coordination environment of active sites has proved powerful for tapping into their catalytic activity and selectivity in homogeneous catalysis, yet the heterogeneous nature of copper single‐atom catalysts (SACs) makes it challenging. T",题名/摘要包含合成、制备、表征、测试或实验-理论联合研究信息，按实验论文归类；其中计算部分视作机理支持。
E0742,Experimental,Cu,graphene oxide,CO2 reduction/conversion,The Proximal Protonation Source in Cu−NH x −C Single Atom Catalysts Selectively Boosts CO 2 to Methane Electroreduction,Angewandte Chemie,2025,Wiley,10.1002/ange.202424098,https://doi.org/10.1002/ange.202424098,https://onlinelibrary.wiley.com/doi/pdfdirect/10.1002/ange.202424098,download_failed: HTTPError,,"本文关注 Cu 单原子位点在 graphene oxide 等载体上的催化行为，主要应用于CO2 reduction/conversion。 文章以材料制备、结构表征和催化性能测试为核心，通常结合谱学/显微表征确认单原子分散。 摘要要点：Abstract Regulating the coordination environment of active sites has proved powerful for tapping into their catalytic activity and selectivity in homogeneous catalysis, yet the heterogeneous nature of copper single‐atom catalysts (SACs) makes it challenging. T",题名/摘要包含合成、制备、表征、测试或实验-理论联合研究信息，按实验论文归类；其中计算部分视作机理支持。
E0743,Experimental,Pt,carbon nitride,hydrogen evolution reaction,Tracking life and death of carbon nitride supports in platinum-catalyzed vinyl chloride synthesis,Nature Communications,2025,Nature Portfolio,10.1038/s41467-025-60169-7,https://doi.org/10.1038/s41467-025-60169-7,https://www.nature.com/articles/s41467-025-60169-7.pdf,open_url_not_pdf,,"本文关注 Pt 单原子位点在 carbon nitride 等载体上的催化行为，主要应用于hydrogen evolution reaction。 文章以材料制备、结构表征和催化性能测试为核心，通常结合谱学/显微表征确认单原子分散。 摘要要点：Abstract Deactivation of metal-based catalysts for vinyl chloride synthesis via acetylene hydrochlorination is often dictated by indispensable, catalytically-active carbon supports, but underlying mechanisms remain unclear. Carbon nitrides offer an attractive",识别到合成、表征、电化学/催化测试或 operando/in situ 等实验关键词；若含 DFT，则视作实验论文的机理支持。
E0744,Experimental,Fe,graphene,hydrogen evolution reaction,Transforming Plastics to Single Atom Catalysts for Peroxymonosulfate Activation: Axial Chloride Coordination Intensified Electron Transfer Pathway,Advanced Materials,2025,,10.1002/adma.202415339,https://doi.org/10.1002/adma.202415339,,no_open_pdf_in_metadata,,"本文关注 Fe 单原子位点在 graphene 等载体上的催化行为，主要应用于hydrogen evolution reaction。 文章以材料制备、结构表征和催化性能测试为核心，通常结合谱学/显微表征确认单原子分散。 摘要要点：Abstract Transforming plastics into single‐atom catalysts is a promising strategy for upcycling waste plastics into value‐added functional materials. Herein, a graphene‐based single‐atom catalyst with atomically dispersed FeN 4 Cl sites (Fe─N/Cl─C) is produced",题名/摘要包含合成、制备、表征、测试或实验-理论联合研究信息，按实验论文归类；其中计算部分视作机理支持。
E0745,Experimental,V; Co; Ru; In,graphene,hydrogen evolution reaction,Tunable N 2 Fixation Enabled by Ferroelectric Switching in Doped Graphene/In 2 Se 3 Dual-Atom Catalysts,ACS Applied Materials & Interfaces,2025,American Chemical Society,10.1021/acsami.4c21092,https://doi.org/10.1021/acsami.4c21092,https://pubs.acs.org/doi/pdf/10.1021/acsami.4c21092?ref=article_openPDF,download_failed: HTTPError,,"本文关注 V, Co, Ru, In 单原子位点在 graphene 等载体上的催化行为，主要应用于hydrogen evolution reaction。 文章以材料制备、结构表征和催化性能测试为核心，通常结合谱学/显微表征确认单原子分散。 摘要要点：The electrochemical nitrogen reduction reaction (NRR) provides a sustainable alternative to ammonia synthesis. However, the development of catalysts with high activity and selectivity under ambient conditions remains a significant challenge. In this work, we p",识别到合成、表征、电化学/催化测试或 operando/in situ 等实验关键词；若含 DFT，则视作实验论文的机理支持。
E0746,Experimental,Co; Ni; Rh; Pd; Ir; Pt,graphene,hydrogen evolution reaction,Understanding stability and reactivity of transition metal single-atoms on graphene,Scientific Reports,2025,Nature Portfolio,10.1038/s41598-025-00126-y,https://doi.org/10.1038/s41598-025-00126-y,https://www.nature.com/articles/s41598-025-00126-y.pdf,open_url_not_pdf,,"本文关注 Co, Ni, Rh, Pd, Ir, Pt 单原子位点在 graphene 等载体上的催化行为，主要应用于hydrogen evolution reaction。 文章以材料制备、结构表征和催化性能测试为核心，通常结合谱学/显微表征确认单原子分散。 摘要要点：Recently, single-atom catalysts (SACs) based on transition metals (TMs) have been identified as highly active catalysts with excellent atomic efficiency, reduced consumption of expensive materials, well-defined active centers, and tunable activity and selectiv",题名/摘要包含合成、制备、表征、测试或实验-理论联合研究信息，按实验论文归类；其中计算部分视作机理支持。
E0747,Experimental,Fe; Co; Ni; Cu,N-doped graphene,oxygen evolution reaction,Understanding the Density Dependence of the OER Activity and Mechanism in Single-Atom Catalysts,The Journal of Physical Chemistry C,2025,American Chemical Society,10.1021/acs.jpcc.4c07614,https://doi.org/10.1021/acs.jpcc.4c07614,,no_open_pdf_in_metadata,,"本文关注 Fe, Co, Ni, Cu 单原子位点在 N-doped graphene 等载体上的催化行为，主要应用于oxygen evolution reaction。 文章以材料制备、结构表征和催化性能测试为核心，通常结合谱学/显微表征确认单原子分散。 摘要要点：Achieving high densities of single-atom catalysts (SACs) poses a significant challenge yet offers substantial potential for enhancing their catalytic performance. In this work, we have carried out a theoretical investigation on single atoms anchored on nitroge",识别到合成、表征、电化学/催化测试或 operando/in situ 等实验关键词；若含 DFT，则视作实验论文的机理支持。
E0748,Experimental,Ni; Sn,carbon/other support,hydrogen evolution reaction,Unlocking single-atom induced electronic metal-support interactions in electrocatalytic one-electron water oxidation for wastewater purification,Nature Communications,2025,Nature Portfolio,10.1038/s41467-025-59722-1,https://doi.org/10.1038/s41467-025-59722-1,https://www.nature.com/articles/s41467-025-59722-1.pdf,open_url_not_pdf,,"本文关注 Ni, Sn 单原子位点在 carbon/other support 等载体上的催化行为，主要应用于hydrogen evolution reaction。 文章以材料制备、结构表征和催化性能测试为核心，通常结合谱学/显微表征确认单原子分散。 摘要要点：Electro-oxidation is a promising green technology for decentralized wastewater purification. However, its efficacy is primarily constrained by the selectivity and efficiency of hydroxyl radical (•OH) generation through one-electron water oxidation. In this stu",题名/摘要包含合成、制备、表征、测试或实验-理论联合研究信息，按实验论文归类；其中计算部分视作机理支持。
E0749,Experimental,Ni,carbon nitride,oxygen reduction reaction,Vacancy Engineering of Nickel Single-Atom Catalysts to Enable Low-Triggering-Potential Electrochemiluminescence of Carbon Nitride,Analytical Chemistry,2025,American Chemical Society,10.1021/acs.analchem.5c02538,https://doi.org/10.1021/acs.analchem.5c02538,,no_open_pdf_in_metadata,,"本文关注 Ni 单原子位点在 carbon nitride 等载体上的催化行为，主要应用于oxygen reduction reaction。 文章以材料制备、结构表征和催化性能测试为核心，通常结合谱学/显微表征确认单原子分散。 摘要要点：The electrochemiluminescence (ECL) instability of graphitic carbon nitride (CN) caused by electrode passivation at a triggering potential exceeding −0.9 V has been widely recognized. Although doping, heterostructure, and vacancy engineering have been attempted",识别到合成、表征、电化学/催化测试或 operando/in situ 等实验关键词；若含 DFT，则视作实验论文的机理支持。
E0750,Experimental,Au,graphene,oxygen reduction reaction,Workflow-driven catalytic modulation from single-atom catalysts to Au–alloy clusters on graphene,Scientific Reports,2025,Nature Portfolio,10.1038/s41598-025-85891-6,https://doi.org/10.1038/s41598-025-85891-6,https://www.nature.com/articles/s41598-025-85891-6.pdf,open_url_not_pdf,,"本文关注 Au 单原子位点在 graphene 等载体上的催化行为，主要应用于oxygen reduction reaction。 文章以材料制备、结构表征和催化性能测试为核心，通常结合谱学/显微表征确认单原子分散。 摘要要点：Gold-based (Au) nanostructures are efficient catalysts for CO oxidation, hydrogen evolution (HER), and oxygen evolution (OER) reactions, but stabilizing them on graphene (Gr) is challenging due to weak affinity from delocalized [Formula: see text] carbon orbit",题名/摘要包含合成、制备、表征、测试或实验-理论联合研究信息，按实验论文归类；其中计算部分视作机理支持。
E0751,Experimental,Co,N-doped carbon,hydrogen evolution reaction,d–d/p Orbital Hybridization in Symmetry-Broken Co–Y Diatomic Sites Enables Efficient Na–S Battery,Energy Material Advances,2025,American Association for the Advancement of Science,10.34133/energymatadv.0394,https://doi.org/10.34133/energymatadv.0394,,no_open_pdf_in_metadata,,"本文关注 Co 单原子位点在 N-doped carbon 等载体上的催化行为，主要应用于hydrogen evolution reaction。 文章以材料制备、结构表征和催化性能测试为核心，通常结合谱学/显微表征确认单原子分散。 摘要要点：Despite advances of single-atom catalysts (SACs) in sodium–sulfur (Na–S) batteries, their symmetric coordination geometry (e.g., M–N 4 ) fundamentally restricts orbital-level modulation of sulfur redox kinetics. Herein, we demonstrate that hetero-diatomic Co–Y",题名/摘要包含合成、制备、表征、测试或实验-理论联合研究信息，按实验论文归类；其中计算部分视作机理支持。
E0752,Experimental,Fe; Co; Ni; Cu,graphene,oxygen reduction reaction,p -Band Center as the Key Descriptor: Coordination Engineering of Single-Atom Catalysts for Optimized Oxygen Electrocatalysis,Industrial & Engineering Chemistry Research,2025,American Chemical Society,10.1021/acs.iecr.5c03392,https://doi.org/10.1021/acs.iecr.5c03392,,no_open_pdf_in_metadata,,"本文关注 Fe, Co, Ni, Cu 单原子位点在 graphene 等载体上的催化行为，主要应用于oxygen reduction reaction。 文章以材料制备、结构表征和催化性能测试为核心，通常结合谱学/显微表征确认单原子分散。 摘要要点：The sluggish kinetics of the oxygen evolution/reduction reaction limit clean energy technologies. Single-atom catalysts (SACs) offer promise but require rational design guided by mechanistic understanding of metal–support interactions. This study employs densi",题名/摘要包含合成、制备、表征、测试或实验-理论联合研究信息，按实验论文归类；其中计算部分视作机理支持。
E0753,Experimental,Co,carbon/other support,hydrogen evolution reaction,A universal atomically dispersed cobalt catalyst for alkylation of ketones alcohols and lignin-derived compounds,Nature Communications,2026,Nature Portfolio,10.1038/s41467-026-71275-5,https://doi.org/10.1038/s41467-026-71275-5,https://www.nature.com/articles/s41467-026-71275-5_reference.pdf,open_url_not_pdf,,"本文关注 Co 单原子位点在 carbon/other support 等载体上的催化行为，主要应用于hydrogen evolution reaction。 文章以材料制备、结构表征和催化性能测试为核心，通常结合谱学/显微表征确认单原子分散。 摘要要点：Catalytic carbon-carbon bond-forming reactions provide the basis for synthetic organic chemistry. To move towards a circular carbon economy, it is imperative to efficiently convert sustainable and inexpensive starting materials, e.g. broadly available renewabl",识别到合成、表征、电化学/催化测试或 operando/in situ 等实验关键词；若含 DFT，则视作实验论文的机理支持。
E0754,Experimental,Pt,graphene oxide,hydrogen evolution reaction,Asymmetric Pt1C3-Pt1O1C3 catalytic pairs for efficient transfer hydrogenation of azobenzene,Nature Communications,2026,Nature Portfolio,10.1038/s41467-026-68759-9,https://doi.org/10.1038/s41467-026-68759-9,https://www.nature.com/articles/s41467-026-68759-9_reference.pdf,open_url_not_pdf,,"本文关注 Pt 单原子位点在 graphene oxide 等载体上的催化行为，主要应用于hydrogen evolution reaction。 文章以材料制备、结构表征和催化性能测试为核心，通常结合谱学/显微表征确认单原子分散。 摘要要点：Atomic catalytic pairs (CPs) have shown great promise in driving multi-step catalytic transformations, yet the influence of spatial arrangement and coordination asymmetry on homonuclear CPs remain poorly understood. Herein, we construct atomically dispersed ho",识别到合成、表征、电化学/催化测试或 operando/in situ 等实验关键词；若含 DFT，则视作实验论文的机理支持。
E0755,Experimental,Mixed_or_unclear,carbon/other support,CO2 reduction/conversion,Atomic-level engineering of single-atom catalysts for selective C–C coupling in CO 2 hydrogenation to ethanol,Chemical Science,2026,Royal Society of Chemistry,10.1039/d6sc01691j,https://doi.org/10.1039/d6sc01691j,https://pubs.rsc.org/en/content/articlepdf/2026/sc/d6sc01691j,downloaded_open_access_pdf,Experimental/Mixed_or_unclear/pdfs/E0755_Atomic-level_engineering_of_single-atom_catalysts_for_selective_C_C_coupling_in_CO_2_hydro.pdf,"本文关注 Mixed_or_unclear 单原子位点在 carbon/other support 等载体上的催化行为，主要应用于CO2 reduction/conversion。 文章以材料制备、结构表征和催化性能测试为核心，通常结合谱学/显微表征确认单原子分散。 摘要要点：This review explores single-atom catalysts for CO 2 -to-ethanol conversion, focusing on atomic-level design principles that enhance C–C coupling selectivity and activity to enable sustainable carbon utilization and renewable fuel production.",识别到合成、表征、电化学/催化测试或 operando/in situ 等实验关键词；若含 DFT，则视作实验论文的机理支持。
E0756,Experimental,Co,carbon nitride,CO2 reduction/conversion,Atomically Dispersed Cobalt on Ionic Carbon Nitrides for Selective and Efficient Nitrate Electroreduction to Ammonia,Angewandte Chemie International Edition,2026,Wiley,10.1002/anie.2543286,https://doi.org/10.1002/anie.2543286,,no_open_pdf_in_metadata,,本文关注 Co 单原子位点在 carbon nitride 等载体上的催化行为，主要应用于CO2 reduction/conversion。 文章以材料制备、结构表征和催化性能测试为核心，通常结合谱学/显微表征确认单原子分散。 摘要要点：ABSTRACT Direct electrochemical conversion of nitrate to ammonia (NH 3 ) represents a sustainable route for NH 3 production while simultaneously mitigating nitrate pollution. Carbon nitrides (CNs) have emerged as promising supports for transition‐metal single‐,题名/摘要包含合成、制备、表征、测试或实验-理论联合研究信息，按实验论文归类；其中计算部分视作机理支持。
E0757,Experimental,V; Cu,carbon/other support,hydrogen evolution reaction,Atomically Dispersed Cu–N 3 Sites in N-Doped Porous Carbon for Enhanced Vanadium Flow Battery Performance,Precision Chemistry,2026,American Chemical Society,10.1021/prechem.5c00420,https://doi.org/10.1021/prechem.5c00420,https://pubs.acs.org/doi/pdf/10.1021/prechem.5c00420?ref=article_openPDF,download_failed: HTTPError,,"本文关注 V, Cu 单原子位点在 carbon/other support 等载体上的催化行为，主要应用于hydrogen evolution reaction。 文章以材料制备、结构表征和催化性能测试为核心，通常结合谱学/显微表征确认单原子分散。 摘要要点：Vanadium flow batteries (VFBs), although promising for large-scale energy storage, are limited by sluggish redox kinetics and parasitic side reactions, resulting in substantial efficiency loss and poor cycling stability. To overcome these intrinsic limitations",题名/摘要包含合成、制备、表征、测试或实验-理论联合研究信息，按实验论文归类；其中计算部分视作机理支持。
E0758,Experimental,Cu; Ag; Au,N-doped graphene,hydrogen evolution reaction,Atomically dispersed high-loading metals and metalloids on a graphene quantum dot-support for selective electrochemical desulfurization,RSC Advances,2026,Royal Society of Chemistry,10.1039/d5ra06256j,https://doi.org/10.1039/d5ra06256j,https://pubs.rsc.org/en/content/articlepdf/2026/ra/d5ra06256j,downloaded_open_access_pdf,Experimental/Cu/pdfs/E0758_Atomically_dispersed_high-loading_metals_and_metalloids_on_a_graphene_quantum_dot-support_.pdf,"本文关注 Cu, Ag, Au 单原子位点在 N-doped graphene 等载体上的催化行为，主要应用于hydrogen evolution reaction。 文章以材料制备、结构表征和催化性能测试为核心，通常结合谱学/显微表征确认单原子分散。 摘要要点：The amendment of electronic structures in heterogeneous catalysts has mainly been established as one of the most efficient approaches for enhancing catalytic performances in redox reactions. Herein, nitrogen-doped graphene quantum dot nanosheets with atomicall",题名/摘要包含合成、制备、表征、测试或实验-理论联合研究信息，按实验论文归类；其中计算部分视作机理支持。
E0759,Experimental,Zn; Pd,N-doped carbon,oxygen reduction reaction,Boosting Zinc-Air Battery Performance by Regulating Pd Single-Atom Coordination via Thermal-Driven Migration,ACS Applied Materials & Interfaces,2026,American Chemical Society,10.1021/acsami.5c24772,https://doi.org/10.1021/acsami.5c24772,,no_open_pdf_in_metadata,,"本文关注 Zn, Pd 单原子位点在 N-doped carbon 等载体上的催化行为，主要应用于oxygen reduction reaction。 文章以材料制备、结构表征和催化性能测试为核心，通常结合谱学/显微表征确认单原子分散。 摘要要点：Pd catalysts showed considerable activity to the oxygen conversions in metal-air batteries, but developing efficient, durable, and low-cost Pd electrocatalysts remains highly challenging. Herein, a Pd single-atom catalyst (SAC) with in-plane PdNxC4–x (1 ≤ x ≤",识别到合成、表征、电化学/催化测试或 operando/in situ 等实验关键词；若含 DFT，则视作实验论文的机理支持。
E0760,Experimental,Pd,carbon/other support,oxygen reduction reaction,Breaking the activity-selectivity trade-off for acetylene semihydrogenation by Pd2 dual-atom site,Nature Communications,2026,Nature Portfolio,10.1038/s41467-026-70107-w,https://doi.org/10.1038/s41467-026-70107-w,https://www.nature.com/articles/s41467-026-70107-w_reference.pdf,open_url_not_pdf,,"本文关注 Pd 单原子位点在 carbon/other support 等载体上的催化行为，主要应用于oxygen reduction reaction。 文章以材料制备、结构表征和催化性能测试为核心，通常结合谱学/显微表征确认单原子分散。 摘要要点：Acetylene semihydrogenation is a critical process in the polyolefin industry by selectively removing trace acetylene from ethylene-rich reformate. However, this reaction is generally limited by the inherent activity-selectivity trade-off due to the thermodynam",题名/摘要包含合成、制备、表征、测试或实验-理论联合研究信息，按实验论文归类；其中计算部分视作机理支持。
E0761,Experimental,Ni,graphene,CO2 reduction/conversion,Breaking π Electron Network in Carbon Planes Enables Electron‐Localized NiN 4 Moieties for Efficient Electrochemical CO 2 Reduction,Advanced Functional Materials,2026,Wiley,10.1002/adfm.75678,https://doi.org/10.1002/adfm.75678,,no_open_pdf_in_metadata,,"本文关注 Ni 单原子位点在 graphene 等载体上的催化行为，主要应用于CO2 reduction/conversion。 文章以材料制备、结构表征和催化性能测试为核心，通常结合谱学/显微表征确认单原子分散。 摘要要点：ABSTRACT Graphene‐based metal‐nitrogen‐carbon single atom catalysts (M−NC SACs) have been used extensively for electrochemical CO 2 reduction reaction (eCO 2 RR). Yet, CO 2 adsorption and activation on the metal sites are hindered by the intense electron confi",题名/摘要包含合成、制备、表征、测试或实验-理论联合研究信息，按实验论文归类；其中计算部分视作机理支持。
E0762,Experimental,Co,N-doped carbon,hydrogen evolution reaction,Cobalt single-atom and nano catalysts for efficient transfer hydrodeoxygenation of vanillin with formic acid,Communications Chemistry,2026,Nature Portfolio,10.1038/s42004-026-01947-2,https://doi.org/10.1038/s42004-026-01947-2,https://www.nature.com/articles/s42004-026-01947-2_reference.pdf,open_url_not_pdf,,"本文关注 Co 单原子位点在 N-doped carbon 等载体上的催化行为，主要应用于hydrogen evolution reaction。 文章以材料制备、结构表征和催化性能测试为核心，通常结合谱学/显微表征确认单原子分散。 摘要要点：This study presents a Co catalyst with coexisting single-atoms and nanoparticles on N-doped carbon (Co1+Con/N-C). Synthesized via a sacrificial MgO-template method, it achieves 100% vanillin conversion and >99% selectivity to 2-methoxy-4-methylphenol at 160°C",题名/摘要包含合成、制备、表征、测试或实验-理论联合研究信息，按实验论文归类；其中计算部分视作机理支持。
E0763,Experimental,Co; Rh,graphene,hydrogen evolution reaction,Dual-atom Rh-Co catalysts for synergistically boosting nitrile hydrogenation,Nature Communications,2026,Nature Portfolio,10.1038/s41467-026-69778-2,https://doi.org/10.1038/s41467-026-69778-2,https://www.nature.com/articles/s41467-026-69778-2_reference.pdf,open_url_not_pdf,,"本文关注 Co, Rh 单原子位点在 graphene 等载体上的催化行为，主要应用于hydrogen evolution reaction。 文章以材料制备、结构表征和催化性能测试为核心，通常结合谱学/显微表征确认单原子分散。 摘要要点：Single-atom catalysts have found widespread application in selective hydrogenation reactions partially due to their well-defined active site structures, which ensure exceptional chemical selectivity. However, the limited binding sites on single-atom catalysts",识别到合成、表征、电化学/催化测试或 operando/in situ 等实验关键词；若含 DFT，则视作实验论文的机理支持。
E0764,Experimental,Fe,carbon nitride,hydrogen evolution reaction,Dual-site single-atom catalysts achieve directional adsorption-oxidation control for enhanced photo-Fenton-like reactions,Nature Communications,2026,Nature Portfolio,10.1038/s41467-026-70907-0,https://doi.org/10.1038/s41467-026-70907-0,https://www.nature.com/articles/s41467-026-70907-0.pdf,open_url_not_pdf,,本文关注 Fe 单原子位点在 carbon nitride 等载体上的催化行为，主要应用于hydrogen evolution reaction。 文章以材料制备、结构表征和催化性能测试为核心，通常结合谱学/显微表征确认单原子分散。 摘要要点：Heterogeneous Fenton-like systems activated by peroxymonosulfate represent promising platforms for organic wastewater treatment but are significantly hampered by competing adsorption and catalytic oxidation processes at identical active sites. To resolve this,题名/摘要包含合成、制备、表征、测试或实验-理论联合研究信息，按实验论文归类；其中计算部分视作机理支持。
E0765,Experimental,Ni,carbon/other support,hydrogen evolution reaction,Efficient methanol upcycling to ethylene glycol and glycolaldehyde via divergent C−C coupling synthesis,Nature Communications,2026,Nature Portfolio,10.1038/s41467-026-69656-x,https://doi.org/10.1038/s41467-026-69656-x,https://www.nature.com/articles/s41467-026-69656-x_reference.pdf,open_url_not_pdf,,"本文关注 Ni 单原子位点在 carbon/other support 等载体上的催化行为，主要应用于hydrogen evolution reaction。 文章以材料制备、结构表征和催化性能测试为核心，通常结合谱学/显微表征确认单原子分散。 摘要要点：Direct photocatalytic conversion of methanol into high-value multi-carbon chemicals through precisely controlled C − C coupling represents an extremely appealing but challenging goal. Herein, we demonstrate the efficient photoredox-driven dehydrocoupling of me",题名/摘要包含合成、制备、表征、测试或实验-理论联合研究信息，按实验论文归类；其中计算部分视作机理支持。
E0766,Experimental,Mn,graphene,oxygen reduction reaction,Electrocatalytic Reduction of NO on the MnN 4 Single‐Atom Catalyst Interfacing With Metal Supports: A First‐Principles Study,ChemCatChem,2026,Wiley,10.1002/cctc.202501268,https://doi.org/10.1002/cctc.202501268,,no_open_pdf_in_metadata,,本文关注 Mn 单原子位点在 graphene 等载体上的催化行为，主要应用于oxygen reduction reaction。 文章以材料制备、结构表征和催化性能测试为核心，通常结合谱学/显微表征确认单原子分散。 摘要要点：ABSTRACT The electrocatalytic nitric oxide reduction reaction (NORR) presents a promising route for sustainable ammonia production. Transition metal (TM) single atoms coordinated with four pyridinic nitrogen atoms in a carbon matrix (denoted as TMN 4 –C) have,题名/摘要包含合成、制备、表征、测试或实验-理论联合研究信息，按实验论文归类；其中计算部分视作机理支持。
E0767,Experimental,V; Fe; Zn,carbon/other support,oxygen reduction reaction,Elucidating activity-stability trade-offs in nano-fingerprint carbon anchoring single atoms and clusters in oxygen reduction reaction,Nature Communications,2026,Nature Portfolio,10.1038/s41467-026-70446-8,https://doi.org/10.1038/s41467-026-70446-8,https://www.nature.com/articles/s41467-026-70446-8_reference.pdf,open_url_not_pdf,,"本文关注 V, Fe, Zn 单原子位点在 carbon/other support 等载体上的催化行为，主要应用于oxygen reduction reaction。 文章以材料制备、结构表征和催化性能测试为核心，通常结合谱学/显微表征确认单原子分散。 摘要要点：Hybrid sites (M1+x) that incorporate single atoms (M1) with clusters (Mx) hold great potential for overcoming linear scaling relations in electrocatalysis, but spatial decoupling of M1 from Mx fundamentally hampers intercomponent synergy. Here, we report a com",题名/摘要包含合成、制备、表征、测试或实验-理论联合研究信息，按实验论文归类；其中计算部分视作机理支持。
E0768,Experimental,Zn; Ru,carbon/other support,oxygen evolution reaction,Emerging Atomically Engineered RuNi‐Zn‐ZIF‐8 Catalyst for Remarkably High Electrocatalytic Nitrate Reduction to Ammonia and Electrocatalytic Oxygen Evolution Reaction,Small,2026,Wiley,10.1002/smll.202512253,https://doi.org/10.1002/smll.202512253,https://onlinelibrary.wiley.com/doi/pdfdirect/10.1002/smll.202512253,download_failed: HTTPError,,"本文关注 Zn, Ru 单原子位点在 carbon/other support 等载体上的催化行为，主要应用于oxygen evolution reaction。 文章以材料制备、结构表征和催化性能测试为核心，通常结合谱学/显微表征确认单原子分散。 摘要要点：ABSTRACT Here, we report an atomic substitution strategy between RuNi‐Alloy and ZIF‐8 to synthesize Ni single‐atom catalyst (SAC) supported on a carbon‐nitrogen framework (CNF), derived via high temperature calcination (900°C) of RuNi‐ZIF‐8. The resulting atom",题名/摘要包含合成、制备、表征、测试或实验-理论联合研究信息，按实验论文归类；其中计算部分视作机理支持。
E0769,Experimental,Pt,carbon/other support,CO2 reduction/conversion,Emerging p ‐Block Metal‐Based Electrocatalysts for Energy Conversion,Small,2026,Wiley,10.1002/smll.202514932,https://doi.org/10.1002/smll.202514932,,no_open_pdf_in_metadata,,"本文关注 Pt 单原子位点在 carbon/other support 等载体上的催化行为，主要应用于CO2 reduction/conversion。 文章以材料制备、结构表征和催化性能测试为核心，通常结合谱学/显微表征确认单原子分散。 摘要要点：P-block metal-based catalysts are an emerging, effective, and sustainable alternative to precious metal electrocatalysts for energy conversion. These p-block-based materials exhibit unique characteristics, such as oxophilicity, weak hydrogen adsorption, and fl",题名/摘要包含合成、制备、表征、测试或实验-理论联合研究信息，按实验论文归类；其中计算部分视作机理支持。
E0770,Experimental,Fe,carbon/other support,CO2 reduction/conversion,Fe single-atom catalysts supported on N-enriched carbon promote the liquid phase electro-reduction of carbon dioxide to formic acid,Chemical Communications,2026,Royal Society of Chemistry,10.1039/d5cc05420f,https://doi.org/10.1039/d5cc05420f,https://pubs.rsc.org/en/content/articlepdf/2026/cc/d5cc05420f,downloaded_open_access_pdf,Experimental/Fe/pdfs/E0770_Fe_single-atom_catalysts_supported_on_N-enriched_carbon_promote_the_liquid_phase_electro-r.pdf,本文关注 Fe 单原子位点在 carbon/other support 等载体上的催化行为，主要应用于CO2 reduction/conversion。 文章以材料制备、结构表征和催化性能测试为核心，通常结合谱学/显微表征确认单原子分散。 摘要要点：This work describes how the presence of Fe single atom catalysts (Fe-SAC) dispersed on a nitrogen-enriched carbon matrix favours the selective electrocatalytic reduction of dissolved carbon dioxide to formic acid in neutral medium. Fe-SAC and Fe-free carbons w,题名/摘要包含合成、制备、表征、测试或实验-理论联合研究信息，按实验论文归类；其中计算部分视作机理支持。
E0771,Experimental,Fe; Cu,graphene,hydrogen evolution reaction,Graphene-Based Single-Atom Catalyst Nanobots for Advanced Water Treatment,ACS Applied Nano Materials,2026,American Chemical Society,10.1021/acsanm.5c05798,https://doi.org/10.1021/acsanm.5c05798,,no_open_pdf_in_metadata,,"本文关注 Fe, Cu 单原子位点在 graphene 等载体上的催化行为，主要应用于hydrogen evolution reaction。 文章以材料制备、结构表征和催化性能测试为核心，通常结合谱学/显微表征确认单原子分散。 摘要要点：Self-propelled micro/nanobots, combining miniaturization and autonomous swimming capabilities, are emerging as powerful tools for enhancing pollutant removal in water, offering significant advantages over traditional static mechanisms. The dynamic nature of th",题名/摘要包含合成、制备、表征、测试或实验-理论联合研究信息，按实验论文归类；其中计算部分视作机理支持。
E0772,Experimental,Co; Ni; Pd,N-doped graphene,hydrogen evolution reaction,How N-Doping Promotes Hydrogen Dissociation at Graphene-Based Single-Atom Catalysts,The Journal of Physical Chemistry Letters,2026,American Chemical Society,10.1021/acs.jpclett.5c03805,https://doi.org/10.1021/acs.jpclett.5c03805,,no_open_pdf_in_metadata,,"本文关注 Co, Ni, Pd 单原子位点在 N-doped graphene 等载体上的催化行为，主要应用于hydrogen evolution reaction。 文章以材料制备、结构表征和催化性能测试为核心，通常结合谱学/显微表征确认单原子分散。 摘要要点：Nitrogen-doped graphene single-atom catalysts (SACs) have shown remarkable promise in selective hydrogenation and hydrogen storage. However, the rationalization of hydrogen evolution in these systems is still challenging. In this paper, by systematically calcu",题名/摘要包含合成、制备、表征、测试或实验-理论联合研究信息，按实验论文归类；其中计算部分视作机理支持。
E0773,Experimental,Mixed_or_unclear,carbon/other support,catalysis,Integrated learning-assisted design of metal–nitrogen–carbon single-atom catalysts: electronegativity regulates the coupling rules of interfacial valence electrons,Chemical Science,2026,Royal Society of Chemistry,10.1039/d6sc00422a,https://doi.org/10.1039/d6sc00422a,https://pubs.rsc.org/en/content/articlepdf/2026/sc/d6sc00422a,downloaded_open_access_pdf,Experimental/Mixed_or_unclear/pdfs/E0773_Integrated_learning-assisted_design_of_metal_nitrogen_carbon_single-atom_catalysts_electro.pdf,"本文关注 Mixed_or_unclear 单原子位点在 carbon/other support 等载体上的催化行为，主要应用于catalysis。 文章以材料制备、结构表征和催化性能测试为核心，通常结合谱学/显微表征确认单原子分散。 摘要要点：) enhances the model's predictive accuracy by approximately 17%. The electronegativity-regulated interfacial valence electron coupling rules established in this study successfully unravels the ""structure-activity relationship black box"" challenge of SAC cataly",识别到合成、表征、电化学/催化测试或 operando/in situ 等实验关键词；若含 DFT，则视作实验论文的机理支持。
E0774,Experimental,Mixed_or_unclear,graphene,hydrogen evolution reaction,Intense Pulsed Light-Driven Flash Thermal-Shock Synthesis: A Frontier Strategy for Ultrafast Nanomaterial Design,Accounts of Materials Research,2026,American Chemical Society,10.1021/accountsmr.6c00058,https://doi.org/10.1021/accountsmr.6c00058,,no_open_pdf_in_metadata,,"本文关注 Mixed_or_unclear 单原子位点在 graphene 等载体上的催化行为，主要应用于hydrogen evolution reaction。 文章以材料制备、结构表征和催化性能测试为核心，通常结合谱学/显微表征确认单原子分散。 摘要要点：ConspectusUltrafast annealing represents a paradigm shift in materials synthesis, compressing thermal processing into millisecond-to-subsecond time scales. This approach establishes a unique kinetic-control regime that can enable metastable phases, defect-rich",题名/摘要包含合成、制备、表征、测试或实验-理论联合研究信息，按实验论文归类；其中计算部分视作机理支持。
E0775,Experimental,Fe; Co; Ni; Cu,graphene,hydrogen evolution reaction,Metal Identity and Coordination Environment Modulate Single-Atom Catalyst Stability During Electrocatalysis,ACS Catalysis,2026,American Chemical Society,10.1021/acscatal.6c02142,https://doi.org/10.1021/acscatal.6c02142,,no_open_pdf_in_metadata,,"本文关注 Fe, Co, Ni, Cu 单原子位点在 graphene 等载体上的催化行为，主要应用于hydrogen evolution reaction。 文章以材料制备、结构表征和催化性能测试为核心，通常结合谱学/显微表征确认单原子分散。 摘要要点：A major hurdle to the implementation of single-atom catalysts (SACs) in real-world systems is a poor understanding of their stability under operating conditions, which is particularly relevant due to the high surface free energy of SACs. Here, we evaluated the",题名/摘要包含合成、制备、表征、测试或实验-理论联合研究信息，按实验论文归类；其中计算部分视作机理支持。
E0776,Experimental,Cu,carbon/other support,CO2 reduction/conversion,Multiple Active Sites Engineering in Cu/γ‐Al 2 O 3 Catalyst Enables Selective Electrocatalytic CO 2 Reduction to Methane at High Rates,Carbon Energy,2026,Wiley,10.1002/cey2.70168,https://doi.org/10.1002/cey2.70168,https://onlinelibrary.wiley.com/doi/pdfdirect/10.1002/cey2.70168,download_failed: HTTPError,,"本文关注 Cu 单原子位点在 carbon/other support 等载体上的催化行为，主要应用于CO2 reduction/conversion。 文章以材料制备、结构表征和催化性能测试为核心，通常结合谱学/显微表征确认单原子分散。 摘要要点：ABSTRACT The electrocatalytic reduction of CO 2 (CO 2 RR) to methane (CH 4 ) using renewable electricity represents a pivotal technology for closing the anthropogenic carbon cycle. However, achieving high CH 4 Faradaic efficiency at industrially relevant curre",识别到合成、表征、电化学/催化测试或 operando/in situ 等实验关键词；若含 DFT，则视作实验论文的机理支持。
E0777,Experimental,Cu,carbon/other support,hydrogen evolution reaction,M–O–C Catalysts: Copper Single Atoms Supported on Oxocarbon Covalent Networks as Electrocatalysts for Glycerol Oxidation to Formic Acid,Angewandte Chemie International Edition,2026,Wiley,10.1002/anie.202522317,https://doi.org/10.1002/anie.202522317,,no_open_pdf_in_metadata,,"本文关注 Cu 单原子位点在 carbon/other support 等载体上的催化行为，主要应用于hydrogen evolution reaction。 文章以材料制备、结构表征和催化性能测试为核心，通常结合谱学/显微表征确认单原子分散。 摘要要点：Abstract N‐doped carbon single‐atom catalysts (M–N–C) have emerged as some of the most efficient electrocatalysts, offering both high activity and selectivity. To date, stabilization of single atoms on conductive carbon has been achieved almost exclusively thr",题名/摘要包含合成、制备、表征、测试或实验-理论联合研究信息，按实验论文归类；其中计算部分视作机理支持。
E0778,Experimental,Cu,carbon/other support,hydrogen evolution reaction,M–O–C Catalysts: Copper Single Atoms Supported on Oxocarbon Covalent Networks as Electrocatalysts for Glycerol Oxidation to Formic Acid,Angewandte Chemie,2026,Wiley,10.1002/ange.202522317,https://doi.org/10.1002/ange.202522317,,no_open_pdf_in_metadata,,"本文关注 Cu 单原子位点在 carbon/other support 等载体上的催化行为，主要应用于hydrogen evolution reaction。 文章以材料制备、结构表征和催化性能测试为核心，通常结合谱学/显微表征确认单原子分散。 摘要要点：Abstract N‐doped carbon single‐atom catalysts (M–N–C) have emerged as some of the most efficient electrocatalysts, offering both high activity and selectivity. To date, stabilization of single atoms on conductive carbon has been achieved almost exclusively thr",题名/摘要包含合成、制备、表征、测试或实验-理论联合研究信息，按实验论文归类；其中计算部分视作机理支持。
E0779,Experimental,V; Fe,carbon/other support,oxygen reduction reaction,Near-100% site utilization of single atoms for efficient electrocatalysis,Nature Communications,2026,Nature Portfolio,10.1038/s41467-025-67756-8,https://doi.org/10.1038/s41467-025-67756-8,https://www.nature.com/articles/s41467-025-67756-8_reference.pdf,open_url_not_pdf,,"本文关注 V, Fe 单原子位点在 carbon/other support 等载体上的催化行为，主要应用于oxygen reduction reaction。 文章以材料制备、结构表征和催化性能测试为核心，通常结合谱学/显微表征确认单原子分散。 摘要要点：Despite that enhancing site utilization (Usite) of single atoms (SAs) is crucial in electrocatalysis beyond increasing intrinsic activity and site density, numerous SAs are inaccessible during reaction due to the dense micropores and disordered stacking of car",识别到合成、表征、电化学/催化测试或 operando/in situ 等实验关键词；若含 DFT，则视作实验论文的机理支持。
E0780,Experimental,Cu,graphene,oxygen reduction reaction,Nitrogenated Graphene Quantum Dot-Derived Copper Single-Atom Catalyst for Oxygen Reduction Reaction,ACS Omega,2026,American Chemical Society,10.1021/acsomega.5c12972,https://doi.org/10.1021/acsomega.5c12972,,no_open_pdf_in_metadata,,"本文关注 Cu 单原子位点在 graphene 等载体上的催化行为，主要应用于oxygen reduction reaction。 文章以材料制备、结构表征和催化性能测试为核心，通常结合谱学/显微表征确认单原子分散。 摘要要点：Despite the promise of fuel cells as sustainable energy conversion technologies, their widespread adoption is hindered by the high cost of platinum group metal (PGM) catalysts, particularly for catalyzing the oxygen reduction reaction (ORR) at the cathode. Her",题名/摘要包含合成、制备、表征、测试或实验-理论联合研究信息，按实验论文归类；其中计算部分视作机理支持。
E0781,Experimental,Pt,graphene,hydrogen evolution reaction,Nonequilibrium pulsed heating freezes sintering of supported metal nanocatalysts,Nature Communications,2026,Nature Portfolio,10.1038/s41467-026-68539-5,https://doi.org/10.1038/s41467-026-68539-5,https://www.nature.com/articles/s41467-026-68539-5_reference.pdf,open_url_not_pdf,,"本文关注 Pt 单原子位点在 graphene 等载体上的催化行为，主要应用于hydrogen evolution reaction。 文章以材料制备、结构表征和催化性能测试为核心，通常结合谱学/显微表征确认单原子分散。 摘要要点：Supported metal nanoparticles always experience thermal-induced sintering that severely depresses their catalytic performance and durability. Recently, ultrafast heating technology has been widely adopted in synthesizing diverse metal nanoparticles or even sin",识别到合成、表征、电化学/催化测试或 operando/in situ 等实验关键词；若含 DFT，则视作实验论文的机理支持。
E0782,Experimental,Mn; Fe; Co; Ni; Cu; Zn,N-doped carbon,hydrogen evolution reaction,Orbital Engineering in Single-Atom Catalysts for Benzene to Phenol Oxidation,ACS Catalysis,2026,American Chemical Society,10.1021/acscatal.5c08326,https://doi.org/10.1021/acscatal.5c08326,,no_open_pdf_in_metadata,,"本文关注 Mn, Fe, Co, Ni, Cu, Zn 单原子位点在 N-doped carbon 等载体上的催化行为，主要应用于hydrogen evolution reaction。 文章以材料制备、结构表征和催化性能测试为核心，通常结合谱学/显微表征确认单原子分散。 摘要要点：The rational design of high-performance single-atom catalysts (SACs) for the selective oxidation of benzene to phenol under mild conditions requires a deep understanding of orbital-level interactions governing catalytic activity. Herein, we report a systematic",题名/摘要包含合成、制备、表征、测试或实验-理论联合研究信息，按实验论文归类；其中计算部分视作机理支持。
E0783,Experimental,Pd; Au,graphene,hydrogen evolution reaction,Pd 1 Au l /Graphene: Highly Efficient Bimetallic Single-Atom Catalysts for C–C Coupling from C–B Bond Activation,ACS Nano,2026,American Chemical Society,10.1021/acsnano.6c01027,https://doi.org/10.1021/acsnano.6c01027,,no_open_pdf_in_metadata,,"本文关注 Pd, Au 单原子位点在 graphene 等载体上的催化行为，主要应用于hydrogen evolution reaction。 文章以材料制备、结构表征和催化性能测试为核心，通常结合谱学/显微表征确认单原子分散。 摘要要点：/graphene, where adjacent Pd and Au atoms form a synergistic active center. This promotes simultaneous aromatic boronic acid substrate activation and significantly reduces the reaction energy barrier of the oxidative addition step, thereby enabling a pathway i",识别到合成、表征、电化学/催化测试或 operando/in situ 等实验关键词；若含 DFT，则视作实验论文的机理支持。
E0784,Experimental,Ni,carbon/other support,oxygen reduction reaction,Powder‐to‐Film Conversion of Nickel Single‐Atom Catalysts into Binder‐Free and Resistant Electrodes,Advanced Materials Interfaces,2026,Wiley,10.1002/admi.202500984,https://doi.org/10.1002/admi.202500984,https://onlinelibrary.wiley.com/doi/pdfdirect/10.1002/admi.202500984,download_failed: HTTPError,,"本文关注 Ni 单原子位点在 carbon/other support 等载体上的催化行为，主要应用于oxygen reduction reaction。 文章以材料制备、结构表征和催化性能测试为核心，通常结合谱学/显微表征确认单原子分散。 摘要要点：ABSTRACT Although a few binder‐free and self‐supported single‐atom electrodes have been reported, achieving mechanically robust, defect‐engineered, and reproducible films that preserve atomic dispersion under electrochemical operation remains challenging. This",识别到合成、表征、电化学/催化测试或 operando/in situ 等实验关键词；若含 DFT，则视作实验论文的机理支持。
E0785,Experimental,Ti; V; Cr; Mn; Fe; Co,N-doped graphene,hydrogen evolution reaction,Proton Adsorption on Single-Atom Catalysts: Insights from Electrostatic Interaction Decomposition,The Journal of Physical Chemistry C,2026,American Chemical Society,10.1021/acs.jpcc.5c08599,https://doi.org/10.1021/acs.jpcc.5c08599,,no_open_pdf_in_metadata,,"本文关注 Ti, V, Cr, Mn, Fe, Co 单原子位点在 N-doped graphene 等载体上的催化行为，主要应用于hydrogen evolution reaction。 文章以材料制备、结构表征和催化性能测试为核心，通常结合谱学/显微表征确认单原子分散。 摘要要点：Transition metal-anchored nitrogen-doped graphene single-atom catalysts have emerged as a versatile class of catalysts that combine the advantages of homogeneous and heterogeneous catalysis. The adsorption of a reactant on the single-atom catalyst is critical",题名/摘要包含合成、制备、表征、测试或实验-理论联合研究信息，按实验论文归类；其中计算部分视作机理支持。
E0786,Experimental,Pt,graphene,catalysis,Single atom platinum catalyst construction based on graphene defects,Physical Chemistry Chemical Physics,2026,Royal Society of Chemistry,10.1039/d5cp04859a,https://doi.org/10.1039/d5cp04859a,,no_open_pdf_in_metadata,,本文关注 Pt 单原子位点在 graphene 等载体上的催化行为，主要应用于catalysis。 文章以材料制备、结构表征和催化性能测试为核心，通常结合谱学/显微表征确认单原子分散。 摘要要点：A platinum single-atom catalyst supported on defective graphene exhibits enhanced migration stability and superior catalytic activity for H 2 O dissociation.,识别到合成、表征、电化学/催化测试或 operando/in situ 等实验关键词；若含 DFT，则视作实验论文的机理支持。
E0787,Experimental,Cu; Pt,carbon nitride,hydrogen evolution reaction,Solar Hydrogen Evolution Boosted by Cu and Pt Single-Atom Sites Anchored on g-C 3 N 4 via Magnetron Sputtering Deposition,ACS Nanoscience Au,2026,American Chemical Society,10.1021/acsnanoscienceau.6c00011,https://doi.org/10.1021/acsnanoscienceau.6c00011,https://pubs.acs.org/doi/pdf/10.1021/acsnanoscienceau.6c00011?ref=article_openPDF,download_failed: HTTPError,,"本文关注 Cu, Pt 单原子位点在 carbon nitride 等载体上的催化行为，主要应用于hydrogen evolution reaction。 文章以材料制备、结构表征和催化性能测试为核心，通常结合谱学/显微表征确认单原子分散。 摘要要点：Photocatalytic hydrogen (H2) evolution offers a promising solution to environmental pollution and the global energy crisis. Among different photocatalysts, graphitic carbon nitride (g-C3N4), most known as melon in the literature, is distinguished by its availa",题名/摘要包含合成、制备、表征、测试或实验-理论联合研究信息，按实验论文归类；其中计算部分视作机理支持。
E0788,Experimental,Fe,N-doped carbon,oxygen reduction reaction,Spin Migration-Driven Synergy in a Fe–Ba Dual-Atom Catalyst for Nitroaromatic Reduction,ACS Catalysis,2026,American Chemical Society,10.1021/acscatal.5c08357,https://doi.org/10.1021/acscatal.5c08357,,no_open_pdf_in_metadata,,"本文关注 Fe 单原子位点在 N-doped carbon 等载体上的催化行为，主要应用于oxygen reduction reaction。 文章以材料制备、结构表征和催化性能测试为核心，通常结合谱学/显微表征确认单原子分散。 摘要要点：Selective reduction of nitroarenes to functional amines is a cornerstone transformation in organic synthesis, yet it remains challenging to achieve with earth-abundant metals under mild conditions. Here, we report a Fe–Ba dual-atom catalyst (FeBa-DAC) featurin",题名/摘要包含合成、制备、表征、测试或实验-理论联合研究信息，按实验论文归类；其中计算部分视作机理支持。
E0789,Experimental,Mixed_or_unclear,carbon/other support,hydrogen evolution reaction,Strategies and Advances in Interfacial Engineering for Electrochemical Nitrate Reduction to Ammonia Catalysts,Advanced Sustainable Systems,2026,Wiley,10.1002/adsu.202501234,https://doi.org/10.1002/adsu.202501234,https://onlinelibrary.wiley.com/doi/pdfdirect/10.1002/adsu.202501234,download_failed: HTTPError,,本文关注 Mixed_or_unclear 单原子位点在 carbon/other support 等载体上的催化行为，主要应用于hydrogen evolution reaction。 文章以材料制备、结构表征和催化性能测试为核心，通常结合谱学/显微表征确认单原子分散。 摘要要点：Abstract Electrochemical conversion of nitrate into ammonia represents a sustainable strategy for mitigating nitrogen‐related environmental burdens while enabling green ammonia production. Electrochemical nitrate reduction to ammonia (eNitRR) involves a sequen,题名/摘要包含合成、制备、表征、测试或实验-理论联合研究信息，按实验论文归类；其中计算部分视作机理支持。
E0790,Experimental,Fe; Zn,graphene,oxygen reduction reaction,Structure-Engineered Biomass-Derived Carbon Nanosheets Hosting Atomically Dispersed Iron for Efficient Zn-air Batteries,Energy & Fuels,2026,American Chemical Society,10.1021/acs.energyfuels.5c05901,https://doi.org/10.1021/acs.energyfuels.5c05901,,no_open_pdf_in_metadata,,"本文关注 Fe, Zn 单原子位点在 graphene 等载体上的催化行为，主要应用于oxygen reduction reaction。 文章以材料制备、结构表征和催化性能测试为核心，通常结合谱学/显微表征确认单原子分散。 摘要要点：Rechargeable zinc-air batteries (ZABs) are attractive for energy storage, but their efficiency is limited by the slow kinetics of the oxygen reduction reaction (ORR) and oxygen evolution reaction (OER). Here, we report a bifunctional single-atom catalyst consi",题名/摘要包含合成、制备、表征、测试或实验-理论联合研究信息，按实验论文归类；其中计算部分视作机理支持。
E0791,Experimental,Ni,carbon/other support,oxygen reduction reaction,Structure-adaptive single-atom nickel catalysts for pure hydrogen peroxide electrosynthesis at industrial current density,Nature Communications,2026,Nature Portfolio,10.1038/s41467-026-71120-9,https://doi.org/10.1038/s41467-026-71120-9,https://www.nature.com/articles/s41467-026-71120-9_reference.pdf,open_url_not_pdf,,"本文关注 Ni 单原子位点在 carbon/other support 等载体上的催化行为，主要应用于oxygen reduction reaction。 文章以材料制备、结构表征和催化性能测试为核心，通常结合谱学/显微表征确认单原子分散。 摘要要点：The generation of pure hydrogen peroxide (H2O2) through two-electron oxygen reduction reaction represents a promising avenue for sustainable chemical production. However, a fundamental understanding of inevitable reconstruction of active sites during electroly",题名/摘要包含合成、制备、表征、测试或实验-理论联合研究信息，按实验论文归类；其中计算部分视作机理支持。
E0792,Experimental,Co; Pd,N-doped carbon,hydrogen evolution reaction,Synergy of Pd 1 –Co 1 Dual-Atom Catalyst Breaking the Activity-Selectivity Trade-Off for Chemoselective Hydrogenation,ACS Catalysis,2026,American Chemical Society,10.1021/acscatal.6c00346,https://doi.org/10.1021/acscatal.6c00346,,no_open_pdf_in_metadata,,"本文关注 Co, Pd 单原子位点在 N-doped carbon 等载体上的催化行为，主要应用于hydrogen evolution reaction。 文章以材料制备、结构表征和催化性能测试为核心，通常结合谱学/显微表征确认单原子分散。 摘要要点：Breaking the fundamental activity-selectivity trade-off in nitroarene hydrogenation is crucial for efficient amine synthesis yet remains a great challenge. Although single-atom catalysts offer a promising avenue, their intrinsically monofunctional nature preve",识别到合成、表征、电化学/催化测试或 operando/in situ 等实验关键词；若含 DFT，则视作实验论文的机理支持。
E0793,Experimental,Mixed_or_unclear,carbon/other support,oxygen reduction reaction,Synthesis Mechanism and Regulation of Zeolitic Imidazolate Frameworks‐Based Hollow Carbon Single‐Atom Catalysts for Oxygen Reduction Reaction,ChemSusChem,2026,Wiley,10.1002/cssc.202502087,https://doi.org/10.1002/cssc.202502087,https://onlinelibrary.wiley.com/doi/pdfdirect/10.1002/cssc.202502087,download_failed: HTTPError,,"本文关注 Mixed_or_unclear 单原子位点在 carbon/other support 等载体上的催化行为，主要应用于oxygen reduction reaction。 文章以材料制备、结构表征和催化性能测试为核心，通常结合谱学/显微表征确认单原子分散。 摘要要点：Up to now, researchers have been dedicated to developing oxygen reduction reaction (ORR) catalysts with high activity and durability. Zeolitic imidazolate frameworks (ZIFs) are an excellent choice as precursors for ORR catalysts due to their high specific surf",识别到合成、表征、电化学/催化测试或 operando/in situ 等实验关键词；若含 DFT，则视作实验论文的机理支持。
E0794,Experimental,Co; Zn,graphene oxide,oxygen reduction reaction,Tailoring Coordination and Pore Structure of MOF‐Derived Co Single‐Atom Catalysts Anchored on Graphene for Rechargeable Zinc–Air Batteries,Small,2026,Wiley,10.1002/smll.202512098,https://doi.org/10.1002/smll.202512098,https://onlinelibrary.wiley.com/doi/pdfdirect/10.1002/smll.202512098,download_failed: HTTPError,,"本文关注 Co, Zn 单原子位点在 graphene oxide 等载体上的催化行为，主要应用于oxygen reduction reaction。 文章以材料制备、结构表征和催化性能测试为核心，通常结合谱学/显微表征确认单原子分散。 摘要要点：ABSTRACT Achieving high‐performance single‐atom catalysts (SACs) for rechargeable Zn–air batteries (ZABs) requires simultaneous optimization of pore structure and coordination environment. However, MOF‐derived SACs typically feature micropore‐dominated carbon",识别到合成、表征、电化学/催化测试或 operando/in situ 等实验关键词；若含 DFT，则视作实验论文的机理支持。
E0795,Experimental,Zn,N-doped carbon,hydrogen evolution reaction,Tailoring the Interfacial Microenvironment of Atomically Dispersed Zinc to Boost Electron Transfer Process for Water Purification,Environmental Science & Technology,2026,American Chemical Society,10.1021/acs.est.5c18038,https://doi.org/10.1021/acs.est.5c18038,,no_open_pdf_in_metadata,,"本文关注 Zn 单原子位点在 N-doped carbon 等载体上的催化行为，主要应用于hydrogen evolution reaction。 文章以材料制备、结构表征和催化性能测试为核心，通常结合谱学/显微表征确认单原子分散。 摘要要点：Introducing environmentally benign Zn single-atom catalysts (SACs) in Fenton-like reactions to induce electron transfer processes (ETP) holds great potential in advanced water remediation technologies. However, precise coordination of Zn SACs is highly require",题名/摘要包含合成、制备、表征、测试或实验-理论联合研究信息，按实验论文归类；其中计算部分视作机理支持。
E0796,Experimental,Mo; Pt,graphene,hydrogen evolution reaction,The Charge State of Adsorbed H*: A Missing Kinetic Descriptor for Hydrogen Evolution Reaction,ACS Catalysis,2026,American Chemical Society,10.1021/acscatal.6c00895,https://doi.org/10.1021/acscatal.6c00895,,no_open_pdf_in_metadata,,"本文关注 Mo, Pt 单原子位点在 graphene 等载体上的催化行为，主要应用于hydrogen evolution reaction。 文章以材料制备、结构表征和催化性能测试为核心，通常结合谱学/显微表征确认单原子分散。 摘要要点：The free energy of hydrogen adsorption (ΔGH*) is widely used as a descriptor for the hydrogen evolution reaction (HER), yet its exclusive focus on thermodynamics may fail to capture reaction kinetics, thereby limiting its predictive power. Here, taking the exp",题名/摘要包含合成、制备、表征、测试或实验-理论联合研究信息，按实验论文归类；其中计算部分视作机理支持。
E0797,Experimental,Pd,carbon nitride,hydrogen evolution reaction,The H-Pd···N-H metal-ligand dual-atom sites synergistically catalyzed alkyne semi-hydrogenation with complete Z-selectivity,Nature Communications,2026,Nature Portfolio,10.1038/s41467-026-68755-z,https://doi.org/10.1038/s41467-026-68755-z,https://www.nature.com/articles/s41467-026-68755-z_reference.pdf,open_url_not_pdf,,"本文关注 Pd 单原子位点在 carbon nitride 等载体上的催化行为，主要应用于hydrogen evolution reaction。 文章以材料制备、结构表征和催化性能测试为核心，通常结合谱学/显微表征确认单原子分散。 摘要要点：In single-atom catalysts, the coordination microenvironment surrounding transition-metal centers is widely recognized as a key factor shaping their electronic structures and geometries, thereby governing catalytic behaviors. However, the synergetic catalysis b",题名/摘要包含合成、制备、表征、测试或实验-理论联合研究信息，按实验论文归类；其中计算部分视作机理支持。
E0798,Experimental,V; Co,carbon/other support,oxygen evolution reaction,Ultrafast photothermal shock for crystallization of vanadium oxide and in situ anchoring of Co single atoms for enhanced oxygen evolution reaction,Chemical Communications,2026,Royal Society of Chemistry,10.1039/d5cc06213f,https://doi.org/10.1039/d5cc06213f,https://pubs.rsc.org/en/content/articlepdf/2026/cc/d5cc06213f,downloaded_open_access_pdf,Experimental/V/pdfs/E0798_Ultrafast_photothermal_shock_for_crystallization_of_vanadium_oxide_and_in_situ_anchoring_o.pdf,"本文关注 V, Co 单原子位点在 carbon/other support 等载体上的催化行为，主要应用于oxygen evolution reaction。 文章以材料制备、结构表征和催化性能测试为核心，通常结合谱学/显微表征确认单原子分散。 摘要要点：An ultrafast photothermal shock simultaneously crystallizes amorphous vanadium oxide and anchors Co single-atoms, kinetically suppressing atomic aggregation within milliseconds. Featuring a vanadium oxide crystalline phase tunable by the applied shock energy a",识别到合成、表征、电化学/催化测试或 operando/in situ 等实验关键词；若含 DFT，则视作实验论文的机理支持。
E0799,Experimental,Fe,graphene,oxygen reduction reaction,Unlocking C═N Bond Formation Through Microwave‐Assisted Reductive Coupling of Nitroarene with Alcohols on Fe 1 –N 4 Single‐Atom Catalyst,Small Structures,2026,Wiley,10.1002/sstr.202500717,https://doi.org/10.1002/sstr.202500717,,no_open_pdf_in_metadata,,"本文关注 Fe 单原子位点在 graphene 等载体上的催化行为，主要应用于oxygen reduction reaction。 文章以材料制备、结构表征和催化性能测试为核心，通常结合谱学/显微表征确认单原子分散。 摘要要点：One of the most reliable strategies in organic synthesis is the formation of C═N bonds through the reductive coupling of nitroarenes with alcohols to produce selectively functionalized imines; however, achieving this transformation remains challenging because",题名/摘要包含合成、制备、表征、测试或实验-理论联合研究信息，按实验论文归类；其中计算部分视作机理支持。
E0800,Experimental,Cr; Mn; Fe; Co; Ni,N-doped graphene,hydrogen evolution reaction,Unraveling the Stability of N‐Doped Graphene Supported Single‐Atom and Dual‐Atom Catalysts From Pourbaix Diagram,Angewandte Chemie International Edition,2026,Wiley,10.1002/anie.3532397,https://doi.org/10.1002/anie.3532397,,no_open_pdf_in_metadata,,"本文关注 Cr, Mn, Fe, Co, Ni 单原子位点在 N-doped graphene 等载体上的催化行为，主要应用于hydrogen evolution reaction。 文章以材料制备、结构表征和催化性能测试为核心，通常结合谱学/显微表征确认单原子分散。 摘要要点：Single-atom catalysts (SACs) and dual-atom catalysts (DACs) exhibit great potential in heterogeneous catalysis. However, studying their stability under practical reaction conditions remains a challenge. This work theoretically studies the electrochemical stabi",识别到合成、表征、电化学/催化测试或 operando/in situ 等实验关键词；若含 DFT，则视作实验论文的机理支持。
E0801,Experimental,Mn; Fe; Co,graphene,hydrogen evolution reaction,Unveiling the Dual-Path Stabilization Mechanism of Single-Atom Catalysts on N 4 -Graphene,The Journal of Physical Chemistry C,2026,American Chemical Society,10.1021/acs.jpcc.5c08433,https://doi.org/10.1021/acs.jpcc.5c08433,,no_open_pdf_in_metadata,,"本文关注 Mn, Fe, Co 单原子位点在 graphene 等载体上的催化行为，主要应用于hydrogen evolution reaction。 文章以材料制备、结构表征和催化性能测试为核心，通常结合谱学/显微表征确认单原子分散。 摘要要点：Single-atom catalysts (SACs) are promising for energy catalysis, yet their stabilization mechanisms remain not fully understood. Herein, we investigate transition metal (Mn, Fe, Co) atoms anchored on N4-doped graphene (TM1/N4-Gr) and reveal a dual-path stabili",识别到合成、表征、电化学/催化测试或 operando/in situ 等实验关键词；若含 DFT，则视作实验论文的机理支持。
T0001,Theoretical,Mixed_or_unclear,graphene,hydrogenation,Single-Atom Catalysts: A New Frontier in Heterogeneous Catalysis,Accounts of Chemical Research,2013,American Chemical Society,10.1021/ar300361m,https://doi.org/10.1021/ar300361m,,no_open_pdf_in_metadata,,"本文关注 Mixed_or_unclear 单原子位点在 graphene 等载体上的催化行为，主要应用于hydrogenation。 文章以理论计算、稳定性分析或反应路径筛选为主，可用于建立结构-活性关系和筛选候选催化剂。 摘要要点：Supported metal nanostructures are the most widely used type of heterogeneous catalyst in industrial processes. The size of metal particles is a key factor in determining the performance of such catalysts. In particular, because low-coordinated metal atoms oft",计算关键词占主导，按纯理论计算归类。
T0002,Theoretical,Mixed_or_unclear,carbon/other support,hydrogen evolution reaction,Molecular understandings on the activation of light hydrocarbons over heterogeneous catalysts,Chemical Science,2015,Royal Society of Chemistry,10.1039/c5sc01227a,https://doi.org/10.1039/c5sc01227a,https://pubs.rsc.org/en/content/articlepdf/2015/sc/c5sc01227a,downloaded_open_access_pdf,Theoretical/Mixed_or_unclear/pdfs/T0002_Molecular_understandings_on_the_activation_of_light_hydrocarbons_over_heterogeneous_cataly.pdf,"本文关注 Mixed_or_unclear 单原子位点在 carbon/other support 等载体上的催化行为，主要应用于hydrogen evolution reaction。 文章以理论计算、稳定性分析或反应路径筛选为主，可用于建立结构-活性关系和筛选候选催化剂。 摘要要点：Due to the depletion of petroleum and the recent shale gas revolution, the dropping of the price for light alkanes makes alkanes an attractive feedstock for the production of light alkenes and other valuable chemicals. Understanding the mechanism for the activ",题名/摘要明确显示 DFT、第一性原理、理论洞察或计算筛选为主，按纯理论计算归类。
T0003,Theoretical,Pt,graphene,CO2 reduction/conversion,Single Pt atom stabilized on nitrogen doped graphene: CO oxidation readily occurs via the tri-molecular Eley–Rideal mechanism,Physical Chemistry Chemical Physics,2015,Royal Society of Chemistry,10.1039/c5cp01922b,https://doi.org/10.1039/c5cp01922b,,no_open_pdf_in_metadata,,"本文关注 Pt 单原子位点在 graphene 等载体上的催化行为，主要应用于CO2 reduction/conversion。 文章以理论计算、稳定性分析或反应路径筛选为主，可用于建立结构-活性关系和筛选候选催化剂。 摘要要点：Single-atom catalysts, especially with single Pt atoms, have attracted more and more attention due to their high catalytic activity for CO oxidation. The outstanding stability and catalytic activity of a single Pt atom supported on nitrogen doped graphene (Pt/",题名/摘要明确显示 DFT、第一性原理、理论洞察或计算筛选为主，按纯理论计算归类。
T0004,Theoretical,Co,graphene,oxygen reduction reaction,CO oxidation catalyzed by the single Co atom embedded hexagonal boron nitride nanosheet: a DFT-D study,Physical Chemistry Chemical Physics,2016,Royal Society of Chemistry,10.1039/c6cp02221a,https://doi.org/10.1039/c6cp02221a,,no_open_pdf_in_metadata,,本文关注 Co 单原子位点在 graphene 等载体上的催化行为，主要应用于oxygen reduction reaction。 文章以理论计算、稳定性分析或反应路径筛选为主，可用于建立结构-活性关系和筛选候选催化剂。 摘要要点：A single metal atom stabilized on two dimensional materials (such as graphene and h-BN) exhibits extraordinary activity in the oxidation of CO. The oxidation of CO by molecular O2 on a single cobalt atom embedded in a hexagonal boron nitride monolayer (h-BN) i,题名明确包含 computational、DFT、screening、theoretical 或 first-principles 等词，按纯理论计算归类。
T0005,Theoretical,Co; Ni; Cu; Pd; Pt,carbon nitride,oxygen evolution reaction,Graphitic carbon nitride supported single-atom catalysts for efficient oxygen evolution reaction,Chemical Communications,2016,Royal Society of Chemistry,10.1039/c6cc07049c,https://doi.org/10.1039/c6cc07049c,,no_open_pdf_in_metadata,,"本文关注 Co, Ni, Cu, Pd, Pt 单原子位点在 carbon nitride 等载体上的催化行为，主要应用于oxygen evolution reaction。 文章以理论计算、稳定性分析或反应路径筛选为主，可用于建立结构-活性关系和筛选候选催化剂。 摘要要点：Based on DFT calculations, we propose a TM@CN hybrid structure, in which the single-atom transition metal (TM = Pt, Pd, Co, Ni, Cu) is supported by graphitic carbon nitride (g-CN), as a promising high-performance OER catalyst. Our work reveals the importance o",题名/摘要显示以 DFT、第一性原理或计算筛选为主，未识别到实验合成/表征关键词。
T0006,Theoretical,Mixed_or_unclear,graphene,CO2 reduction/conversion,Electrochemical reduction of CO 2 on graphene supported transition metals – towards single atom catalysts,Physical Chemistry Chemical Physics,2017,Royal Society of Chemistry,10.1039/c7cp00915a,https://doi.org/10.1039/c7cp00915a,,no_open_pdf_in_metadata,,本文关注 Mixed_or_unclear 单原子位点在 graphene 等载体上的催化行为，主要应用于CO2 reduction/conversion。 文章以理论计算、稳定性分析或反应路径筛选为主，可用于建立结构-活性关系和筛选候选催化剂。 摘要要点：Graphene supported single atoms show improved reactivity towards electrochemical CO 2 reduction with the best candidates identified for producing CH 4 by computational screening.,题名/摘要明确显示 DFT、第一性原理、理论洞察或计算筛选为主，按纯理论计算归类。
T0007,Theoretical,Co,graphene,catalysis,A Co–N 4 moiety embedded into graphene as an efficient single-atom-catalyst for NO electrochemical reduction: a computational study,Journal of Materials Chemistry A,2018,Royal Society of Chemistry,10.1039/c8ta00875b,https://doi.org/10.1039/c8ta00875b,,no_open_pdf_in_metadata,,本文关注 Co 单原子位点在 graphene 等载体上的催化行为，主要应用于catalysis。 文章以理论计算、稳定性分析或反应路径筛选为主，可用于建立结构-活性关系和筛选候选催化剂。 摘要要点：Co–N 4 -embedded graphene exhibits superior catalytic performance for NO electrochemical reduction with a lower onset potential than that of Pt-based catalyst.,题名明确包含 computational、DFT、screening、theoretical 或 first-principles 等词，按纯理论计算归类。
T0008,Theoretical,V; W,graphene,hydrogen evolution reaction,A General Two‐Step Strategy–Based High‐Throughput Screening of Single Atom Catalysts for Nitrogen Fixation,Small Methods,2018,Wiley,10.1002/smtd.201800376,https://doi.org/10.1002/smtd.201800376,,no_open_pdf_in_metadata,,"本文关注 V, W 单原子位点在 graphene 等载体上的催化行为，主要应用于hydrogen evolution reaction。 文章以理论计算、稳定性分析或反应路径筛选为主，可用于建立结构-活性关系和筛选候选催化剂。 摘要要点：Abstract Electrocatalytic or photocatalytic N 2 reduction holds great promise for green and sustainable NH 3 production under ambient conditions, where an efficient catalyst plays a crucial role but remains a long‐standing challenge. Here, a high‐throughput sc",题名明确包含 computational、DFT、screening、theoretical 或 first-principles 等词，按纯理论计算归类。
T0009,Theoretical,Ti; V; Mn; Fe; Co; Ni; Ru,graphene,CO2 reduction/conversion,C 2 N-graphene supported single-atom catalysts for CO 2 electrochemical reduction reaction: mechanistic insight and catalyst screening,Nanoscale,2018,Royal Society of Chemistry,10.1039/c8nr04961k,https://doi.org/10.1039/c8nr04961k,,no_open_pdf_in_metadata,,"本文关注 Ti, V, Mn, Fe, Co, Ni, Ru 单原子位点在 graphene 等载体上的催化行为，主要应用于CO2 reduction/conversion。 文章以理论计算、稳定性分析或反应路径筛选为主，可用于建立结构-活性关系和筛选候选催化剂。 摘要要点：Single-atom catalysts (SACs) have emerged as an excellent platform for enhancing catalytic performance. Inspired by the recent experimental synthesis of nitrogenated holey 2D graphene (C2N-h2D) (Mahmood et al., Nat. Commun., 2015, 6, 6486-6493), we report dens",题名明确包含 computational、DFT、screening、theoretical 或 first-principles 等词，按纯理论计算归类。
T0010,Theoretical,Fe,graphene,catalysis,Cooperative Spin Transition of Monodispersed FeN 3 Sites within Graphene Induced by CO Adsorption,Journal of the American Chemical Society,2018,American Chemical Society,10.1021/jacs.8b07816,https://doi.org/10.1021/jacs.8b07816,,no_open_pdf_in_metadata,,"本文关注 Fe 单原子位点在 graphene 等载体上的催化行为，主要应用于catalysis。 文章以理论计算、稳定性分析或反应路径筛选为主，可用于建立结构-活性关系和筛选候选催化剂。 摘要要点：The significance of identifying the fundamental mechanism of interactions between adjacent catalytic active centers has long been underestimated. Utilizing density functional theory calculations, we demonstrate controllable cooperative interaction between two",题名/摘要明确显示 DFT、第一性原理、理论洞察或计算筛选为主，按纯理论计算归类。
T0011,Theoretical,Pt,N-doped graphene,CO oxidation,Evaluating the Stability of Single-Atom Catalysts with High Chemical Activity,The Journal of Physical Chemistry C,2018,American Chemical Society,10.1021/acs.jpcc.8b06621,https://doi.org/10.1021/acs.jpcc.8b06621,https://escholarship.org/content/qt7r82w16k/qt7r82w16k.pdf,downloaded_open_access_pdf,Theoretical/Pt/pdfs/T0011_Evaluating_the_Stability_of_Single-Atom_Catalysts_with_High_Chemical_Activity.pdf,本文关注 Pt 单原子位点在 N-doped graphene 等载体上的催化行为，主要应用于CO oxidation。 文章以理论计算、稳定性分析或反应路径筛选为主，可用于建立结构-活性关系和筛选候选催化剂。 摘要要点：Single-atom catalysts represent the most efficient use of precious metals while at the same time offering the potential for high catalytic activity. Yet it has proven challenging to identify supports enabling high catalytic activity while at the same time inhi,题名/摘要明确显示 DFT、第一性原理、理论洞察或计算筛选为主，按纯理论计算归类。
T0012,Theoretical,Ti; V; Ru,graphene,hydrogen evolution reaction,Suppression of Hydrogen Evolution Reaction in Electrochemical N 2 Reduction Using Single-Atom Catalysts: A Computational Guideline,ACS Catalysis,2018,American Chemical Society,10.1021/acscatal.8b00905,https://doi.org/10.1021/acscatal.8b00905,,no_open_pdf_in_metadata,,"本文关注 Ti, V, Ru 单原子位点在 graphene 等载体上的催化行为，主要应用于hydrogen evolution reaction。 文章以理论计算、稳定性分析或反应路径筛选为主，可用于建立结构-活性关系和筛选候选催化剂。 摘要要点：We studied electrochemical nitrogen reduction reactions (NRR) to ammonia on single atom catalysts (SACs) anchored on defective graphene derivatives by density functional calculations. We find significantly improved NRR selectivity on SACs compared to that on t",题名明确包含 computational、DFT、screening、theoretical 或 first-principles 等词，按纯理论计算归类。
T0013,Theoretical,Co,graphene,oxygen reduction reaction,A single-atom catalyst of cobalt supported on a defective two-dimensional boron nitride material as a promising electrocatalyst for the oxygen reduction reaction: a DFT study,Physical Chemistry Chemical Physics,2019,Royal Society of Chemistry,10.1039/c9cp00452a,https://doi.org/10.1039/c9cp00452a,,no_open_pdf_in_metadata,,"本文关注 Co 单原子位点在 graphene 等载体上的催化行为，主要应用于oxygen reduction reaction。 文章以理论计算、稳定性分析或反应路径筛选为主，可用于建立结构-活性关系和筛选候选催化剂。 摘要要点：Single-atom catalysts present extraordinary catalytic performance towards various reactions. In this work, the possibility of single Co atoms supported by the experimentally available defective two-dimensional boron nitride material (2D-BN) with boron vacancie",题名明确包含 computational、DFT、screening、theoretical 或 first-principles 等词，按纯理论计算归类。
T0014,Theoretical,Pt,carbon/other support,hydrogen evolution reaction,Atomically Dispersed Pt 1 –Polyoxometalate Catalysts: How Does Metal–Support Interaction Affect Stability and Hydrogenation Activity?,Journal of the American Chemical Society,2019,American Chemical Society,10.1021/jacs.9b00486,https://doi.org/10.1021/jacs.9b00486,,no_open_pdf_in_metadata,,"本文关注 Pt 单原子位点在 carbon/other support 等载体上的催化行为，主要应用于hydrogen evolution reaction。 文章以理论计算、稳定性分析或反应路径筛选为主，可用于建立结构-活性关系和筛选候选催化剂。 摘要要点：Unlike nanostructured metal catalysts, supported single-atom catalysts (SACs) contain only atomically dispersed metal atoms, hinting at much more pronounced metal–support effects. Herein, we take a series of polyoxometalate-supported Pt catalysts as examples t",题名/摘要明确显示 DFT、第一性原理、理论洞察或计算筛选为主，按纯理论计算归类。
T0015,Theoretical,V; Fe; Co; Ni; Pt,N-doped graphene,oxygen reduction reaction,"Evaluating the Catalytic Efficiency of Paired, Single-Atom Catalysts for the Oxygen Reduction Reaction",ACS Catalysis,2019,American Chemical Society,10.1021/acscatal.9b02178,https://doi.org/10.1021/acscatal.9b02178,,no_open_pdf_in_metadata,,"本文关注 V, Fe, Co, Ni, Pt 单原子位点在 N-doped graphene 等载体上的催化行为，主要应用于oxygen reduction reaction。 文章以理论计算、稳定性分析或反应路径筛选为主，可用于建立结构-活性关系和筛选候选催化剂。 摘要要点：Paired, single-atom catalysts have been shown to demonstrate synergistic effects computationally and experimentally which enable them to outperform the benchmark catalyst, Pt/C, for electrochemical reactions. We explore the limit of these catalysts by screenin",题名/摘要明确显示 DFT、第一性原理、理论洞察或计算筛选为主，按纯理论计算归类。
T0016,Theoretical,V; Fe,carbon/other support,oxygen reduction reaction,Highly selective oxygen reduction to hydrogen peroxide on transition metal single atom coordination,Nature Communications,2019,Nature Portfolio,10.1038/s41467-019-11992-2,https://doi.org/10.1038/s41467-019-11992-2,https://www.nature.com/articles/s41467-019-11992-2.pdf,open_url_not_pdf,,"本文关注 V, Fe 单原子位点在 carbon/other support 等载体上的催化行为，主要应用于oxygen reduction reaction。 文章以理论计算、稳定性分析或反应路径筛选为主，可用于建立结构-活性关系和筛选候选催化剂。 摘要要点：Abstract Shifting electrochemical oxygen reduction towards 2e – pathway to hydrogen peroxide (H 2 O 2 ), instead of the traditional 4e – to water, becomes increasingly important as a green method for H 2 O 2 generation. Here, through a flexible control of oxyg",题名/摘要明确显示 DFT、第一性原理、理论洞察或计算筛选为主，按纯理论计算归类。
T0017,Theoretical,Fe; Cu,graphene,hydrogen evolution reaction,Mixed‐Valence Single‐Atom Catalyst Derived from Functionalized Graphene,Advanced Materials,2019,,10.1002/adma.201900323,https://doi.org/10.1002/adma.201900323,,no_open_pdf_in_metadata,,"本文关注 Fe, Cu 单原子位点在 graphene 等载体上的催化行为，主要应用于hydrogen evolution reaction。 文章以理论计算、稳定性分析或反应路径筛选为主，可用于建立结构-活性关系和筛选候选催化剂。 摘要要点：Abstract Single‐atom catalysts (SACs) aim at bridging the gap between homogeneous and heterogeneous catalysis. The challenge is the development of materials with ligands enabling coordination of metal atoms in different valence states, and preventing leaching",题名/摘要显示以 DFT、第一性原理或计算筛选为主，未识别到实验合成/表征关键词。
T0018,Theoretical,Pd; Pt,carbon nitride,CO2 reduction/conversion,Pd/Pt embedded CN monolayers as efficient catalysts for CO oxidation,Physical Chemistry Chemical Physics,2019,Royal Society of Chemistry,10.1039/c9cp04636d,https://doi.org/10.1039/c9cp04636d,https://arxiv.org/pdf/1909.11922,downloaded_open_access_pdf,Theoretical/Pd/pdfs/T0018_Pd_Pt_embedded_CN_monolayers_as_efficient_catalysts_for_CO_oxidation.pdf,"本文关注 Pd, Pt 单原子位点在 carbon nitride 等载体上的催化行为，主要应用于CO2 reduction/conversion。 文章以理论计算、稳定性分析或反应路径筛选为主，可用于建立结构-活性关系和筛选候选催化剂。 摘要要点：Single atom catalysts (SACs) based on 2D materials have been identified to be efficient in many catalytic reactions. In this work, the catalytic performance of Pd/Pt embedded planar carbon nitride (CN) for CO oxidation has been investigated via spin-polarized",题名/摘要明确显示 DFT、第一性原理、理论洞察或计算筛选为主，按纯理论计算归类。
T0019,Theoretical,Pt,graphene,oxygen reduction reaction,Platinum single-atom adsorption on graphene: a density functional theory study,Nanoscale Advances,2019,Royal Society of Chemistry,10.1039/c8na00236c,https://doi.org/10.1039/c8na00236c,https://pubs.rsc.org/en/content/articlepdf/2019/na/c8na00236c,downloaded_open_access_pdf,Theoretical/Pt/pdfs/T0019_Platinum_single-atom_adsorption_on_graphene_a_density_functional_theory_study.pdf,"本文关注 Pt 单原子位点在 graphene 等载体上的催化行为，主要应用于oxygen reduction reaction。 文章以理论计算、稳定性分析或反应路径筛选为主，可用于建立结构-活性关系和筛选候选催化剂。 摘要要点：methanol oxidation in direct methanol fuel cells. However, the precise atomic structure, the key to understand the origin of the improved catalytic activity, is yet to be clarified. Here, we present a computational study to investigate the structure of platinu",题名/摘要明确显示 DFT、第一性原理、理论洞察或计算筛选为主，按纯理论计算归类。
T0020,Theoretical,Mn,carbon nitride,catalysis,Single-Atom Mn–N 4 Site-Catalyzed Peroxone Reaction for the Efficient Production of Hydroxyl Radicals in an Acidic Solution,Journal of the American Chemical Society,2019,American Chemical Society,10.1021/jacs.9b04569,https://doi.org/10.1021/jacs.9b04569,,no_open_pdf_in_metadata,,"本文关注 Mn 单原子位点在 carbon nitride 等载体上的催化行为，主要应用于catalysis。 文章以理论计算、稳定性分析或反应路径筛选为主，可用于建立结构-活性关系和筛选候选催化剂。 摘要要点：The peroxone reaction between O3 and H2O2 has been deemed a promising technology to resolve the increasingly serious water pollution problem by virtue of the generation of superactive hydroxyl radicals (•OH), but it suffers greatly from an extremely limited re",题名/摘要显示以 DFT、第一性原理或计算筛选为主，未识别到实验合成/表征关键词。
T0021,Theoretical,Sn,graphene,oxygen reduction reaction,The mechanism and activity of oxygen reduction reaction on single atom doped graphene: a DFT method,RSC Advances,2019,Royal Society of Chemistry,10.1039/c9ra00167k,https://doi.org/10.1039/c9ra00167k,https://pubs.rsc.org/en/content/articlepdf/2019/ra/c9ra00167k,downloaded_open_access_pdf,Theoretical/Sn/pdfs/T0021_The_mechanism_and_activity_of_oxygen_reduction_reaction_on_single_atom_doped_graphene_a_DF.pdf,"本文关注 Sn 单原子位点在 graphene 等载体上的催化行为，主要应用于oxygen reduction reaction。 文章以理论计算、稳定性分析或反应路径筛选为主，可用于建立结构-活性关系和筛选候选催化剂。 摘要要点：O, the reaction energy barriers are lower than 0.8 eV for Te-SV, Sb-DV, Pb-SV, Pb-DV, As-SV, As-DV, B-SV, Sn-SV and N-SV. Our result provides a theoretical basis for further exploration of carbon-based single-atom catalysts for ORR.",题名明确包含 computational、DFT、screening、theoretical 或 first-principles 等词，按纯理论计算归类。
T0022,Theoretical,V,graphene,hydrogen evolution reaction,Theoretical Calculation Guided Design of Single-Atom Catalysts toward Fast Kinetic and Long-Life Li–S Batteries,Nano Letters,2019,American Chemical Society,10.1021/acs.nanolett.9b04719,https://doi.org/10.1021/acs.nanolett.9b04719,,no_open_pdf_in_metadata,,"本文关注 V 单原子位点在 graphene 等载体上的催化行为，主要应用于hydrogen evolution reaction。 文章以理论计算、稳定性分析或反应路径筛选为主，可用于建立结构-活性关系和筛选候选催化剂。 摘要要点：Lithium–sulfur (Li–S) batteries are promising next-generation energy storage technologies due to their high theoretical energy density, environmental friendliness, and low cost. However, low conductivity of sulfur species, dissolution of polysulfides, poor con",题名明确包含 computational、DFT、screening、theoretical 或 first-principles 等词，按纯理论计算归类。
T0023,Theoretical,V; Fe; Co; Ni; Cu; Pd,N-doped graphene,oxygen evolution reaction,Transition-metal single atoms in nitrogen-doped graphenes as efficient active centers for water splitting: a theoretical study,Physical Chemistry Chemical Physics,2019,Royal Society of Chemistry,10.1039/c8cp06755d,https://doi.org/10.1039/c8cp06755d,https://www.osti.gov/servlets/purl/1543800,downloaded_open_access_pdf,Theoretical/V/pdfs/T0023_Transition-metal_single_atoms_in_nitrogen-doped_graphenes_as_efficient_active_centers_for_.pdf,"本文关注 V, Fe, Co, Ni, Cu, Pd 单原子位点在 N-doped graphene 等载体上的催化行为，主要应用于oxygen evolution reaction。 文章以理论计算、稳定性分析或反应路径筛选为主，可用于建立结构-活性关系和筛选候选催化剂。 摘要要点：Highly active single-atom catalysts (SACs) have recently been intensively studied for their potential in the hydrogen evolution reaction (HER) and the oxygen evolution reaction (OER). Due to the existence of many such SAC systems, a general understanding of th",题名明确包含 computational、DFT、screening、theoretical 或 first-principles 等词，按纯理论计算归类。
T0024,Theoretical,Mixed_or_unclear,graphene,hydrogen evolution reaction,Accurate prediction of binding energies for two‐dimensional catalytic materials using machine learning,ChemCatChem,2020,Wiley,10.1002/cctc.202000536,https://doi.org/10.1002/cctc.202000536,,no_open_pdf_in_metadata,,"本文关注 Mixed_or_unclear 单原子位点在 graphene 等载体上的催化行为，主要应用于hydrogen evolution reaction。 文章以理论计算、稳定性分析或反应路径筛选为主，可用于建立结构-活性关系和筛选候选催化剂。 摘要要点：Abstract The binding energy of small molecules on two‐dimensional (2D) single atom catalysts influences their reaction efficiency and suitability for different applications. In this study, the binding energy on single metal atoms to N‐doped graphene defects wa",题名/摘要明确显示 DFT、第一性原理、理论洞察或计算筛选为主，按纯理论计算归类。
T0025,Theoretical,V; Ga,carbon/other support,oxygen reduction reaction,Atomically dispersed Lewis acid sites boost 2-electron oxygen reduction activity of carbon-based catalysts,Nature Communications,2020,Nature Portfolio,10.1038/s41467-020-19309-4,https://doi.org/10.1038/s41467-020-19309-4,https://www.nature.com/articles/s41467-020-19309-4.pdf,open_url_not_pdf,,"本文关注 V, Ga 单原子位点在 carbon/other support 等载体上的催化行为，主要应用于oxygen reduction reaction。 文章以理论计算、稳定性分析或反应路径筛选为主，可用于建立结构-活性关系和筛选候选催化剂。 摘要要点：Abstract Elucidating the structure-property relationship is crucial for the design of advanced electrocatalysts towards the production of hydrogen peroxide (H 2 O 2 ). In this work, we theoretically and experimentally discovered that atomically dispersed Lewis",题名/摘要明确显示 DFT、第一性原理、理论洞察或计算筛选为主，按纯理论计算归类。
T0026,Theoretical,Sc; V; Mo; W; Re; Au,carbon nitride,hydrogen evolution reaction,Computational Screening Single-Atom Catalysts Supported on g-CN for N 2 Reduction: High Activity and Selectivity,ACS Sustainable Chemistry & Engineering,2020,American Chemical Society,10.1021/acssuschemeng.0c04401,https://doi.org/10.1021/acssuschemeng.0c04401,,no_open_pdf_in_metadata,,"本文关注 Sc, V, Mo, W, Re, Au 单原子位点在 carbon nitride 等载体上的催化行为，主要应用于hydrogen evolution reaction。 文章以理论计算、稳定性分析或反应路径筛选为主，可用于建立结构-活性关系和筛选候选催化剂。 摘要要点：It remains a great challenge to design efficient electrocatalysts for nitrogen reduction reaction (NRR) with high activity and high selectivity. Herein, density functional theory calculations were performed to examine the feasibility of a single transition met",题名明确包含 computational、DFT、screening、theoretical 或 first-principles 等词，按纯理论计算归类。
T0027,Theoretical,Mixed_or_unclear,N-doped graphene,oxygen reduction reaction,Computational screening of efficient graphene-supported transition metal single atom catalysts toward the oxygen reduction reaction,Journal of Materials Chemistry A,2020,Royal Society of Chemistry,10.1039/d0ta06892f,https://doi.org/10.1039/d0ta06892f,,no_open_pdf_in_metadata,,本文关注 Mixed_or_unclear 单原子位点在 N-doped graphene 等载体上的催化行为，主要应用于oxygen reduction reaction。 文章以理论计算、稳定性分析或反应路径筛选为主，可用于建立结构-活性关系和筛选候选催化剂。 摘要要点：Transition metal single atoms anchored on nitrogen-doped graphene toward the oxygen reduction reaction have been screened.,题名明确包含 computational、DFT、screening、theoretical 或 first-principles 等词，按纯理论计算归类。
T0028,Theoretical,Fe,N-doped graphene,CO2 reduction/conversion,Dipole-Field Interactions Determine the CO 2 Reduction Activity of 2D Fe–N–C Single-Atom Catalysts,ACS Catalysis,2020,American Chemical Society,10.1021/acscatal.0c01375,https://doi.org/10.1021/acscatal.0c01375,,no_open_pdf_in_metadata,,"本文关注 Fe 单原子位点在 N-doped graphene 等载体上的催化行为，主要应用于CO2 reduction/conversion。 文章以理论计算、稳定性分析或反应路径筛选为主，可用于建立结构-活性关系和筛选候选催化剂。 摘要要点：Iron–nitrogen-doped graphene (FeNC) has emerged as an exciting earth-abundant catalyst for electrochemical CO2 reduction (CO2R). However, standard theoretical approaches based on density functional theory (DFT) suggest complete poisoning of the active sites an",题名/摘要明确显示 DFT、第一性原理、理论洞察或计算筛选为主，按纯理论计算归类。
T0029,Theoretical,Cu,graphene,CO2 reduction/conversion,Highly Selective Two‐Electron Electrocatalytic CO 2 Reduction on Single‐Atom Cu Catalysts,Small Structures,2020,Wiley,10.1002/sstr.202000058,https://doi.org/10.1002/sstr.202000058,https://onlinelibrary.wiley.com/doi/pdfdirect/10.1002/sstr.202000058,download_failed: HTTPError,,"本文关注 Cu 单原子位点在 graphene 等载体上的催化行为，主要应用于CO2 reduction/conversion。 文章以理论计算、稳定性分析或反应路径筛选为主，可用于建立结构-活性关系和筛选候选催化剂。 摘要要点：Cu‐based electrocatalysts with high catalytic selectivity for the CO 2 reduction reaction present a significant technological challenge. Herein, a catalyst comprised of Cu single atoms in a nitrogen‐doped graphene matrix (Cu–N 4 –NG) is developed for highly se",题名/摘要明确显示 DFT、第一性原理、理论洞察或计算筛选为主，按纯理论计算归类。
T0030,Theoretical,Cr; Mn; Fe; Ru; Pt,graphene,oxygen reduction reaction,How Noninnocent Spectator Species Improve the Oxygen Reduction Activity of Single-Atom Catalysts: Microkinetic Models from First-Principles Calculations,ACS Catalysis,2020,American Chemical Society,10.1021/acscatal.0c01642,https://doi.org/10.1021/acscatal.0c01642,,no_open_pdf_in_metadata,,"本文关注 Cr, Mn, Fe, Ru, Pt 单原子位点在 graphene 等载体上的催化行为，主要应用于oxygen reduction reaction。 文章以理论计算、稳定性分析或反应路径筛选为主，可用于建立结构-活性关系和筛选候选催化剂。 摘要要点：Graphene-based single-atom catalysts are promising alternatives to platinum-based catalysts for fuel cell applications. Different transition metals have been screened using electronic structure methods by estimating onset potentials from the most endergonic el",题名明确包含 computational、DFT、screening、theoretical 或 first-principles 等词，按纯理论计算归类。
T0031,Theoretical,Pt,graphene,hydrogen evolution reaction,Hydrogen Evolution Reaction over Single-Atom Catalysts Based on Metal Adatoms at Defected Graphene and h-BN,The Journal of Physical Chemistry C,2020,American Chemical Society,10.1021/acs.jpcc.0c01151,https://doi.org/10.1021/acs.jpcc.0c01151,,no_open_pdf_in_metadata,,"本文关注 Pt 单原子位点在 graphene 等载体上的催化行为，主要应用于hydrogen evolution reaction。 文章以理论计算、稳定性分析或反应路径筛选为主，可用于建立结构-活性关系和筛选候选催化剂。 摘要要点：In small transition and noble metal particles, commonly used as active parts of heterogeneous industrial catalysts, only a tiny fraction of metal atoms at their surfaces are utilized in relevant chemical reactions. In an effort to use precious metal atoms much",题名/摘要明确显示 DFT、第一性原理、理论洞察或计算筛选为主，按纯理论计算归类。
T0032,Theoretical,Mn,graphene,oxygen reduction reaction,Mechanistic Insight into the Oxygen Reduction Reaction on the Mn–N 4 /C Single-Atom Catalyst: The Role of the Solvent Environment,The Journal of Physical Chemistry C,2020,American Chemical Society,10.1021/acs.jpcc.0c00352,https://doi.org/10.1021/acs.jpcc.0c00352,,no_open_pdf_in_metadata,,"本文关注 Mn 单原子位点在 graphene 等载体上的催化行为，主要应用于oxygen reduction reaction。 文章以理论计算、稳定性分析或反应路径筛选为主，可用于建立结构-活性关系和筛选候选催化剂。 摘要要点：The design of platinum group metal (PGM)-free catalysts is crucial to the application of energy conversion due to their excellent catalytic capability. Recently, M–Nx (M = Mn, Fe, Co, etc.) single-atom catalysts embedded in graphene have been extensively studi",题名/摘要明确显示 DFT、第一性原理、理论洞察或计算筛选为主，按纯理论计算归类。
T0033,Theoretical,V; Fe; Cu; Rh; Ir,graphene,oxygen reduction reaction,"Rational prediction of multifunctional bilayer single atom catalysts for the hydrogen evolution, oxygen evolution and oxygen reduction reactions",Nanoscale,2020,Royal Society of Chemistry,10.1039/d0nr05202g,https://doi.org/10.1039/d0nr05202g,,no_open_pdf_in_metadata,,"本文关注 V, Fe, Cu, Rh, Ir 单原子位点在 graphene 等载体上的催化行为，主要应用于oxygen reduction reaction。 文章以理论计算、稳定性分析或反应路径筛选为主，可用于建立结构-活性关系和筛选候选催化剂。 摘要要点：Bimetallic atom catalysts (BACs), which can exhibit remarkable catalytic performance compared with single atom catalysts (SACs) due to their higher metal loading and the synergy between two metal atoms, have attracted great attention in research. Herein, by me",题名/摘要明确显示 DFT、第一性原理、理论洞察或计算筛选为主，按纯理论计算归类。
T0034,Theoretical,Ni,graphene,CO2 reduction/conversion,Reaction mechanism and kinetics for CO2 reduction on nickel single atom catalysts from quantum mechanics,Nature Communications,2020,Nature Portfolio,10.1038/s41467-020-16119-6,https://doi.org/10.1038/s41467-020-16119-6,https://www.nature.com/articles/s41467-020-16119-6.pdf,open_url_not_pdf,,"本文关注 Ni 单原子位点在 graphene 等载体上的催化行为，主要应用于CO2 reduction/conversion。 文章以理论计算、稳定性分析或反应路径筛选为主，可用于建立结构-活性关系和筛选候选催化剂。 摘要要点：Abstract Experiments have shown that graphene-supported Ni-single atom catalysts (Ni-SACs) provide a promising strategy for the electrochemical reduction of CO 2 to CO, but the nature of the Ni sites (Ni-N 2 C 2 , Ni-N 3 C 1 , Ni-N 4 ) in Ni-SACs has not been",计算关键词占主导，按纯理论计算归类。
T0035,Theoretical,Ni; Cu; Ru; Rh; Pd; Ag; Ir; Pt; Au,graphene,hydrogen evolution reaction,Reactivity Screening of Single Atoms on Modified Graphene Surface: From Formation and Scaling Relations to Catalytic Activity,Advanced Materials Interfaces,2020,Wiley,10.1002/admi.202001814,https://doi.org/10.1002/admi.202001814,https://arxiv.org/pdf/2101.02922,downloaded_open_access_pdf,Theoretical/Ni/pdfs/T0035_Reactivity_Screening_of_Single_Atoms_on_Modified_Graphene_Surface_From_Formation_and_Scali.pdf,"本文关注 Ni, Cu, Ru, Rh, Pd, Ag, Ir, Pt, Au 单原子位点在 graphene 等载体上的催化行为，主要应用于hydrogen evolution reaction。 文章以理论计算、稳定性分析或反应路径筛选为主，可用于建立结构-活性关系和筛选候选催化剂。 摘要要点：Abstract Single atom catalysts (SACs) present the ultimate level of catalyst utilization, which puts them in the focus of current research. Using density functional theory calculations, model SACs consisting of nine metals (Ni, Cu, Ru, Rh, Pd, Ag, Ir, Pt, and",题名明确包含 computational、DFT、screening、theoretical 或 first-principles 等词，按纯理论计算归类。
T0036,Theoretical,V,carbon nitride,hydrogen evolution reaction,Single Vanadium Atoms Anchored on Graphitic Carbon Nitride as a High-Performance Catalyst for Non-oxidative Propane Dehydrogenation,ACS Nano,2020,American Chemical Society,10.1021/acsnano.0c00659,https://doi.org/10.1021/acsnano.0c00659,,no_open_pdf_in_metadata,,"本文关注 V 单原子位点在 carbon nitride 等载体上的催化行为，主要应用于hydrogen evolution reaction。 文章以理论计算、稳定性分析或反应路径筛选为主，可用于建立结构-活性关系和筛选候选催化剂。 摘要要点：In comparison with oil-based cracking technologies, the on-purpose dehydrogenation of propane (PDH) is a more eco-friendly and profitable approach to produce propylene. By means of density functional theory calculations, the present work reveals that the singl",题名/摘要明确显示 DFT、第一性原理、理论洞察或计算筛选为主，按纯理论计算归类。
T0037,Theoretical,Fe,graphene,oxygen reduction reaction,Single-Iron Supported on Defective Graphene as Efficient Catalysts for Oxygen Reduction Reaction,The Journal of Physical Chemistry C,2020,American Chemical Society,10.1021/acs.jpcc.0c03930,https://doi.org/10.1021/acs.jpcc.0c03930,,no_open_pdf_in_metadata,,"本文关注 Fe 单原子位点在 graphene 等载体上的催化行为，主要应用于oxygen reduction reaction。 文章以理论计算、稳定性分析或反应路径筛选为主，可用于建立结构-活性关系和筛选候选催化剂。 摘要要点：Essentially, the performance of single-atom catalysts (SACs) has been strongly affected by their supports. Herein, the structural, electronic, and catalytic properties of single-iron catalysts over defective graphene have been investigated under the scheme of",题名/摘要明确显示 DFT、第一性原理、理论洞察或计算筛选为主，按纯理论计算归类。
T0038,Theoretical,Pd,graphene,hydrogen evolution reaction,Superior Catalytic Performance of Atomically Dispersed Palladium on Graphene in CO Oxidation,ACS Catalysis,2020,American Chemical Society,10.1021/acscatal.9b04840,https://doi.org/10.1021/acscatal.9b04840,,no_open_pdf_in_metadata,,"本文关注 Pd 单原子位点在 graphene 等载体上的催化行为，主要应用于hydrogen evolution reaction。 文章以理论计算、稳定性分析或反应路径筛选为主，可用于建立结构-活性关系和筛选候选催化剂。 摘要要点：Although substantial advances have been made in a few reactions of industrial significance over single-atom catalysts (SACs), the origin of the superior catalytic performance, the nature of the active sites, and the reaction pathways are still the subject of d",题名/摘要明确显示 DFT、第一性原理、理论洞察或计算筛选为主，按纯理论计算归类。
T0039,Theoretical,Cr; Co; Rh,graphene,CO2 reduction/conversion,Theoretical investigation on graphene-supported single-atom catalysts for electrochemical CO 2 reduction,Catalysis Science & Technology,2020,Royal Society of Chemistry,10.1039/d0cy01870h,https://doi.org/10.1039/d0cy01870h,,no_open_pdf_in_metadata,,"本文关注 Cr, Co, Rh 单原子位点在 graphene 等载体上的催化行为，主要应用于CO2 reduction/conversion。 文章以理论计算、稳定性分析或反应路径筛选为主，可用于建立结构-活性关系和筛选候选催化剂。 摘要要点：TM atoms supported on the graphene sheet (TM@Gr s ) as promising CO 2 catalysts were investigated by first-principles calculations. Cr-, Co- and Rh@Gr s show remarkable performance with the low limiting potentials for CO 2 RR.",题名明确包含 computational、DFT、screening、theoretical 或 first-principles 等词，按纯理论计算归类。
T0040,Theoretical,Ni,graphene,CO2 reduction/conversion,Unveiling the Active Structure of Single Nickel Atom Catalysis: Critical Roles of Charge Capacity and Hydrogen Bonding,Journal of the American Chemical Society,2020,American Chemical Society,10.1021/jacs.9b13872,https://doi.org/10.1021/jacs.9b13872,,no_open_pdf_in_metadata,,"本文关注 Ni 单原子位点在 graphene 等载体上的催化行为，主要应用于CO2 reduction/conversion。 文章以理论计算、稳定性分析或反应路径筛选为主，可用于建立结构-活性关系和筛选候选催化剂。 摘要要点：A single nickel atom embedded in graphene is one of the most representative single-atom catalysts, and it has a high activity and selectivity for electrochemical CO2 reduction (CO2R) to CO. However, the catalytic origin, especially the coordination structure o",题名/摘要明确显示 DFT、第一性原理、理论洞察或计算筛选为主，按纯理论计算归类。
T0041,Theoretical,V; Mn; Co; Ni; Cu; Zn,N-doped graphene,CO2 reduction/conversion,Activity–Selectivity Enhancement and Catalytic Trend of CO 2 Electroreduction on Metallic Dimers Supported by N-Doped Graphene: A Computational Study,The Journal of Physical Chemistry C,2021,American Chemical Society,10.1021/acs.jpcc.1c02908,https://doi.org/10.1021/acs.jpcc.1c02908,,no_open_pdf_in_metadata,,"本文关注 V, Mn, Co, Ni, Cu, Zn 单原子位点在 N-doped graphene 等载体上的催化行为，主要应用于CO2 reduction/conversion。 文章以理论计算、稳定性分析或反应路径筛选为主，可用于建立结构-活性关系和筛选候选催化剂。 摘要要点：Developing high-performance cathode catalysts by a natural extension of renowned single-atom catalysts (SACs) for electrochemical CO2 reduction (CRR) into useful chemical feedstocks has recently received great attention, but challenges remain due to the lack o",题名明确包含 computational、DFT、screening、theoretical 或 first-principles 等词，按纯理论计算归类。
T0042,Theoretical,Co,N-doped graphene,hydrogen evolution reaction,An Exfoliation–Evaporation Strategy To Regulate N Coordination Number of Co Single-Atom Catalysts for High-Performance Lithium–Sulfur Batteries,ACS Materials Letters,2021,American Chemical Society,10.1021/acsmaterialslett.1c00414,https://doi.org/10.1021/acsmaterialslett.1c00414,,no_open_pdf_in_metadata,,"本文关注 Co 单原子位点在 N-doped graphene 等载体上的催化行为，主要应用于hydrogen evolution reaction。 文章以理论计算、稳定性分析或反应路径筛选为主，可用于建立结构-活性关系和筛选候选催化剂。 摘要要点：Single-atom catalysts (SACs) with metal–nitrogen (M–N) moiety are effective in boosting the redox kinetics of lithium–sulfur (Li–S) batteries. However, the precise preparation of SACs with controllable M–N coordination number remains challenging and the relati",题名/摘要显示以 DFT、第一性原理或计算筛选为主，未识别到实验合成/表征关键词。
T0043,Theoretical,Pd,graphene,hydrogen evolution reaction,Computational Design of Pd Nanoclusters and Pd Single-Atom Catalysts Supported on O-Functionalized Graphene,ACS Applied Nano Materials,2021,American Chemical Society,10.1021/acsanm.1c02743,https://doi.org/10.1021/acsanm.1c02743,,no_open_pdf_in_metadata,,"本文关注 Pd 单原子位点在 graphene 等载体上的催化行为，主要应用于hydrogen evolution reaction。 文章以理论计算、稳定性分析或反应路径筛选为主，可用于建立结构-活性关系和筛选候选催化剂。 摘要要点：A crucial step in the preparation of supported metal catalysts is related to the choice of support, since it regulates the anchoring of the metal species in an environment of strong interactions. In this sense, the binding on the support, which may present def",题名明确包含 computational、DFT、screening、theoretical 或 first-principles 等词，按纯理论计算归类。
T0044,Theoretical,Mixed_or_unclear,carbon nitride,catalysis,DFT calculations for single-atom confinement effects of noble metals on monolayer g-C 3 N 4 for photocatalytic applications,RSC Advances,2021,Royal Society of Chemistry,10.1039/d0ra09815a,https://doi.org/10.1039/d0ra09815a,https://pubs.rsc.org/en/content/articlepdf/2021/ra/d0ra09815a,downloaded_open_access_pdf,Theoretical/Mixed_or_unclear/pdfs/T0044_DFT_calculations_for_single-atom_confinement_effects_of_noble_metals_on_monolayer_g-C_3_N_.pdf,"本文关注 Mixed_or_unclear 单原子位点在 carbon nitride 等载体上的催化行为，主要应用于catalysis。 文章以理论计算、稳定性分析或反应路径筛选为主，可用于建立结构-活性关系和筛选候选催化剂。 摘要要点：Graphitic carbon nitride, as a very promising two-dimensional structure host for single atom catalysts (SACs), has been studied extensively due to its significant confinement effects of single atoms for photocatalytic applications.",题名明确包含 computational、DFT、screening、theoretical 或 first-principles 等词，按纯理论计算归类。
T0045,Theoretical,Mn; Fe; Co; Ni; Cu; Zn,graphene,CO2 reduction/conversion,Electrochemical CO 2 Reduction Reaction on 3d Transition Metal Single-Atom Catalysts Supported on Graphdiyne: A DFT Study,The Journal of Physical Chemistry C,2021,American Chemical Society,10.1021/acs.jpcc.1c07681,https://doi.org/10.1021/acs.jpcc.1c07681,,no_open_pdf_in_metadata,,"本文关注 Mn, Fe, Co, Ni, Cu, Zn 单原子位点在 graphene 等载体上的催化行为，主要应用于CO2 reduction/conversion。 文章以理论计算、稳定性分析或反应路径筛选为主，可用于建立结构-活性关系和筛选候选催化剂。 摘要要点：In the electrochemical CO2 reduction reaction (CO2RR), single atom catalysts (SACs) supported on carbon materials have exhibited high activity and selectivity. However, the carbon supports are mainly graphene and carbon nanotubes, which are composed of sp2-hyb",题名明确包含 computational、DFT、screening、theoretical 或 first-principles 等词，按纯理论计算归类。
T0046,Theoretical,Co,N-doped carbon,catalysis,First-Principles Study on the Mechanism of Nitrobenzene Reduction to Aniline Catalyzed by a N-Doped Carbon-Supported Cobalt Single-Atom Catalyst,The Journal of Physical Chemistry C,2021,American Chemical Society,10.1021/acs.jpcc.1c01877,https://doi.org/10.1021/acs.jpcc.1c01877,,no_open_pdf_in_metadata,,本文关注 Co 单原子位点在 N-doped carbon 等载体上的催化行为，主要应用于catalysis。 文章以理论计算、稳定性分析或反应路径筛选为主，可用于建立结构-活性关系和筛选候选催化剂。 摘要要点：A density functional theory study was performed to investigate the nature of the reduction of nitrobenzene to aniline catalyzed by a N-doped carbon-supported cobalt single-atom catalyst (Co–N4/C). The calculated results indicate that the presence of water mole,题名明确包含 computational、DFT、screening、theoretical 或 first-principles 等词，按纯理论计算归类。
T0047,Theoretical,Fe; Co; Ni; Cu; Pd; Pt,graphene,oxygen reduction reaction,Graphene-Based Dual-Metal Sites for Oxygen Reduction Reaction: A Theoretical Study,The Journal of Physical Chemistry C,2021,American Chemical Society,10.1021/acs.jpcc.0c10617,https://doi.org/10.1021/acs.jpcc.0c10617,,no_open_pdf_in_metadata,,"本文关注 Fe, Co, Ni, Cu, Pd, Pt 单原子位点在 graphene 等载体上的催化行为，主要应用于oxygen reduction reaction。 文章以理论计算、稳定性分析或反应路径筛选为主，可用于建立结构-活性关系和筛选候选催化剂。 摘要要点：Single-atom catalysts have expanded the design paradigm for oxygen reduction reaction (ORR) relying on nonplatinum group metals (non-PGM). Here, density functional theory calculations were performed on a variety of dual-metal active centers, consisting of both",题名明确包含 computational、DFT、screening、theoretical 或 first-principles 等词，按纯理论计算归类。
T0048,Theoretical,V; Fe,carbon nitride,oxygen reduction reaction,High-Throughput Screening of Synergistic Transition Metal Dual-Atom Catalysts for Efficient Nitrogen Fixation,Nano Letters,2021,American Chemical Society,10.1021/acs.nanolett.0c05080,https://doi.org/10.1021/acs.nanolett.0c05080,,no_open_pdf_in_metadata,,"本文关注 V, Fe 单原子位点在 carbon nitride 等载体上的催化行为，主要应用于oxygen reduction reaction。 文章以理论计算、稳定性分析或反应路径筛选为主，可用于建立结构-活性关系和筛选候选催化剂。 摘要要点：Great enthusiasm in single-atom catalysts (SACs) for the nitrogen reduction reaction (NRR) has been aroused by the discovery of metal–Nx as a promising catalytic center. However, the poor activity and low selectivity of available SACs are far away from the ind",题名明确包含 computational、DFT、screening、theoretical 或 first-principles 等词，按纯理论计算归类。
T0049,Theoretical,Fe,carbon/other support,oxygen reduction reaction,Metal‐Triazolate‐Framework‐Derived FeN 4 Cl 1 Single‐Atom Catalysts with Hierarchical Porosity for the Oxygen Reduction Reaction,Angewandte Chemie International Edition,2021,Wiley,10.1002/anie.202113895,https://doi.org/10.1002/anie.202113895,,no_open_pdf_in_metadata,,"本文关注 Fe 单原子位点在 carbon/other support 等载体上的催化行为，主要应用于oxygen reduction reaction。 文章以理论计算、稳定性分析或反应路径筛选为主，可用于建立结构-活性关系和筛选候选催化剂。 摘要要点：Abstract The construction of single‐atom catalysts (SACs) with high single atom densities, favorable electronic structures and fast mass transfer is highly desired. We have utilized metal‐triazolate (MET) frameworks, a subclass of metal–organic frameworks (MOF",题名/摘要明确显示 DFT、第一性原理、理论洞察或计算筛选为主，按纯理论计算归类。
T0050,Theoretical,Fe,carbon/other support,oxygen reduction reaction,Metal‐Triazolate‐Framework‐Derived FeN 4 Cl 1 Single‐Atom Catalysts with Hierarchical Porosity for the Oxygen Reduction Reaction,Angewandte Chemie,2021,Wiley,10.1002/ange.202113895,https://doi.org/10.1002/ange.202113895,,no_open_pdf_in_metadata,,"本文关注 Fe 单原子位点在 carbon/other support 等载体上的催化行为，主要应用于oxygen reduction reaction。 文章以理论计算、稳定性分析或反应路径筛选为主，可用于建立结构-活性关系和筛选候选催化剂。 摘要要点：Abstract The construction of single‐atom catalysts (SACs) with high single atom densities, favorable electronic structures and fast mass transfer is highly desired. We have utilized metal‐triazolate (MET) frameworks, a subclass of metal–organic frameworks (MOF",题名/摘要明确显示 DFT、第一性原理、理论洞察或计算筛选为主，按纯理论计算归类。
T0051,Theoretical,Mixed_or_unclear,graphene,hydrogen evolution reaction,Single Atom Catalysts: Reactivity Screening of Single Atoms on Modified Graphene Surface: From Formation and Scaling Relations to Catalytic Activity (Adv. Mater. Interfaces 8/2021),Advanced Materials Interfaces,2021,Wiley,10.1002/admi.202170042,https://doi.org/10.1002/admi.202170042,,no_open_pdf_in_metadata,,"本文关注 Mixed_or_unclear 单原子位点在 graphene 等载体上的催化行为，主要应用于hydrogen evolution reaction。 文章以理论计算、稳定性分析或反应路径筛选为主，可用于建立结构-活性关系和筛选候选催化剂。 摘要要点：Graphene seems to be a perfect platform for single atom catalysts. However, a comprehensive picture requires considering not only single metal anchoring to different graphene surfaces but also their thermodynamic stability under different conditions, the tende",题名明确包含 computational、DFT、screening、theoretical 或 first-principles 等词，按纯理论计算归类。
T0052,Theoretical,Pt,N-doped graphene,hydrogen evolution reaction,Single Pt Atoms on N-Doped Graphene: Atomic Structure and Local Electronic States,The Journal of Physical Chemistry C,2021,American Chemical Society,10.1021/acs.jpcc.0c08811,https://doi.org/10.1021/acs.jpcc.0c08811,,no_open_pdf_in_metadata,,本文关注 Pt 单原子位点在 N-doped graphene 等载体上的催化行为，主要应用于hydrogen evolution reaction。 文章以理论计算、稳定性分析或反应路径筛选为主，可用于建立结构-活性关系和筛选候选催化剂。 摘要要点：Single-atom catalysts are attracting attention due to their superior catalytic activity and cost. Nitrogen (N) enhances the stability of single platinum (Pt) atoms on graphene because Pt atoms dispersed by plasma sputtering in an N2 atmosphere are less likely,题名/摘要明确显示 DFT、第一性原理、理论洞察或计算筛选为主，按纯理论计算归类。
T0053,Theoretical,Cr; Mn,N-doped graphene,catalysis,Single atom catalysts supported on N-doped graphene toward fast kinetics in Li–S batteries: a theoretical study,Journal of Materials Chemistry A,2021,Royal Society of Chemistry,10.1039/d1ta01948a,https://doi.org/10.1039/d1ta01948a,,no_open_pdf_in_metadata,,"本文关注 Cr, Mn 单原子位点在 N-doped graphene 等载体上的催化行为，主要应用于catalysis。 文章以理论计算、稳定性分析或反应路径筛选为主，可用于建立结构-活性关系和筛选候选催化剂。 摘要要点：We built a novel strategy to systematically screen 3d to 5d transition metal single atom catalysts supported on N-doped defective graphene, M@N3/G and M@N4/G, toward fast kinetics in Li−S batteries. Cr@N4/G and Mn@N4/G are preferentially recommended.",题名明确包含 computational、DFT、screening、theoretical 或 first-principles 等词，按纯理论计算归类。
T0054,Theoretical,V; Fe; Co; W; Sn,graphene,catalysis,Single-Atom Catalysts as Promising Cathode Materials for Lithium–Sulfur Batteries,The Journal of Physical Chemistry C,2021,American Chemical Society,10.1021/acs.jpcc.1c04491,https://doi.org/10.1021/acs.jpcc.1c04491,,no_open_pdf_in_metadata,,"本文关注 V, Fe, Co, W, Sn 单原子位点在 graphene 等载体上的催化行为，主要应用于catalysis。 文章以理论计算、稳定性分析或反应路径筛选为主，可用于建立结构-活性关系和筛选候选催化剂。 摘要要点：A major challenge toward the practical application of lithium–sulfur (Li–S) batteries is the lithium polysulphide (LiPS) shuttling, caused by the rapid LiPS migration in the electrolyte and slow reaction kinetics. Single-atom catalyst (SAC) materials hold the",题名/摘要明确显示 DFT、第一性原理、理论洞察或计算筛选为主，按纯理论计算归类。
T0055,Theoretical,Cr; Fe; Co; Sn,N-doped graphene,hydrogen evolution reaction,Single-Atom Catalysts for Improved Cathode Performance in Na–S Batteries: A Density Functional Theory (DFT) Study,The Journal of Physical Chemistry C,2021,American Chemical Society,10.1021/acs.jpcc.1c00467,https://doi.org/10.1021/acs.jpcc.1c00467,,no_open_pdf_in_metadata,,"本文关注 Cr, Fe, Co, Sn 单原子位点在 N-doped graphene 等载体上的催化行为，主要应用于hydrogen evolution reaction。 文章以理论计算、稳定性分析或反应路径筛选为主，可用于建立结构-活性关系和筛选候选催化剂。 摘要要点：The room-temperature sodium–sulfur (Na–S) batteries have attracted remarkable attention because of their promise to deliver high-capacity and low-cost earth-abundant sodium and sulfur. However, the practical development of Na–S batteries is hindered due to mul",题名明确包含 computational、DFT、screening、theoretical 或 first-principles 等词，按纯理论计算归类。
T0056,Theoretical,Cu; Ru; Pd,graphene,CO2 reduction/conversion,Stability and Catalytic Performance of Single-Atom Catalysts Supported on Doped and Defective Graphene for CO 2 Hydrogenation to Formic Acid: A First-Principles Study,ACS Applied Nano Materials,2021,American Chemical Society,10.1021/acsanm.1c00959,https://doi.org/10.1021/acsanm.1c00959,,no_open_pdf_in_metadata,,"本文关注 Cu, Ru, Pd 单原子位点在 graphene 等载体上的催化行为，主要应用于CO2 reduction/conversion。 文章以理论计算、稳定性分析或反应路径筛选为主，可用于建立结构-活性关系和筛选候选催化剂。 摘要要点：As an essential component of single-atom catalysts, support materials determine the dispersion, utilization, and stability of single metal atoms. Here, we reported the potential of defective and doped graphene as a single-atom catalyst (SAC) support for CO2 co",题名明确包含 computational、DFT、screening、theoretical 或 first-principles 等词，按纯理论计算归类。
T0057,Theoretical,Pt,graphene,hydrogen evolution reaction,Tailoring the catalytic performance of single platinum anchored on graphene by vacancy engineering for propane dehydrogenation: a theoretical study,Physical Chemistry Chemical Physics,2021,Royal Society of Chemistry,10.1039/d1cp02631c,https://doi.org/10.1039/d1cp02631c,,no_open_pdf_in_metadata,,"本文关注 Pt 单原子位点在 graphene 等载体上的催化行为，主要应用于hydrogen evolution reaction。 文章以理论计算、稳定性分析或反应路径筛选为主，可用于建立结构-活性关系和筛选候选催化剂。 摘要要点：Propane dehydrogenation (PDH) is an effective approach to produce propylene. Downsizing the Pt species to single atom catalysts (SACs) has become a hotspot, owing to the maximum utilization and excellent catalytic behavior. However, the agglomeration of SACs i",题名明确包含 computational、DFT、screening、theoretical 或 first-principles 等词，按纯理论计算归类。
T0058,Theoretical,Fe,graphene,CO2 reduction/conversion,The formation and evolution of carbonate species in CO oxidation over mono-dispersed Fe on graphene,Physical Chemistry Chemical Physics,2021,Royal Society of Chemistry,10.1039/d1cp00814e,https://doi.org/10.1039/d1cp00814e,https://pubs.rsc.org/en/content/articlepdf/2021/cp/d1cp00814e,downloaded_open_access_pdf,Theoretical/Fe/pdfs/T0058_The_formation_and_evolution_of_carbonate_species_in_CO_oxidation_over_mono-dispersed_Fe_on.pdf,本文关注 Fe 单原子位点在 graphene 等载体上的催化行为，主要应用于CO2 reduction/conversion。 文章以理论计算、稳定性分析或反应路径筛选为主，可用于建立结构-活性关系和筛选候选催化剂。 摘要要点：Fe is not only the most abundant metal on the planet but is also the key component of many enzymes in organisms that are capable of catalyzing many chemical conversions. Mono-dispersed Fe atoms on carbonaceous materials are single atom catalysts (SACs) that fu,题名/摘要明确显示 DFT、第一性原理、理论洞察或计算筛选为主，按纯理论计算归类。
T0059,Theoretical,Mixed_or_unclear,carbon/other support,oxygen reduction reaction,ZIF-67-based catalysts for oxygen evolution reaction,Nanoscale,2021,Royal Society of Chemistry,10.1039/d1nr01669e,https://doi.org/10.1039/d1nr01669e,https://pubs.rsc.org/en/content/articlepdf/2021/nr/d1nr01669e,downloaded_open_access_pdf,Theoretical/Mixed_or_unclear/pdfs/T0059_ZIF-67-based_catalysts_for_oxygen_evolution_reaction.pdf,"本文关注 Mixed_or_unclear 单原子位点在 carbon/other support 等载体上的催化行为，主要应用于oxygen reduction reaction。 文章以理论计算、稳定性分析或反应路径筛选为主，可用于建立结构-活性关系和筛选候选催化剂。 摘要要点：As a new type of crystalline porous material, the imidazole zeolite framework (ZIF) has attracted widespread attention due to its ultra-high surface area, large pore volume, and unique advantage of easy functionalization. Developing different methods to contro",题名/摘要显示以 DFT、第一性原理或计算筛选为主，未识别到实验合成/表征关键词。
T0060,Theoretical,Sc; Cr; Mn; Fe; Co; Zn,N-doped graphene,CO2 reduction/conversion,Computational Screening of Single and Di-Atom Catalysts for Electrochemical CO 2 Reduction,ACS Catalysis,2022,American Chemical Society,10.1021/acscatal.1c05750,https://doi.org/10.1021/acscatal.1c05750,https://pmc.ncbi.nlm.nih.gov/articles/PMC10057768/pdf/cs1c05750.pdf,open_url_not_pdf,,"本文关注 Sc, Cr, Mn, Fe, Co, Zn 单原子位点在 N-doped graphene 等载体上的催化行为，主要应用于CO2 reduction/conversion。 文章以理论计算、稳定性分析或反应路径筛选为主，可用于建立结构-活性关系和筛选候选催化剂。 摘要要点：Supported single atom catalysts on defected graphene show great potential for electrochemical reduction of CO2 to CO. In this study, we perform a computational screening of single and di-atom catalysts (MNCs and FeMNC respectively) with M varying from Sc to Zn",题名明确包含 computational、DFT、screening、theoretical 或 first-principles 等词，按纯理论计算归类。
T0061,Theoretical,Pt,graphene,hydrogen evolution reaction,Computational Study of Low-Energy Pt-Ion Implantation into Graphene for Single-Atom Catalysis,ACS Applied Nano Materials,2022,American Chemical Society,10.1021/acsanm.2c02051,https://doi.org/10.1021/acsanm.2c02051,,no_open_pdf_in_metadata,,"本文关注 Pt 单原子位点在 graphene 等载体上的催化行为，主要应用于hydrogen evolution reaction。 文章以理论计算、稳定性分析或反应路径筛选为主，可用于建立结构-活性关系和筛选候选催化剂。 摘要要点：Single-atom catalysts (SACs) represent the ultimate goal of nanocatalysis fields. However, complex synthesis processes and pyrolysis inactivation problems are the two main challenges that plague the development of SACs. In this work, we propose that the ultral",题名明确包含 computational、DFT、screening、theoretical 或 first-principles 等词，按纯理论计算归类。
T0062,Theoretical,Fe,graphene oxide,oxygen reduction reaction,Creating Hybrid Coordination Environment in Fe‐Based Single Atom Catalyst for Efficient Oxygen Reduction,ChemSusChem,2022,Wiley,10.1002/cssc.202200195,https://doi.org/10.1002/cssc.202200195,https://onlinelibrary.wiley.com/doi/pdfdirect/10.1002/cssc.202200195,download_failed: HTTPError,,"本文关注 Fe 单原子位点在 graphene oxide 等载体上的催化行为，主要应用于oxygen reduction reaction。 文章以理论计算、稳定性分析或反应路径筛选为主，可用于建立结构-活性关系和筛选候选催化剂。 摘要要点：Abstract Tailoring the local chemistry environment to optimize the geometric and electronic properties of single atom catalysts has received much attention recently. Yet, most efforts have been devoted to establishing the preferable binding between the solid s",题名/摘要明确显示 DFT、第一性原理、理论洞察或计算筛选为主，按纯理论计算归类。
T0063,Theoretical,Ni,graphene,CO2 reduction/conversion,Dual-Atom Metal and Nonmetal Site Catalyst on a Single Nickel Atom Supported on a Hybridized BCN Nanosheet for Electrochemical CO 2 Reduction to Methane: Combining High Activity and Selectivity,ACS Applied Materials & Interfaces,2022,American Chemical Society,10.1021/acsami.1c22761,https://doi.org/10.1021/acsami.1c22761,,no_open_pdf_in_metadata,,"本文关注 Ni 单原子位点在 graphene 等载体上的催化行为，主要应用于CO2 reduction/conversion。 文章以理论计算、稳定性分析或反应路径筛选为主，可用于建立结构-活性关系和筛选候选催化剂。 摘要要点：Atomically dispersed nitrogen-coordinated transition-metal sites supported on graphene (TM–N4–C) offer promising potential for the electrochemical carbon dioxide reduction reaction (CO2RR). However, a few TM–Nx–C single-atom catalysts (SAC) are capable of redu",题名/摘要明确显示 DFT、第一性原理、理论洞察或计算筛选为主，按纯理论计算归类。
T0064,Theoretical,Zn,carbon/other support,oxygen reduction reaction,Dual‐Sites Coordination Engineering of Single Atom Catalysts for Full‐Temperature Adaptive Flexible Ultralong‐Life Solid‐State Zn−Air Batteries,Advanced Functional Materials,2022,Wiley,10.1002/adfm.202212299,https://doi.org/10.1002/adfm.202212299,,no_open_pdf_in_metadata,,"本文关注 Zn 单原子位点在 carbon/other support 等载体上的催化行为，主要应用于oxygen reduction reaction。 文章以理论计算、稳定性分析或反应路径筛选为主，可用于建立结构-活性关系和筛选候选催化剂。 摘要要点：Abstract High‐performance rechargeable Zn‐air batteries with long‐life stability are desirable for power applications in electric vehicles. The key component of the Zn‐air batteries is the bifunctional oxygen electrocatalyst, however, designing a bifunctional",题名/摘要明确显示 DFT、第一性原理、理论洞察或计算筛选为主，按纯理论计算归类。
T0065,Theoretical,V,graphene,nitrogen reduction/ammonia synthesis,Effect of oxygen coordination on the electrocatalytic nitrogen fixation of a vanadium single-atom catalyst embedded in graphene,New Journal of Chemistry,2022,Royal Society of Chemistry,10.1039/d2nj04716k,https://doi.org/10.1039/d2nj04716k,,no_open_pdf_in_metadata,,本文关注 V 单原子位点在 graphene 等载体上的催化行为，主要应用于nitrogen reduction/ammonia synthesis。 文章以理论计算、稳定性分析或反应路径筛选为主，可用于建立结构-活性关系和筛选候选催化剂。 摘要要点：The effect of oxygen coordination on the electrocatalytic nitrogen reduction conversion into NH 3 on a VO 4 /G single-atom catalyst was theoretically investigated.,题名/摘要显示以 DFT、第一性原理或计算筛选为主，未识别到实验合成/表征关键词。
T0066,Theoretical,V,carbon nitride,CO2 reduction/conversion,"First-Principles Investigation of the Electrocatalytic Reduction of CO 2 on Zirconium-Based Single-, Double-, and Triple-Atom Catalysts Anchored on a Graphitic Carbon Nitride Monolayer",ACS Applied Nano Materials,2022,American Chemical Society,10.1021/acsanm.2c03464,https://doi.org/10.1021/acsanm.2c03464,,no_open_pdf_in_metadata,,"本文关注 V 单原子位点在 carbon nitride 等载体上的催化行为，主要应用于CO2 reduction/conversion。 文章以理论计算、稳定性分析或反应路径筛选为主，可用于建立结构-活性关系和筛选候选催化剂。 摘要要点：Conversion of carbon dioxide (CO2) with the help of an appropriate electrocatalyst with high stability, low onset potential, and exceptional selectivity is still one of the great tasks in the electrocatalytic reduction of CO2 to valuable chemicals. Herein, by",题名明确包含 computational、DFT、screening、theoretical 或 first-principles 等词，按纯理论计算归类。
T0067,Theoretical,Mixed_or_unclear,graphene,hydrogen evolution reaction,High-Throughput Computational Discovery and Intelligent Design of Two-Dimensional Functional Materials for Various Applications,Accounts of Materials Research,2022,American Chemical Society,10.1021/accountsmr.1c00246,https://doi.org/10.1021/accountsmr.1c00246,,no_open_pdf_in_metadata,,"本文关注 Mixed_or_unclear 单原子位点在 graphene 等载体上的催化行为，主要应用于hydrogen evolution reaction。 文章以理论计算、稳定性分析或反应路径筛选为主，可用于建立结构-活性关系和筛选候选催化剂。 摘要要点：ConspectusNovel technologies and new materials are in high demand for future various applications to overcome the fundamental limitations of current techniques. For example, the nanomaterials are in high demand for the miniaturization of electric devices. Spin",题名明确包含 computational、DFT、screening、theoretical 或 first-principles 等词，按纯理论计算归类。
T0068,Theoretical,Pt,N-doped graphene,hydrogen evolution reaction,Hydrolysis of Ammonia Borane on a Single Pt Atom Supported by N-Doped Graphene,ACS Applied Materials & Interfaces,2022,American Chemical Society,10.1021/acsami.1c22972,https://doi.org/10.1021/acsami.1c22972,,no_open_pdf_in_metadata,,"本文关注 Pt 单原子位点在 N-doped graphene 等载体上的催化行为，主要应用于hydrogen evolution reaction。 文章以理论计算、稳定性分析或反应路径筛选为主，可用于建立结构-活性关系和筛选候选催化剂。 摘要要点：The hydrolysis of ammonia borane (NH3BH3 or AB) at room temperature is a promising method to produce hydrogen, but the complete reaction mechanism is still less investigated. Herein, the full hydrolysis process of the AB molecule on single Pt atom coordinated",题名/摘要明确显示 DFT、第一性原理、理论洞察或计算筛选为主，按纯理论计算归类。
T0069,Theoretical,Ni; Cu; Zn; Pd; Pt; Au,graphene,hydrogen evolution reaction,Investigation of glucose electrooxidation mechanism over N‐modified metal‐doped graphene electrode by density functional theory approach,Journal of Computational Chemistry,2022,Wiley,10.1002/jcc.26981,https://doi.org/10.1002/jcc.26981,https://onlinelibrary.wiley.com/doi/pdfdirect/10.1002/jcc.26981,download_failed: HTTPError,,"本文关注 Ni, Cu, Zn, Pd, Pt, Au 单原子位点在 graphene 等载体上的催化行为，主要应用于hydrogen evolution reaction。 文章以理论计算、稳定性分析或反应路径筛选为主，可用于建立结构-活性关系和筛选候选催化剂。 摘要要点：In this work, various precious and non-precious metals reported in the literature as the most effective catalysts for glucose electrooxidation reaction were investigated by the density functional theory (DFT) approach in order to reveal the mechanisms taking p",题名/摘要明确显示 DFT、第一性原理、理论洞察或计算筛选为主，按纯理论计算归类。
T0070,Theoretical,Ga,graphene,oxygen reduction reaction,Main-group metal elements as promising active centers for single-atom catalyst toward nitric oxide reduction reaction,npj 2D Materials and Applications,2022,Nature Portfolio,10.1038/s41699-022-00326-4,https://doi.org/10.1038/s41699-022-00326-4,https://www.nature.com/articles/s41699-022-00326-4.pdf,open_url_not_pdf,,"本文关注 Ga 单原子位点在 graphene 等载体上的催化行为，主要应用于oxygen reduction reaction。 文章以理论计算、稳定性分析或反应路径筛选为主，可用于建立结构-活性关系和筛选候选催化剂。 摘要要点：Abstract Current research efforts on single-atom catalysts (SACs) exclusively focus on nonmetal or transition-metal atoms as active centers, while employing main-group metal elements is seemingly excluded because their delocalized s/p-bands are prone to yield",题名/摘要明确显示 DFT、第一性原理、理论洞察或计算筛选为主，按纯理论计算归类。
T0071,Theoretical,Fe,N-doped graphene,oxygen reduction reaction,Metal–Organic Framework-Derived Graphene Mesh: a Robust Scaffold for Highly Exposed Fe–N 4 Active Sites toward an Excellent Oxygen Reduction Catalyst in Acid Media,Journal of the American Chemical Society,2022,American Chemical Society,10.1021/jacs.2c00719,https://doi.org/10.1021/jacs.2c00719,,no_open_pdf_in_metadata,,"本文关注 Fe 单原子位点在 N-doped graphene 等载体上的催化行为，主要应用于oxygen reduction reaction。 文章以理论计算、稳定性分析或反应路径筛选为主，可用于建立结构-活性关系和筛选候选催化剂。 摘要要点：This study demonstrates a special ultrathin N-doped graphene nanomesh (NGM) as a robust scaffold for highly exposed Fe–N4 active sites. Significantly, the pore sizes of the NGM can be elaborately regulated by adjusting the thermal exfoliation conditions to sim",题名/摘要明确显示 DFT、第一性原理、理论洞察或计算筛选为主，按纯理论计算归类。
T0072,Theoretical,Zn,graphene,oxygen reduction reaction,Modulation of Ligand Fields in a Single-Atom Site by the Molten Salt Strategy for Enhanced Oxygen Bifunctional Activity for Zinc-Air Batteries,ACS Nano,2022,American Chemical Society,10.1021/acsnano.2c01748,https://doi.org/10.1021/acsnano.2c01748,,no_open_pdf_in_metadata,,"本文关注 Zn 单原子位点在 graphene 等载体上的催化行为，主要应用于oxygen reduction reaction。 文章以理论计算、稳定性分析或反应路径筛选为主，可用于建立结构-活性关系和筛选候选催化剂。 摘要要点：Achieving full utilization of active sites and optimization of the electronic structure of metal centers is the key to improving the intrinsic activity of single-atom catalysts (SACs) but still remains a challenge to date. Herein, a versatile molten salt-assis",计算关键词占主导，按纯理论计算归类。
T0073,Theoretical,Mo,carbon/other support,hydrogen evolution reaction,"Molybdenum‐Based Catalytic Materials for Li–S Batteries: Strategies, Mechanisms, and Prospects",Advanced Energy and Sustainability Research,2022,Wiley,10.1002/aesr.202200145,https://doi.org/10.1002/aesr.202200145,https://onlinelibrary.wiley.com/doi/pdfdirect/10.1002/aesr.202200145,download_failed: HTTPError,,"本文关注 Mo 单原子位点在 carbon/other support 等载体上的催化行为，主要应用于hydrogen evolution reaction。 文章以理论计算、稳定性分析或反应路径筛选为主，可用于建立结构-活性关系和筛选候选催化剂。 摘要要点：Lithium–sulfur (Li–S) batteries are regarded as promising candidates for high‐energy storage devices because of their high theoretical energy density (2600 Wh kg −1 ). However, their practical applications are still hindered by a multitude of key challenges, e",题名/摘要显示以 DFT、第一性原理或计算筛选为主，未识别到实验合成/表征关键词。
T0074,Theoretical,Co; Ir,carbon/other support,hydrogen evolution reaction,N‐stabilized metal single atoms enabled rich defects for noble‐metal alloy toward superior water reduction,EcoMat,2022,Wiley,10.1002/eom2.12267,https://doi.org/10.1002/eom2.12267,https://onlinelibrary.wiley.com/doi/pdfdirect/10.1002/eom2.12267,download_failed: HTTPError,,"本文关注 Co, Ir 单原子位点在 carbon/other support 等载体上的催化行为，主要应用于hydrogen evolution reaction。 文章以理论计算、稳定性分析或反应路径筛选为主，可用于建立结构-活性关系和筛选候选催化剂。 摘要要点：Abstract The traditional methods of introducing defects into alloy catalysts, such as dealloying, quenching, and doping, usually require complicated processes, rendering less controllability to the products and performances. Herein, a simple fabrication method",题名/摘要明确显示 DFT、第一性原理、理论洞察或计算筛选为主，按纯理论计算归类。
T0075,Theoretical,Fe; Co; Ni,graphene,CO2 reduction/conversion,On the Sensitivity to Density‐Functional Approximations for CO Binding Energies of Single‐Atom Catalysts in Nitrogen‐Doped Graphene,ChemPhysChem,2022,Wiley,10.1002/cphc.202100787,https://doi.org/10.1002/cphc.202100787,https://www.osti.gov/servlets/purl/1854501,downloaded_open_access_pdf,Theoretical/Fe/pdfs/T0075_On_the_Sensitivity_to_Density_Functional_Approximations_for_CO_Binding_Energies_of_Single_.pdf,"本文关注 Fe, Co, Ni 单原子位点在 graphene 等载体上的催化行为，主要应用于CO2 reduction/conversion。 文章以理论计算、稳定性分析或反应路径筛选为主，可用于建立结构-活性关系和筛选候选催化剂。 摘要要点：Abstract Density functional theory (DFT) methods are the working horse in screening new catalytic materials. They are widely used to predict trends in binding energies, which are then used to compare the activity of different materials. The binding strength of",题名/摘要明确显示 DFT、第一性原理、理论洞察或计算筛选为主，按纯理论计算归类。
T0076,Theoretical,Fe,N-doped graphene,oxygen evolution reaction,Orbital Dependence in Single-Atom Electrocatalytic Reactions,The Journal of Physical Chemistry Letters,2022,American Chemical Society,10.1021/acs.jpclett.2c01381,https://doi.org/10.1021/acs.jpclett.2c01381,,no_open_pdf_in_metadata,,本文关注 Fe 单原子位点在 N-doped graphene 等载体上的催化行为，主要应用于oxygen evolution reaction。 文章以理论计算、稳定性分析或反应路径筛选为主，可用于建立结构-活性关系和筛选候选催化剂。 摘要要点：Transition metal single-atom catalysts supported on N-doped graphene (TM–N–C) could serve as an ideal model for studying orbital dependence in electrocatalytic reactions because the atom on the catalytic active site has discrete single-atom-like orbitals. In t,题名/摘要明确显示 DFT、第一性原理、理论洞察或计算筛选为主，按纯理论计算归类。
T0077,Theoretical,Ru; Pt; Au,graphene,hydrogen evolution reaction,Single Atoms Anchored in Hexagonal Boron Nitride for Propane Dehydrogenation from First Principles,ChemCatChem,2022,Wiley,10.1002/cctc.202200133,https://doi.org/10.1002/cctc.202200133,https://www.osti.gov/servlets/purl/1881074,downloaded_open_access_pdf,Theoretical/Ru/pdfs/T0077_Single_Atoms_Anchored_in_Hexagonal_Boron_Nitride_for_Propane_Dehydrogenation_from_First_Pr.pdf,"本文关注 Ru, Pt, Au 单原子位点在 graphene 等载体上的催化行为，主要应用于hydrogen evolution reaction。 文章以理论计算、稳定性分析或反应路径筛选为主，可用于建立结构-活性关系和筛选候选催化剂。 摘要要点：Abstract Single‐atom catalysts embedded in N‐doped graphene have attracted great interest recently, but the hexagonal boron nitride (h‐BN) is much less explored as a support. Using first principles density function theory and molecular dynamics, here we invest",题名明确包含 computational、DFT、screening、theoretical 或 first-principles 等词，按纯理论计算归类。
T0078,Theoretical,Mixed_or_unclear,graphene,hydrogen evolution reaction,Single-Atom Catalysts Supported by Graphene and Hexagonal Boron Nitride: Structural Stability in the Oxygen Environment,The Journal of Physical Chemistry C,2022,American Chemical Society,10.1021/acs.jpcc.2c01823,https://doi.org/10.1021/acs.jpcc.2c01823,,no_open_pdf_in_metadata,,"本文关注 Mixed_or_unclear 单原子位点在 graphene 等载体上的催化行为，主要应用于hydrogen evolution reaction。 文章以理论计算、稳定性分析或反应路径筛选为主，可用于建立结构-活性关系和筛选候选催化剂。 摘要要点：Despite ample studies devoted to single-atom catalysts (SACs) based on two-dimensional materials, their structural robustness under atmospheric conditions has not been addressed so far. Using density functional theory, we examined the structural stability of m",题名/摘要明确显示 DFT、第一性原理、理论洞察或计算筛选为主，按纯理论计算归类。
T0079,Theoretical,Ni; Pt,N-doped graphene,hydrogen evolution reaction,Single-Atom Pt Boosting Electrochemical Nonenzymatic Glucose Sensing on Ni(OH) 2 /N-Doped Graphene,Analytical Chemistry,2022,American Chemical Society,10.1021/acs.analchem.1c04912,https://doi.org/10.1021/acs.analchem.1c04912,,no_open_pdf_in_metadata,,"本文关注 Ni, Pt 单原子位点在 N-doped graphene 等载体上的催化行为，主要应用于hydrogen evolution reaction。 文章以理论计算、稳定性分析或反应路径筛选为主，可用于建立结构-活性关系和筛选候选催化剂。 摘要要点：Conventional nanomaterials in electrochemical nonenzymatic sensing face huge challenge due to their complex size-, surface-, and composition-dependent catalytic properties and low active site density. In this work, we designed a single-atom Pt supported on Ni(",题名/摘要明确显示 DFT、第一性原理、理论洞察或计算筛选为主，按纯理论计算归类。
T0080,Theoretical,Pd,carbon/other support,oxygen reduction reaction,Single‐Atom Pd‐N 4 Catalysis for Stable Low‐Overpotential Lithium‐Oxygen Battery,Small,2022,Wiley,10.1002/smll.202204559,https://doi.org/10.1002/smll.202204559,,no_open_pdf_in_metadata,,"本文关注 Pd 单原子位点在 carbon/other support 等载体上的催化行为，主要应用于oxygen reduction reaction。 文章以理论计算、稳定性分析或反应路径筛选为主，可用于建立结构-活性关系和筛选候选催化剂。 摘要要点：Abstract The critical challenge for Li‐O 2 batteries lies in the large charge overpotential, leading to undesirable side reactions and inferior cycle stability. Single‐atom catalysts have shown promising prospects in expediting the kinetics of oxygen evolution",题名/摘要显示以 DFT、第一性原理或计算筛选为主，未识别到实验合成/表征关键词。
T0081,Theoretical,Fe; Co; Ni,N-doped graphene,CO2 reduction/conversion,"Theoretical Insights into Nitrogen-Doped Graphene-Supported Fe, Co, and Ni as Single-Atom Catalysts for CO 2 Reduction Reaction",The Journal of Physical Chemistry C,2022,American Chemical Society,10.1021/acs.jpcc.1c09740,https://doi.org/10.1021/acs.jpcc.1c09740,,no_open_pdf_in_metadata,,"本文关注 Fe, Co, Ni 单原子位点在 N-doped graphene 等载体上的催化行为，主要应用于CO2 reduction/conversion。 文章以理论计算、稳定性分析或反应路径筛选为主，可用于建立结构-活性关系和筛选候选催化剂。 摘要要点：Using single-atom catalysts for the electrochemical reduction of carbon dioxide is a promising method for excess renewable electricity as chemical energy in fuels. In this study, we have investigated single non-noble metal atoms supported on nitrogen-doped gra",题名明确包含 computational、DFT、screening、theoretical 或 first-principles 等词，按纯理论计算归类。
T0082,Theoretical,Cu; Re; Pt,graphene,hydrogen evolution reaction,Theoretical Screening of Transition Metal–N 4 -Doped Graphene for Electroreduction of Nitrate,ACS Catalysis,2022,American Chemical Society,10.1021/acscatal.2c00307,https://doi.org/10.1021/acscatal.2c00307,,no_open_pdf_in_metadata,,"本文关注 Cu, Re, Pt 单原子位点在 graphene 等载体上的催化行为，主要应用于hydrogen evolution reaction。 文章以理论计算、稳定性分析或反应路径筛选为主，可用于建立结构-活性关系和筛选候选催化剂。 摘要要点：Electrochemical nitrate reduction reaction (NO3RR) is an advantageous conversion technology for nitrate removal and ammonia synthesis. Single-atom catalysts, owing to their utmost metal atom utilization efficiency, are promising electrocatalysts for NO3RR but",题名明确包含 computational、DFT、screening、theoretical 或 first-principles 等词，按纯理论计算归类。
T0083,Theoretical,Fe; Ru; Rh; Ag; Ir,N-doped carbon,hydrogenation,Theoretical Study on Nitrobenzene Hydrogenation by N-Doped Carbon-Supported Late Transition Metal Single-Atom Catalysts,ACS Catalysis,2022,American Chemical Society,10.1021/acscatal.2c02373,https://doi.org/10.1021/acscatal.2c02373,,no_open_pdf_in_metadata,,"本文关注 Fe, Ru, Rh, Ag, Ir 单原子位点在 N-doped carbon 等载体上的催化行为，主要应用于hydrogenation。 文章以理论计算、稳定性分析或反应路径筛选为主，可用于建立结构-活性关系和筛选候选催化剂。 摘要要点：A density functional theory (DFT) study was performed to investigate the activities of 12 late transition metal single-atom-supported nitrogen-doped carbon-based catalysts (M1-N4/C SACs) nitrobenzene hydrogenation. Three different dihydrogen (H2) dissociation",题名明确包含 computational、DFT、screening、theoretical 或 first-principles 等词，按纯理论计算归类。
T0084,Theoretical,Fe; Co; Ni; Ru; Ir,N-doped graphene,hydrogen evolution reaction,Theoretical and Experimental Understanding of Metal Single-Atom Electrocatalysts for Accelerating the Electrochemical Reaction of Lithium–Sulfur Batteries,ACS Applied Materials & Interfaces,2022,American Chemical Society,10.1021/acsami.2c09430,https://doi.org/10.1021/acsami.2c09430,,no_open_pdf_in_metadata,,"本文关注 Fe, Co, Ni, Ru, Ir 单原子位点在 N-doped graphene 等载体上的催化行为，主要应用于hydrogen evolution reaction。 文章以理论计算、稳定性分析或反应路径筛选为主，可用于建立结构-活性关系和筛选候选催化剂。 摘要要点：Metal single-atom materials have attracted tremendous attention in the research field of lithium–sulfur (Li–S) batteries because they can effectively improve the reaction kinetics of sulfur cathodes. However, it is still difficult to determine the best metal s",题名明确包含 computational、DFT、screening、theoretical 或 first-principles 等词，按纯理论计算归类。
T0085,Theoretical,Pt,graphene,catalysis,Theoretical insight into mercury species adsorption on graphene-based Pt single-atom catalysts,RSC Advances,2022,Royal Society of Chemistry,10.1039/d1ra08891b,https://doi.org/10.1039/d1ra08891b,https://pubs.rsc.org/en/content/articlepdf/2022/ra/d1ra08891b,downloaded_open_access_pdf,Theoretical/Pt/pdfs/T0085_Theoretical_insight_into_mercury_species_adsorption_on_graphene-based_Pt_single-atom_catal.pdf,"本文关注 Pt 单原子位点在 graphene 等载体上的催化行为，主要应用于catalysis。 文章以理论计算、稳定性分析或反应路径筛选为主，可用于建立结构-活性关系和筛选候选催化剂。 摘要要点：Adsorption mechanism: all mercury species can chemically adsorb on Pt/SV-GN and Pt/3N-GN. The charge decomposition analysis confirmed that s, p orbitals of Hg hybridized with d, s orbitals of Pt SACs. Pt/3N-GN is more superior for mercury removal.",题名明确包含 computational、DFT、screening、theoretical 或 first-principles 等词，按纯理论计算归类。
T0086,Theoretical,Mixed_or_unclear,graphene,nitrogen reduction/ammonia synthesis,Theoretical insights into the electroreduction of nitrate to ammonia on graphene-based single-atom catalysts,Nanoscale,2022,Royal Society of Chemistry,10.1039/d2nr02813a,https://doi.org/10.1039/d2nr02813a,,no_open_pdf_in_metadata,,"本文关注 Mixed_or_unclear 单原子位点在 graphene 等载体上的催化行为，主要应用于nitrogen reduction/ammonia synthesis。 文章以理论计算、稳定性分析或反应路径筛选为主，可用于建立结构-活性关系和筛选候选催化剂。 摘要要点：The catalytic mechanism, activity trend, and activity origin of electroreduction of nitrate to ammonia on graphene-based single-atom catalysts was systematically studied and unrevealed.",题名明确包含 computational、DFT、screening、theoretical 或 first-principles 等词，按纯理论计算归类。
T0087,Theoretical,Co,N-doped graphene,oxygen reduction reaction,Theoretically Revealed and Experimentally Demonstrated Synergistic Electronic Interaction of CoFe Dual-Metal Sites on N-doped Carbon for Boosting Both Oxygen Reduction and Evolution Reactions,Nano Letters,2022,American Chemical Society,10.1021/acs.nanolett.2c00658,https://doi.org/10.1021/acs.nanolett.2c00658,,no_open_pdf_in_metadata,,"本文关注 Co 单原子位点在 N-doped graphene 等载体上的催化行为，主要应用于oxygen reduction reaction。 文章以理论计算、稳定性分析或反应路径筛选为主，可用于建立结构-活性关系和筛选候选催化剂。 摘要要点：Heteronuclear double-atom catalysts, unlike single atom catalysts, may change the charge density of active metal sites by introducing another metal single atom, thereby modifying the adsorption energies of reaction intermediates and increasing the catalytic ac",题名明确包含 computational、DFT、screening、theoretical 或 first-principles 等词，按纯理论计算归类。
T0088,Theoretical,Fe; Co; Ni; Cu; Pt,N-doped graphene,hydrogen evolution reaction,"Unraveling the Electronic Effect of Transition-Metal Dopants (M = Fe, Co, Ni, and Cu) and Graphene Substrate on Platinum–Transition Metal Dimers for Hydrogen Evolution Reaction",Inorganic Chemistry,2022,American Chemical Society,10.1021/acs.inorgchem.2c02192,https://doi.org/10.1021/acs.inorgchem.2c02192,,no_open_pdf_in_metadata,,"本文关注 Fe, Co, Ni, Cu, Pt 单原子位点在 N-doped graphene 等载体上的催化行为，主要应用于hydrogen evolution reaction。 文章以理论计算、稳定性分析或反应路径筛选为主，可用于建立结构-活性关系和筛选候选催化剂。 摘要要点：As an extension of single-atom catalysts, despite the increased opportunities to optimize the hydrogen evolution reaction (HER) activity with the variation of the composition, dual-metal-atom catalysts, i.e., dimers, are deeply trapped in a design blind spot d",题名/摘要明确显示 DFT、第一性原理、理论洞察或计算筛选为主，按纯理论计算归类。
T0089,Theoretical,V,graphene,hydrogen evolution reaction,V (Nb) Single Atoms Anchored by the Edge of a Graphene Armchair Nanoribbon for Efficient Electrocatalytic Nitrogen Reduction: A Theoretical Study,Inorganic Chemistry,2022,American Chemical Society,10.1021/acs.inorgchem.2c03204,https://doi.org/10.1021/acs.inorgchem.2c03204,,no_open_pdf_in_metadata,,"本文关注 V 单原子位点在 graphene 等载体上的催化行为，主要应用于hydrogen evolution reaction。 文章以理论计算、稳定性分析或反应路径筛选为主，可用于建立结构-活性关系和筛选候选催化剂。 摘要要点：Efficient and low-cost electrocatalysts are urgently required for the electrocatalytic N2 reduction reaction (NRR) to produce valuable NH3. Single-atom catalysts (SACs) represent one class of promising candidates. Besides the defects on the basal plane, very r",题名明确包含 computational、DFT、screening、theoretical 或 first-principles 等词，按纯理论计算归类。
T0090,Theoretical,Sc; V; W; Au,graphene,hydrogen evolution reaction,A High-Throughput Screening toward Efficient Nitrogen Fixation: Transition Metal Single-Atom Catalysts Anchored on an Emerging π–π Conjugated Graphitic Carbon Nitride (g-C 10 N 3 ) Substrate with Dirac Dispersion,ACS Applied Materials & Interfaces,2023,American Chemical Society,10.1021/acsami.2c22519,https://doi.org/10.1021/acsami.2c22519,,no_open_pdf_in_metadata,,"本文关注 Sc, V, W, Au 单原子位点在 graphene 等载体上的催化行为，主要应用于hydrogen evolution reaction。 文章以理论计算、稳定性分析或反应路径筛选为主，可用于建立结构-活性关系和筛选候选催化剂。 摘要要点：TM-Nx is becoming a comforting catalytic center for sustainable and green ammonia synthesis under ambient conditions, resulting in increasing interest in single-atom catalysts (SACs) for the electrochemical nitrogen reduction reaction (NRR). However, given the",题名明确包含 computational、DFT、screening、theoretical 或 first-principles 等词，按纯理论计算归类。
T0091,Theoretical,V; Fe,graphene,CO2 reduction/conversion,A Surrogate Machine Learning Model for the Design of Single-Atom Catalyst on Carbon and Porphyrin Supports towards Electrochemistry,The Journal of Physical Chemistry C,2023,American Chemical Society,10.1021/acs.jpcc.3c00765,https://doi.org/10.1021/acs.jpcc.3c00765,,no_open_pdf_in_metadata,,"本文关注 V, Fe 单原子位点在 graphene 等载体上的催化行为，主要应用于CO2 reduction/conversion。 文章以理论计算、稳定性分析或反应路径筛选为主，可用于建立结构-活性关系和筛选候选催化剂。 摘要要点：We apply the machine learning (ML) tool to calculate the Gibbs free energy (ΔG) of reaction intermediates rapidly and accurately as a guide for designing porphyrin- and graphene-supported single-atom catalysts (SACs) toward electrochemical reactions. Based on",计算关键词占主导，按纯理论计算归类。
T0092,Theoretical,V; Mn; Fe; Co,graphene,oxygen reduction reaction,Activity And Stability of Single‐ And Di‐Atom Catalysts for the O 2 Reduction Reaction,Angewandte Chemie International Edition,2023,Wiley,10.1002/anie.202311113,https://doi.org/10.1002/anie.202311113,https://onlinelibrary.wiley.com/doi/pdfdirect/10.1002/anie.202311113,download_failed: HTTPError,,"本文关注 V, Mn, Fe, Co 单原子位点在 graphene 等载体上的催化行为，主要应用于oxygen reduction reaction。 文章以理论计算、稳定性分析或反应路径筛选为主，可用于建立结构-活性关系和筛选候选催化剂。 摘要要点：reduction reaction (ORR) are needed for the advancement of renewable energy technologies. In this study, we designed a computational catalyst-screening method to identify single and di-atom metal dopants from first-row transition elements supported on defect-c",计算关键词占主导，按纯理论计算归类。
T0093,Theoretical,Mn; Co,carbon/other support,CO2 reduction/conversion,Atomically Dispersed Co 2 MnN 8 Triatomic Sites Anchored in N‐Doped Carbon Enabling Efficient Oxygen Reduction Reaction,Advanced Materials,2023,,10.1002/adma.202210975,https://doi.org/10.1002/adma.202210975,https://onlinelibrary.wiley.com/doi/pdfdirect/10.1002/adma.202210975,download_failed: HTTPError,,"本文关注 Mn, Co 单原子位点在 carbon/other support 等载体上的催化行为，主要应用于CO2 reduction/conversion。 文章以理论计算、稳定性分析或反应路径筛选为主，可用于建立结构-活性关系和筛选候选催化剂。 摘要要点：Abstract Atomically dispersed transition metal–nitrogen/carbon (M–N/C) catalysts have emerged as the most promising substitutes to the precious platinum counterparts toward the oxygen reduction reaction (ORR). However, the reported M–N/C catalysts are usually",题名/摘要明确显示 DFT、第一性原理、理论洞察或计算筛选为主，按纯理论计算归类。
T0094,Theoretical,Sc; Ti; Cr; Pt; La,graphene,hydrogen evolution reaction,Comprehensive Mechanism and Microkinetic Model-Driven Rational Screening of 3N-Modulated Single-Atom Catalysts for Propane Dehydrogenation,ACS Catalysis,2023,American Chemical Society,10.1021/acscatal.3c00889,https://doi.org/10.1021/acscatal.3c00889,,no_open_pdf_in_metadata,,"本文关注 Sc, Ti, Cr, Pt, La 单原子位点在 graphene 等载体上的催化行为，主要应用于hydrogen evolution reaction。 文章以理论计算、稳定性分析或反应路径筛选为主，可用于建立结构-活性关系和筛选候选催化剂。 摘要要点：Direct propane dehydrogenation (PDH) is an economically competitive and environmentally friendly industrial scheme used to produce propylene. Beyond the traditional Pt or Cr oxide catalyst, in this study, we focus on 3N-coordinated transition-metal single-atom",题名明确包含 computational、DFT、screening、theoretical 或 first-principles 等词，按纯理论计算归类。
T0095,Theoretical,Mixed_or_unclear,carbon nitride,CO2 reduction/conversion,Computational screening of high activity and selectivity of CO 2 reduction via transition metal single-atom catalysts on triazine-based graphite carbon nitride,Physical Chemistry Chemical Physics,2023,Royal Society of Chemistry,10.1039/d3cp03051b,https://doi.org/10.1039/d3cp03051b,,no_open_pdf_in_metadata,,本文关注 Mixed_or_unclear 单原子位点在 carbon nitride 等载体上的催化行为，主要应用于CO2 reduction/conversion。 文章以理论计算、稳定性分析或反应路径筛选为主，可用于建立结构-活性关系和筛选候选催化剂。 摘要要点：RR performance. Our study provides theoretical guidance for the rational design of highly active and selective catalysts.,题名明确包含 computational、DFT、screening、theoretical 或 first-principles 等词，按纯理论计算归类。
T0096,Theoretical,Fe; Co,graphene,hydrogen evolution reaction,Dual Single-Atom Moieties Anchored on N-Doped Multilayer Graphene As a Catalytic Host for Lithium–Sulfur Batteries,ACS Applied Materials & Interfaces,2023,American Chemical Society,10.1021/acsami.2c21620,https://doi.org/10.1021/acsami.2c21620,,no_open_pdf_in_metadata,,"本文关注 Fe, Co 单原子位点在 graphene 等载体上的催化行为，主要应用于hydrogen evolution reaction。 文章以理论计算、稳定性分析或反应路径筛选为主，可用于建立结构-活性关系和筛选候选催化剂。 摘要要点：Lithium–sulfur (Li–S) batteries are promising for energy storage, especially in the era of carbon neutrality. Nonetheless, the sluggish kinetics of converting soluble lithium polysulfides into solid lithium sulfide impedes its development. In this work, we des",题名/摘要显示以 DFT、第一性原理或计算筛选为主，未识别到实验合成/表征关键词。
T0097,Theoretical,Pt; Sn; In,carbon/other support,oxygen evolution reaction,Elucidation of the Active Site for the Oxygen Evolution Reaction on a Single Pt Atom Supported on Indium Tin Oxide,The Journal of Physical Chemistry Letters,2023,American Chemical Society,10.1021/acs.jpclett.3c00160,https://doi.org/10.1021/acs.jpclett.3c00160,https://escholarship.org/content/qt8pg1p8f1/qt8pg1p8f1.pdf?t=rs310s,downloaded_open_access_pdf,Theoretical/Pt/pdfs/T0097_Elucidation_of_the_Active_Site_for_the_Oxygen_Evolution_Reaction_on_a_Single_Pt_Atom_Suppo.pdf,"本文关注 Pt, Sn, In 单原子位点在 carbon/other support 等载体上的催化行为，主要应用于oxygen evolution reaction。 文章以理论计算、稳定性分析或反应路径筛选为主，可用于建立结构-活性关系和筛选候选催化剂。 摘要要点：Single-atom catalysts (SACs) have attracted attention for their high catalytic activity and selectivity, but the nature of their active sites under realistic reaction conditions, involving various ligands, is not well-understood. In this study, we use density",题名/摘要明确显示 DFT、第一性原理、理论洞察或计算筛选为主，按纯理论计算归类。
T0098,Theoretical,Mixed_or_unclear,graphene,oxygen reduction reaction,Exploring the catalytic activity of graphene-based TM-N x C 4- x single atom catalysts for the oxygen reduction reaction via density functional theory calculation,Physical Chemistry Chemical Physics,2023,Royal Society of Chemistry,10.1039/d3cp01168b,https://doi.org/10.1039/d3cp01168b,,no_open_pdf_in_metadata,,"本文关注 Mixed_or_unclear 单原子位点在 graphene 等载体上的催化行为，主要应用于oxygen reduction reaction。 文章以理论计算、稳定性分析或反应路径筛选为主，可用于建立结构-活性关系和筛选候选催化剂。 摘要要点：SACs by tuning the coordination environment, which may have potential implication in the high-performance fuel cell development.",题名/摘要明确显示 DFT、第一性原理、理论洞察或计算筛选为主，按纯理论计算归类。
T0099,Theoretical,Mn; Fe; Co; Ni; Cu; Ru; Rh; Pd; Ag; Ir; Pt; Au,graphene,oxygen reduction reaction,Fine-Tuning Dual Single-Atom Metal Sites on Graphene toward Enhanced Oxygen Reduction Reaction Activity,The Journal of Physical Chemistry Letters,2023,American Chemical Society,10.1021/acs.jpclett.3c02273,https://doi.org/10.1021/acs.jpclett.3c02273,,no_open_pdf_in_metadata,,"本文关注 Mn, Fe, Co, Ni, Cu, Ru, Rh, Pd, Ag, Ir, Pt, Au 单原子位点在 graphene 等载体上的催化行为，主要应用于oxygen reduction reaction。 文章以理论计算、稳定性分析或反应路径筛选为主，可用于建立结构-活性关系和筛选候选催化剂。 摘要要点：The oxygen reduction reaction (ORR) remains at the forefront of research in diverse energy and sustainability domains. While graphene-supported single-atom catalysts (SACs) have garnered attention for optimizing ORR efficiency, tailoring the interactions betwe",题名/摘要明确显示 DFT、第一性原理、理论洞察或计算筛选为主，按纯理论计算归类。
T0100,Theoretical,Sn,graphene,CO2 reduction/conversion,Graphene-Supported Tin Single-Atom Catalysts for CO 2 Hydrogenation to HCOOH: A Theoretical Investigation of Performance under Different N Coordination Numbers,ACS Applied Nano Materials,2023,American Chemical Society,10.1021/acsanm.2c05581,https://doi.org/10.1021/acsanm.2c05581,,no_open_pdf_in_metadata,,本文关注 Sn 单原子位点在 graphene 等载体上的催化行为，主要应用于CO2 reduction/conversion。 文章以理论计算、稳定性分析或反应路径筛选为主，可用于建立结构-活性关系和筛选候选催化剂。 摘要要点：The effects of the adjustment of the N coordination number in Sn single-atom catalysts toward the activity and selectivity of CO2 hydrogenation to HCOOH are systematically explored via density functional theory calculations. The stability of the studied cataly,题名明确包含 computational、DFT、screening、theoretical 或 first-principles 等词，按纯理论计算归类。
T0101,Theoretical,Sc; Ti; V; Cr; Mn; Fe; Co; Ni; Cu; Zn; Mo; Ru; Rh; Pd; W; Re; Ir; Pt,graphene,hydrogen evolution reaction,High efficiency carbon nanotubes-based single-atom catalysts for nitrogen reduction,Scientific Reports,2023,Nature Portfolio,10.1038/s41598-023-36945-0,https://doi.org/10.1038/s41598-023-36945-0,https://www.nature.com/articles/s41598-023-36945-0.pdf,open_url_not_pdf,,"本文关注 Sc, Ti, V, Cr, Mn, Fe, Co, Ni, Cu, Zn, Mo, Ru, Rh, Pd, W, Re, Ir, Pt 单原子位点在 graphene 等载体上的催化行为，主要应用于hydrogen evolution reaction。 文章以理论计算、稳定性分析或反应路径筛选为主，可用于建立结构-活性关系和筛选候选催化剂。 摘要要点：Abstract Carbon-based single-atom catalysts (SACs) for electrochemical nitrogen reduction reaction (NRR) have received increasing attention due to their sustainable, efficient, and green advantages. However, at present, the research on carbon nanotubes (CNTs)-",计算关键词占主导，按纯理论计算归类。
T0102,Theoretical,Mixed_or_unclear,graphene,nitrogen reduction/ammonia synthesis,High‐Throughput Screening of Electrocatalysts for Nitrogen Reduction Reactions Accelerated by Interpretable Intrinsic Descriptor,Angewandte Chemie International Edition,2023,Wiley,10.1002/anie.202300122,https://doi.org/10.1002/anie.202300122,,no_open_pdf_in_metadata,,"本文关注 Mixed_or_unclear 单原子位点在 graphene 等载体上的催化行为，主要应用于nitrogen reduction/ammonia synthesis。 文章以理论计算、稳定性分析或反应路径筛选为主，可用于建立结构-活性关系和筛选候选催化剂。 摘要要点：Developing easily accessible descriptors is crucial but challenging to rationally design single-atom catalysts (SACs). This paper describes a simple and interpretable activity descriptor, which is easily obtained from the atomic databases. The defined descript",题名明确包含 computational、DFT、screening、theoretical 或 first-principles 等词，按纯理论计算归类。
T0103,Theoretical,V; Co; Ni,carbon/other support,CO2 reduction/conversion,High‐rate electrochemical H 2 O 2 production over multimetallic atom catalysts under acidic–neutral conditions,Carbon Energy,2023,Wiley,10.1002/cey2.378,https://doi.org/10.1002/cey2.378,https://onlinelibrary.wiley.com/doi/pdfdirect/10.1002/cey2.378,download_failed: HTTPError,,"本文关注 V, Co, Ni 单原子位点在 carbon/other support 等载体上的催化行为，主要应用于CO2 reduction/conversion。 文章以理论计算、稳定性分析或反应路径筛选为主，可用于建立结构-活性关系和筛选候选催化剂。 摘要要点：Abstract Hydrogen peroxide (H 2 O 2 ) production by the electrochemical 2‐electron oxygen reduction reaction (2e − ORR) is a promising alternative to the energy‐intensive anthraquinone process, and single‐atom electrocatalysts show the unique capability of hig",题名/摘要明确显示 DFT、第一性原理、理论洞察或计算筛选为主，按纯理论计算归类。
T0104,Theoretical,Mixed_or_unclear,N-doped graphene,oxygen evolution reaction,Insights into the Oxygen Evolution Reaction on Graphene-Based Single-Atom Catalysts from First-Principles-Informed Microkinetic Modeling,ACS Catalysis,2023,American Chemical Society,10.1021/acscatal.3c00474,https://doi.org/10.1021/acscatal.3c00474,https://www.osti.gov/servlets/purl/2007855,downloaded_open_access_pdf,Theoretical/Mixed_or_unclear/pdfs/T0104_Insights_into_the_Oxygen_Evolution_Reaction_on_Graphene-Based_Single-Atom_Catalysts_from_F.pdf,"本文关注 Mixed_or_unclear 单原子位点在 N-doped graphene 等载体上的催化行为，主要应用于oxygen evolution reaction。 文章以理论计算、稳定性分析或反应路径筛选为主，可用于建立结构-活性关系和筛选候选催化剂。 摘要要点：Single-atom transition metals embedded in nitrogen-doped graphene have emerged as promising electrocatalysts due to their high activity and low material cost. These materials have been shown to catalyze a variety of electrochemical reactions, but their active",题名明确包含 computational、DFT、screening、theoretical 或 first-principles 等词，按纯理论计算归类。
T0105,Theoretical,Mixed_or_unclear,graphene,oxygen reduction reaction,Interlayer Charge Transfer Regulates Single-Atom Catalytic Activity on Electride/Graphene 2D Heterojunctions,Journal of the American Chemical Society,2023,American Chemical Society,10.1021/jacs.2c13596,https://doi.org/10.1021/jacs.2c13596,,no_open_pdf_in_metadata,,本文关注 Mixed_or_unclear 单原子位点在 graphene 等载体上的催化行为，主要应用于oxygen reduction reaction。 文章以理论计算、稳定性分析或反应路径筛选为主，可用于建立结构-活性关系和筛选候选催化剂。 摘要要点：Single-atom catalysts with structure and activity tunability have attracted significant attention for energy and environmental applications. Herein we present a first-principles study of single-atom catalysis on two-dimensional graphene and electride heterostr,题名/摘要明确显示 DFT、第一性原理、理论洞察或计算筛选为主，按纯理论计算归类。
T0106,Theoretical,Zn,carbon/other support,oxygen reduction reaction,Local Geometric Distortion to Stimulate Oxygen Reduction Activity of Atomically Dispersed Zn‐N x Sites for Zn–Air Batteries,Advanced Functional Materials,2023,Wiley,10.1002/adfm.202311337,https://doi.org/10.1002/adfm.202311337,https://onlinelibrary.wiley.com/doi/pdfdirect/10.1002/adfm.202311337,download_failed: HTTPError,,"本文关注 Zn 单原子位点在 carbon/other support 等载体上的催化行为，主要应用于oxygen reduction reaction。 文章以理论计算、稳定性分析或反应路径筛选为主，可用于建立结构-活性关系和筛选候选催化剂。 摘要要点：Abstract Local geometric strain engineering is useful for modulating the performance of nitrogen‐coordinated transition metal‐carbon catalysts. However, realizing the nano‐level strain is technically challenging. Additionally, the structure‐property relationsh",题名/摘要明确显示 DFT、第一性原理、理论洞察或计算筛选为主，按纯理论计算归类。
T0107,Theoretical,Mn; Fe; Co; Ni; Cu,carbon nitride,hydrogen evolution reaction,Macroporous Carbon-Nitride-Supported Transition-Metal Single-Atom Catalysts for Photocatalytic Hydrogen Production from Ammonia Splitting,ACS Catalysis,2023,American Chemical Society,10.1021/acscatal.3c02076,https://doi.org/10.1021/acscatal.3c02076,,no_open_pdf_in_metadata,,"本文关注 Mn, Fe, Co, Ni, Cu 单原子位点在 carbon nitride 等载体上的催化行为，主要应用于hydrogen evolution reaction。 文章以理论计算、稳定性分析或反应路径筛选为主，可用于建立结构-活性关系和筛选候选催化剂。 摘要要点：Ammonia (NH3) splitting to hydrogen (H2) is a promising route for on-site production of green hydrogen energy; however, the application is limited due to high-cost noble-metal-based catalysts and high operating temperature of the endothermic nature. Herein, we",题名/摘要明确显示 DFT、第一性原理、理论洞察或计算筛选为主，按纯理论计算归类。
T0108,Theoretical,Fe; Cu; Pt,graphene,oxygen reduction reaction,Mechanistic Insight into Dual-Metal-Site Catalysts for the Oxygen Reduction Reaction,ACS Catalysis,2023,American Chemical Society,10.1021/acscatal.3c00090,https://doi.org/10.1021/acscatal.3c00090,,no_open_pdf_in_metadata,,"本文关注 Fe, Cu, Pt 单原子位点在 graphene 等载体上的催化行为，主要应用于oxygen reduction reaction。 文章以理论计算、稳定性分析或反应路径筛选为主，可用于建立结构-活性关系和筛选候选催化剂。 摘要要点：Incorporating a second transition metal to iron–nitrogen–carbon single-atom catalysts (Fe–N–C SACs) to design dual-metal-site catalysts (DMSCs) was demonstrated to offer a promising opportunity to enhance the oxygen reduction reaction (ORR). However, due to th",计算关键词占主导，按纯理论计算归类。
T0109,Theoretical,Ni,N-doped carbon,hydrogenation,Mechanistic insights into the catalytic transfer hydrogenation of furfural to furfuryl alcohol over a N-doped carbon-supported Ni single atom catalyst from first principles,New Journal of Chemistry,2023,Royal Society of Chemistry,10.1039/d3nj01413d,https://doi.org/10.1039/d3nj01413d,,no_open_pdf_in_metadata,,本文关注 Ni 单原子位点在 N-doped carbon 等载体上的催化行为，主要应用于hydrogenation。 文章以理论计算、稳定性分析或反应路径筛选为主，可用于建立结构-活性关系和筛选候选催化剂。 摘要要点：First-principles calculations reveal the catalytic active sites and the reaction mechanism of the catalytic transfer hydrogenation of furfural to furfuryl alcohol over a N-doped carbon-supported Ni single atom catalyst.,题名明确包含 computational、DFT、screening、theoretical 或 first-principles 等词，按纯理论计算归类。
T0110,Theoretical,Mn,N-doped graphene,catalysis,MnNi@NG: A Highly Promising Cathode for Accelerating Sulfur Redox Kinetics in Lithium–Sulfur Batteries,The Journal of Physical Chemistry C,2023,American Chemical Society,10.1021/acs.jpcc.3c06511,https://doi.org/10.1021/acs.jpcc.3c06511,,no_open_pdf_in_metadata,,"本文关注 Mn 单原子位点在 N-doped graphene 等载体上的催化行为，主要应用于catalysis。 文章以理论计算、稳定性分析或反应路径筛选为主，可用于建立结构-活性关系和筛选候选催化剂。 摘要要点：One of the primary challenges in the practical application of lithium–sulfur (Li–S) batteries lies in the sluggish kinetics of the sulfur reduction reaction (SRR). In this study, we propose a solution to this issue by introducing heteronuclear Mn–X (X = Fe, Co",题名/摘要明确显示 DFT、第一性原理、理论洞察或计算筛选为主，按纯理论计算归类。
T0111,Theoretical,Fe; Co,graphene,oxygen reduction reaction,Oxygen Reduction Reaction on Single-Atom Catalysts From Density Functional Theory Calculations Combined with an Implicit Solvation Model,The Journal of Physical Chemistry C,2023,American Chemical Society,10.1021/acs.jpcc.3c02224,https://doi.org/10.1021/acs.jpcc.3c02224,https://arxiv.org/pdf/2402.17261,downloaded_open_access_pdf,Theoretical/Fe/pdfs/T0111_Oxygen_Reduction_Reaction_on_Single-Atom_Catalysts_From_Density_Functional_Theory_Calculat.pdf,"本文关注 Fe, Co 单原子位点在 graphene 等载体上的催化行为，主要应用于oxygen reduction reaction。 文章以理论计算、稳定性分析或反应路径筛选为主，可用于建立结构-活性关系和筛选候选催化剂。 摘要要点：We present a density functional theory study of the oxygen reduction reaction (ORR) on a single atom catalyst embedded in graphene, namely, TM–N4–C (TM = Fe and Co), using the effective screening medium method combined with the reference interaction site model",题名/摘要明确显示 DFT、第一性原理、理论洞察或计算筛选为主，按纯理论计算归类。
T0112,Theoretical,Cr; Mn; Fe; Co,N-doped graphene,hydrogen evolution reaction,Predicting the Stability of Single-Atom Catalysts in Electrochemical Reactions,ACS Catalysis,2023,American Chemical Society,10.1021/acscatal.3c04801,https://doi.org/10.1021/acscatal.3c04801,https://boa.unimib.it/bitstream/10281/455849/2/Di%20Liberto-Giordano-Pacchioni-2024-ACS%20Catalysis-VoR.pdf,download_failed: HTTPError,,"本文关注 Cr, Mn, Fe, Co 单原子位点在 N-doped graphene 等载体上的催化行为，主要应用于hydrogen evolution reaction。 文章以理论计算、稳定性分析或反应路径筛选为主，可用于建立结构-活性关系和筛选候选催化剂。 摘要要点：The attention toward single-atom catalysts (SACs) for electrochemical processes is growing at an impressive pace. Electronic structure calculations play an important role in this race by providing proposals of potentially relevant catalysts based on screening",题名/摘要明确显示 DFT、第一性原理、理论洞察或计算筛选为主，按纯理论计算归类。
T0113,Theoretical,Fe; Ni; Rh; Pt,graphene,hydrogen evolution reaction,Screening Graphene Supported Nitrogen-Coordinated Single-Atom Catalysts for Lithium Polysulfide Conversion in Lithium–Sulfur Batteries,The Journal of Physical Chemistry C,2023,American Chemical Society,10.1021/acs.jpcc.3c06017,https://doi.org/10.1021/acs.jpcc.3c06017,,no_open_pdf_in_metadata,,"本文关注 Fe, Ni, Rh, Pt 单原子位点在 graphene 等载体上的催化行为，主要应用于hydrogen evolution reaction。 文章以理论计算、稳定性分析或反应路径筛选为主，可用于建立结构-活性关系和筛选候选催化剂。 摘要要点：The shuttle effect of lithium polysulfides (Li/PSs) is considered one of the barriers that limits the practical application of lithium–sulfur batteries. Single-atom catalysts (SACs) with modified coordination environments and colorful central metal atoms could",题名明确包含 computational、DFT、screening、theoretical 或 first-principles 等词，按纯理论计算归类。
T0114,Theoretical,Fe,N-doped graphene,CO2 reduction/conversion,Selective Oxidation of CH 4 to CH 3 OH by Transition-Metal Single-Atom-Embedded N-Doped Graphene Catalysts with Oxidants N 2 O and O 2 : Oxygen Adsorption Energy as an Activity Descriptor,The Journal of Physical Chemistry C,2023,American Chemical Society,10.1021/acs.jpcc.3c00549,https://doi.org/10.1021/acs.jpcc.3c00549,,no_open_pdf_in_metadata,,"本文关注 Fe 单原子位点在 N-doped graphene 等载体上的催化行为，主要应用于CO2 reduction/conversion。 文章以理论计算、稳定性分析或反应路径筛选为主，可用于建立结构-活性关系和筛选候选催化剂。 摘要要点：Direct conversion of CH4 to CH3OH in an economical and environmentally friendly way is a highly desirable process, and the development of easily accessible activity descriptors can promote the design of high-performance catalysts for the achievement of this ch",题名/摘要明确显示 DFT、第一性原理、理论洞察或计算筛选为主，按纯理论计算归类。
T0115,Theoretical,Mixed_or_unclear,carbon/other support,oxygen reduction reaction,Surface Curvature Effect on Dual-Atom Site Oxygen Electrocatalysis,ACS Energy Letters,2023,American Chemical Society,10.1021/acsenergylett.3c00068,https://doi.org/10.1021/acsenergylett.3c00068,https://pmc.ncbi.nlm.nih.gov/articles/PMC10013177/pdf/nz3c00068.pdf,open_url_not_pdf,,"本文关注 Mixed_or_unclear 单原子位点在 carbon/other support 等载体上的催化行为，主要应用于oxygen reduction reaction。 文章以理论计算、稳定性分析或反应路径筛选为主，可用于建立结构-活性关系和筛选候选催化剂。 摘要要点：Improved oxygen electrocatalysis is crucial for the ever-growing energy demand. Metal-nitrogen-carbon (M-N-C) materials are promising candidates for catalysts. Their activity is tunable via varying electronic and geometric properties, such as porosity. Because",题名/摘要明确显示 DFT、第一性原理、理论洞察或计算筛选为主，按纯理论计算归类。
T0116,Theoretical,Mixed_or_unclear,carbon/other support,hydrogen evolution reaction,Surface states of dual-atom catalysts should be considered for analysis of electrocatalytic activity,Communications Chemistry,2023,Nature Portfolio,10.1038/s42004-022-00810-4,https://doi.org/10.1038/s42004-022-00810-4,https://www.nature.com/articles/s42004-022-00810-4.pdf,open_url_not_pdf,,"本文关注 Mixed_or_unclear 单原子位点在 carbon/other support 等载体上的催化行为，主要应用于hydrogen evolution reaction。 文章以理论计算、稳定性分析或反应路径筛选为主，可用于建立结构-活性关系和筛选候选催化剂。 摘要要点：Experimentally well-characterized dual-atom catalysts (DACs), where two adjacent metal atoms are stably anchored on carbon defects, have shown some clear advantages in electrocatalysis compared to conventional catalysts and emerging single-atom catalysts. Howe",计算关键词占主导，按纯理论计算归类。
T0117,Theoretical,Fe; Co; Ni; Cu,N-doped graphene,oxygen evolution reaction,Synergy of dual-atom catalysts deviated from the scaling relationship for oxygen evolution reaction,Nature Communications,2023,Nature Portfolio,10.1038/s41467-023-40177-1,https://doi.org/10.1038/s41467-023-40177-1,https://www.nature.com/articles/s41467-023-40177-1.pdf,open_url_not_pdf,,"本文关注 Fe, Co, Ni, Cu 单原子位点在 N-doped graphene 等载体上的催化行为，主要应用于oxygen evolution reaction。 文章以理论计算、稳定性分析或反应路径筛选为主，可用于建立结构-活性关系和筛选候选催化剂。 摘要要点：Dual-atom catalysts, particularly those with heteronuclear active sites, have the potential to outperform the well-established single-atom catalysts for oxygen evolution reaction, but the underlying mechanistic understanding is still lacking. Herein, a large-s",题名/摘要明确显示 DFT、第一性原理、理论洞察或计算筛选为主，按纯理论计算归类。
T0118,Theoretical,Fe,carbon/other support,oxygen reduction reaction,The Heterointerface between Fe 1 /NC and Selenides Boosts Reversible Oxygen Electrocatalysis,Advanced Functional Materials,2023,Wiley,10.1002/adfm.202300815,https://doi.org/10.1002/adfm.202300815,,no_open_pdf_in_metadata,,本文关注 Fe 单原子位点在 carbon/other support 等载体上的催化行为，主要应用于oxygen reduction reaction。 文章以理论计算、稳定性分析或反应路径筛选为主，可用于建立结构-活性关系和筛选候选催化剂。 摘要要点：Abstract The rational design and construction of efficient and inexpensive bifunctional oxygen electrocatalysts are highly desirable for the development of rechargeable Zn–air batteries (ZABs). Although single‐atom Fe sites anchored on N‐doped carbon catalysts,题名/摘要明确显示 DFT、第一性原理、理论洞察或计算筛选为主，按纯理论计算归类。
T0119,Theoretical,Mixed_or_unclear,carbon nitride,oxygen reduction reaction,Theoretical prediction of emerging high-performance trifunctional ORR/OER/HER single-atom catalysts: transition metals anchored into π–π conjugated graphitic carbon nitride (g-C 10 N 3 ),Physical Chemistry Chemical Physics,2023,Royal Society of Chemistry,10.1039/d3cp04142e,https://doi.org/10.1039/d3cp04142e,,no_open_pdf_in_metadata,,"本文关注 Mixed_or_unclear 单原子位点在 carbon nitride 等载体上的催化行为，主要应用于oxygen reduction reaction。 文章以理论计算、稳定性分析或反应路径筛选为主，可用于建立结构-活性关系和筛选候选催化剂。 摘要要点：, and even at a high temperature of 500 K, the structures of these two catalysts have no significant distortion after 2 ps simulations. Our calculations will provide clear guidance for future experimental synthesis and design of such catalysts.",题名明确包含 computational、DFT、screening、theoretical 或 first-principles 等词，按纯理论计算归类。
T0120,Theoretical,V; Fe,carbon/other support,oxygen reduction reaction,Theory‐guided Design of Atomically Dispersed Dual‐Metal Catalysts for Superior Oxygen Reduction Reaction Activity,ChemCatChem,2023,Wiley,10.1002/cctc.202300534,https://doi.org/10.1002/cctc.202300534,https://onlinelibrary.wiley.com/doi/pdfdirect/10.1002/cctc.202300534,download_failed: HTTPError,,"本文关注 V, Fe 单原子位点在 carbon/other support 等载体上的催化行为，主要应用于oxygen reduction reaction。 文章以理论计算、稳定性分析或反应路径筛选为主，可用于建立结构-活性关系和筛选候选催化剂。 摘要要点：Abstract The widespread application of electrochemical energy conversion devices, such as proton exchange membrane fuel cells, is hindered by the kinetically sluggish oxygen reduction reaction (ORR) at the cathode. Transition‐metal and nitrogen codoped carbon",题名/摘要明确显示 DFT、第一性原理、理论洞察或计算筛选为主，按纯理论计算归类。
T0121,Theoretical,Fe; Co; Pt,graphene,oxygen reduction reaction,Understanding the Pathway Switch of the Oxygen Reduction Reaction from Single- to Double-/Triple-Atom Catalysts: A Dual Channel for Electron Acceptance–Backdonation,JACS Au,2023,American Chemical Society,10.1021/jacsau.3c00432,https://doi.org/10.1021/jacsau.3c00432,https://pmc.ncbi.nlm.nih.gov/articles/PMC10685438/pdf/au3c00432.pdf,open_url_not_pdf,,"本文关注 Fe, Co, Pt 单原子位点在 graphene 等载体上的催化行为，主要应用于oxygen reduction reaction。 文章以理论计算、稳定性分析或反应路径筛选为主，可用于建立结构-活性关系和筛选候选催化剂。 摘要要点：Recently, a lot of attention has been dedicated to double- or triple-atom catalysts (DACs/TACs) as promising alternatives to platinum-based catalysts for the oxygen reduction reaction (ORR) in fuel cell applications. However, the ORR activity of DACs/TACs is u",题名/摘要明确显示 DFT、第一性原理、理论洞察或计算筛选为主，按纯理论计算归类。
T0122,Theoretical,Mixed_or_unclear,graphene oxide,oxygen reduction reaction,2D Carbonaceous Materials for Molecular Transport and Functional Interfaces: Simulations and Insights,Accounts of Chemical Research,2024,American Chemical Society,10.1021/acs.accounts.4c00398,https://doi.org/10.1021/acs.accounts.4c00398,https://pubs.acs.org/doi/pdf/10.1021/acs.accounts.4c00398?ref=article_openPDF,download_failed: HTTPError,,"本文关注 Mixed_or_unclear 单原子位点在 graphene oxide 等载体上的催化行为，主要应用于oxygen reduction reaction。 文章以理论计算、稳定性分析或反应路径筛选为主，可用于建立结构-活性关系和筛选候选催化剂。 摘要要点：ConspectusCarbon-based two-dimensional (2D) functional materials exhibit potential across a wide spectrum of applications from chemical separations to catalysis and energy storage and conversion. In this Account, we focus on recent advances in the manipulation",题名/摘要明确显示 DFT、第一性原理、理论洞察或计算筛选为主，按纯理论计算归类。
T0123,Theoretical,Fe; Ni; Zn,carbon/other support,oxygen reduction reaction,A Bifunctional Iron‐Nickel Oxygen Reduction/Oxygen Evolution Catalyst for High‐Performance Rechargeable Zinc–Air Batteries,Small,2024,Wiley,10.1002/smll.202409161,https://doi.org/10.1002/smll.202409161,https://onlinelibrary.wiley.com/doi/pdfdirect/10.1002/smll.202409161,download_failed: HTTPError,,"本文关注 Fe, Ni, Zn 单原子位点在 carbon/other support 等载体上的催化行为，主要应用于oxygen reduction reaction。 文章以理论计算、稳定性分析或反应路径筛选为主，可用于建立结构-活性关系和筛选候选催化剂。 摘要要点：Abstract Efficient and robust electrocatalysts for the oxygen reduction reaction (ORR) and oxygen evolution reaction (OER) are crucial for fuel cells, metal‐air batteries, and other energy technologies. Here, a highly stable, efficient bifunctional OER/ORR ele",题名/摘要明确显示 DFT、第一性原理、理论洞察或计算筛选为主，按纯理论计算归类。
T0124,Theoretical,V; Mn; Fe; Co; Ni; Cu; Ru,carbon nitride,oxygen reduction reaction,A First-Principles and Machine Learning Study on Design of Graphitic Carbon Nitride-Based Single-Atom Photocatalysts,ACS Applied Nano Materials,2024,American Chemical Society,10.1021/acsanm.4c01412,https://doi.org/10.1021/acsanm.4c01412,,no_open_pdf_in_metadata,,"本文关注 V, Mn, Fe, Co, Ni, Cu, Ru 单原子位点在 carbon nitride 等载体上的催化行为，主要应用于oxygen reduction reaction。 文章以理论计算、稳定性分析或反应路径筛选为主，可用于建立结构-活性关系和筛选候选催化剂。 摘要要点：Photocatalytic nitrogen fixation offers an efficient, environmentally friendly, and energy-saving approach for ammonia synthesis. In this study, semiconductor materials, particularly graphitic carbon nitride (g-C3N4) combined with single metal atoms, were theo",题名明确包含 computational、DFT、screening、theoretical 或 first-principles 等词，按纯理论计算归类。
T0125,Theoretical,Mixed_or_unclear,graphene,oxygen reduction reaction,"A theoretical investigation on the OER and ORR activity of graphene-based TM–N 3 and TM–N 2 X (X = B, C, O, P) single atom catalysts by density functional theory calculations",Physical Chemistry Chemical Physics,2024,Royal Society of Chemistry,10.1039/d4cp03779k,https://doi.org/10.1039/d4cp03779k,,no_open_pdf_in_metadata,,"本文关注 Mixed_or_unclear 单原子位点在 graphene 等载体上的催化行为，主要应用于oxygen reduction reaction。 文章以理论计算、稳定性分析或反应路径筛选为主，可用于建立结构-活性关系和筛选候选催化剂。 摘要要点：site in TM-N-C, which could benefit the further development of graphene-based SACs for fuel cells and renewable energy applications.",题名明确包含 computational、DFT、screening、theoretical 或 first-principles 等词，按纯理论计算归类。
T0126,Theoretical,In,carbon nitride,oxygen reduction reaction,Accumulation of Long‐Lived Photogenerated Holes at Indium Single‐Atom Catalysts via Two Coordinate Nitrogen Vacancy Defect Engineering for Enhanced Photocatalytic Oxidation,Advanced Materials,2024,,10.1002/adma.202309205,https://doi.org/10.1002/adma.202309205,https://onlinelibrary.wiley.com/doi/pdfdirect/10.1002/adma.202309205,download_failed: HTTPError,,"本文关注 In 单原子位点在 carbon nitride 等载体上的催化行为，主要应用于oxygen reduction reaction。 文章以理论计算、稳定性分析或反应路径筛选为主，可用于建立结构-活性关系和筛选候选催化剂。 摘要要点：Visible-light-driven photocatalytic oxidation by photogenerated holes has immense potential for environmental remediation applications. While the electron-mediated photoreduction reactions are often at the spotlight, active holes possess a remarkable oxidation",题名/摘要显示以 DFT、第一性原理或计算筛选为主，未识别到实验合成/表征关键词。
T0127,Theoretical,V; Fe; Mo,graphene,CO2 reduction/conversion,Advancing CO 2 RR with O-Coordinated Single-Atom Nanozymes: A DFT and Machine Learning Exploration,ACS Catalysis,2024,American Chemical Society,10.1021/acscatal.4c02799,https://doi.org/10.1021/acscatal.4c02799,,no_open_pdf_in_metadata,,"本文关注 V, Fe, Mo 单原子位点在 graphene 等载体上的催化行为，主要应用于CO2 reduction/conversion。 文章以理论计算、稳定性分析或反应路径筛选为主，可用于建立结构-活性关系和筛选候选催化剂。 摘要要点：Electrochemical CO2 reduction reaction (CO2RR) offers a promising route toward zero-carbon emissions. Recently emerged single-atom nanozymes (SANs), which combine the advantages of single-atom catalysts (SACs) and nanozymes, show potential in CO2RR electrocata",题名明确包含 computational、DFT、screening、theoretical 或 first-principles 等词，按纯理论计算归类。
T0128,Theoretical,Co,carbon/other support,oxygen reduction reaction,Balancing Activity and Selectivity in Two‐Electron Oxygen Reduction through First Coordination Shell Engineering in Cobalt Single Atom Catalysts,Angewandte Chemie International Edition,2024,Wiley,10.1002/anie.202416070,https://doi.org/10.1002/anie.202416070,https://onlinelibrary.wiley.com/doi/pdfdirect/10.1002/anie.202416070,download_failed: HTTPError,,"本文关注 Co 单原子位点在 carbon/other support 等载体上的催化行为，主要应用于oxygen reduction reaction。 文章以理论计算、稳定性分析或反应路径筛选为主，可用于建立结构-活性关系和筛选候选催化剂。 摘要要点：Abstract The electrochemical two‐electron oxygen reduction reaction (2e − ORR) offers a potentially cost‐effective and eco‐friendly route for the production of hydrogen peroxide (H 2 O 2 ). However, the competing 4e − ORR that converts oxygen to water limits t",题名/摘要明确显示 DFT、第一性原理、理论洞察或计算筛选为主，按纯理论计算归类。
T0129,Theoretical,Co,carbon/other support,oxygen reduction reaction,Balancing Activity and Selectivity in Two‐Electron Oxygen Reduction through First Coordination Shell Engineering in Cobalt Single Atom Catalysts,Angewandte Chemie,2024,Wiley,10.1002/ange.202416070,https://doi.org/10.1002/ange.202416070,https://onlinelibrary.wiley.com/doi/pdfdirect/10.1002/ange.202416070,download_failed: HTTPError,,"本文关注 Co 单原子位点在 carbon/other support 等载体上的催化行为，主要应用于oxygen reduction reaction。 文章以理论计算、稳定性分析或反应路径筛选为主，可用于建立结构-活性关系和筛选候选催化剂。 摘要要点：Abstract The electrochemical two‐electron oxygen reduction reaction (2e − ORR) offers a potentially cost‐effective and eco‐friendly route for the production of hydrogen peroxide (H 2 O 2 ). However, the competing 4e − ORR that converts oxygen to water limits t",题名/摘要明确显示 DFT、第一性原理、理论洞察或计算筛选为主，按纯理论计算归类。
T0130,Theoretical,Fe,carbon/other support,oxygen reduction reaction,Benchmarking pH-field coupled microkinetic modeling against oxygen reduction in large-scale Fe–azaphthalocyanine catalysts,Chemical Science,2024,Royal Society of Chemistry,10.1039/d4sc00473f,https://doi.org/10.1039/d4sc00473f,https://pubs.rsc.org/en/content/articlepdf/2024/sc/d4sc00473f,downloaded_open_access_pdf,Theoretical/Fe/pdfs/T0130_Benchmarking_pH-field_coupled_microkinetic_modeling_against_oxygen_reduction_in_large-scal.pdf,"本文关注 Fe 单原子位点在 carbon/other support 等载体上的催化行为，主要应用于oxygen reduction reaction。 文章以理论计算、稳定性分析或反应路径筛选为主，可用于建立结构-活性关系和筛选候选催化剂。 摘要要点：calculations and electric field-pH coupled simulations to analyze the pH-dependent ORR performance of carbon-supported Fe-AzPcs with varying surrounding functional groups. In particular, this study incorporates large molecular structures with complex long-chai",题名/摘要显示以 DFT、第一性原理或计算筛选为主，未识别到实验合成/表征关键词。
T0131,Theoretical,Ti; Pt,MXene,hydrogen evolution reaction,"Computational Screening of Pt 1 @Ti 3 C 2 T 2 (T = O, S) MXene Catalysts for Water–Gas Shift Reaction",Precision Chemistry,2024,American Chemical Society,10.1021/prechem.3c00104,https://doi.org/10.1021/prechem.3c00104,https://pubs.acs.org/doi/pdf/10.1021/prechem.3c00104,download_failed: HTTPError,,"本文关注 Ti, Pt 单原子位点在 MXene 等载体上的催化行为，主要应用于hydrogen evolution reaction。 文章以理论计算、稳定性分析或反应路径筛选为主，可用于建立结构-活性关系和筛选候选催化剂。 摘要要点：Single-atom catalysts (SACs) provide an opportunity to elucidate the catalytic mechanism of complex reactions in heterogeneous catalysis. The low-temperature water–gas shift (WGS) reaction is an important industrial technology to obtain high purity hydrogen. H",题名明确包含 computational、DFT、screening、theoretical 或 first-principles 等词，按纯理论计算归类。
T0132,Theoretical,V,carbon nitride,CO2 reduction/conversion,Computational Study of Electrochemical CO 2 Reduction on 2D Graphitic Carbon Nitride Supported Single‐Atom (Al and P) Catalysts (SACs),ChemPhysChem,2024,Wiley,10.1002/cphc.202400908,https://doi.org/10.1002/cphc.202400908,,no_open_pdf_in_metadata,,"本文关注 V 单原子位点在 carbon nitride 等载体上的催化行为，主要应用于CO2 reduction/conversion。 文章以理论计算、稳定性分析或反应路径筛选为主，可用于建立结构-活性关系和筛选候选催化剂。 摘要要点：Abstract To mitigate the adverse effects of CO 2 emissions, CO 2 electroreduction to small organic products is a preferable solution and potential catalysts include the single‐atom catalyst (SAC) which comprises individual atoms dispersed on 2D materials. Here",题名明确包含 computational、DFT、screening、theoretical 或 first-principles 等词，按纯理论计算归类。
T0133,Theoretical,Mixed_or_unclear,graphene,hydrogen evolution reaction,Computational screening of pyrazine-based graphene-supported transition metals as single-atom catalysts for the nitrogen reduction reaction,Dalton Transactions,2024,Royal Society of Chemistry,10.1039/d4dt01363h,https://doi.org/10.1039/d4dt01363h,,no_open_pdf_in_metadata,,"本文关注 Mixed_or_unclear 单原子位点在 graphene 等载体上的催化行为，主要应用于hydrogen evolution reaction。 文章以理论计算、稳定性分析或反应路径筛选为主，可用于建立结构-活性关系和筛选候选催化剂。 摘要要点：@py-GY SACs is demonstrated to ensure their feasibility in real experimental conditions. Furthermore, electronic properties are also examined in detail to analyze activity origin. This work not only provides an effective and reliable method for screening elect",题名明确包含 computational、DFT、screening、theoretical 或 first-principles 等词，按纯理论计算归类。
T0134,Theoretical,Fe; Co; Ni; Cu,N-doped graphene,CO2 reduction/conversion,DFT Study on Effect of Metal Type and Coordination Environment on CO 2 ECR to C 1 Products over M–N–C Catalysts,Langmuir,2024,American Chemical Society,10.1021/acs.langmuir.4c00590,https://doi.org/10.1021/acs.langmuir.4c00590,,no_open_pdf_in_metadata,,"本文关注 Fe, Co, Ni, Cu 单原子位点在 N-doped graphene 等载体上的催化行为，主要应用于CO2 reduction/conversion。 文章以理论计算、稳定性分析或反应路径筛选为主，可用于建立结构-活性关系和筛选候选催化剂。 摘要要点：Electrocatalytic reduction (ECR) of CO2 to chemical products is an important carbon emission reduction method. This work uses DFT to study the stability of N-doped graphene-supported four metal single-atom catalysts (M–N–C) and the effects of the coordination",题名明确包含 computational、DFT、screening、theoretical 或 first-principles 等词，按纯理论计算归类。
T0135,Theoretical,Mo,graphene,nitrogen reduction/ammonia synthesis,"Designing N, P-doped graphene surface-supported Mo single-atom catalysts for efficient conversion of nitrogen into ammonia: a computational guideline",Nanoscale Advances,2024,Royal Society of Chemistry,10.1039/d4na00298a,https://doi.org/10.1039/d4na00298a,https://pubs.rsc.org/en/content/articlepdf/2024/na/d4na00298a,downloaded_open_access_pdf,Theoretical/Mo/pdfs/T0135_Designing_N_P-doped_graphene_surface-supported_Mo_single-atom_catalysts_for_efficient_conv.pdf,本文关注 Mo 单原子位点在 graphene 等载体上的催化行为，主要应用于nitrogen reduction/ammonia synthesis。 文章以理论计算、稳定性分析或反应路径筛选为主，可用于建立结构-活性关系和筛选候选催化剂。 摘要要点：Tuning the surroundings of single-atom catalysts (SACs) has been recognized as a successful approach to enhance their electrocatalytic efficiency.,题名明确包含 computational、DFT、screening、theoretical 或 first-principles 等词，按纯理论计算归类。
T0136,Theoretical,V,graphene,hydrogen evolution reaction,Designing V Single Atom Embedded Carbon Moiety for the Electrocatalytic Nitrogen Reduction Reaction by First Principles Study,ChemPhysChem,2024,Wiley,10.1002/cphc.202400379,https://doi.org/10.1002/cphc.202400379,https://onlinelibrary.wiley.com/doi/pdfdirect/10.1002/cphc.202400379,download_failed: HTTPError,,"本文关注 V 单原子位点在 graphene 等载体上的催化行为，主要应用于hydrogen evolution reaction。 文章以理论计算、稳定性分析或反应路径筛选为主，可用于建立结构-活性关系和筛选候选催化剂。 摘要要点：Abstract Development of an efficient electrocatalyst for the nitrogen reduction reaction (NRR) to serve as a sustainable alternative to the Haber‐Bosch process has proven highly challenging. Single atom catalysts (SACs), which have the maximum atom utilization",题名明确包含 computational、DFT、screening、theoretical 或 first-principles 等词，按纯理论计算归类。
T0137,Theoretical,Fe; Mo,MoS2,hydrogen evolution reaction,Engineering Spin Polarization of the Surface-Adsorbed Fe Atom by Intercalating a Transition Metal Atom into the MoS 2 Bilayer for Enhanced Nitrogen Reduction,JACS Au,2024,American Chemical Society,10.1021/jacsau.4c00030,https://doi.org/10.1021/jacsau.4c00030,https://pubs.acs.org/doi/pdf/10.1021/jacsau.4c00030,download_failed: HTTPError,,"本文关注 Fe, Mo 单原子位点在 MoS2 等载体上的催化行为，主要应用于hydrogen evolution reaction。 文章以理论计算、稳定性分析或反应路径筛选为主，可用于建立结构-活性关系和筛选候选催化剂。 摘要要点：The precise control of spin states in transition metal (TM)-based single-atom catalysts (SACs) is crucial for advancing the functionality of electrocatalysts, yet it presents significant scientific challenges. Using density functional theory (DFT) calculations",题名/摘要明确显示 DFT、第一性原理、理论洞察或计算筛选为主，按纯理论计算归类。
T0138,Theoretical,Cu,graphene,CO2 reduction/conversion,Enhanced CO 2 Reduction on a Cu-Decorated Single-Atom Catalyst via an Inverse Sandwich M-Graphene-Cu Structure,The Journal of Physical Chemistry Letters,2024,American Chemical Society,10.1021/acs.jpclett.4c01858,https://doi.org/10.1021/acs.jpclett.4c01858,,no_open_pdf_in_metadata,,本文关注 Cu 单原子位点在 graphene 等载体上的催化行为，主要应用于CO2 reduction/conversion。 文章以理论计算、稳定性分析或反应路径筛选为主，可用于建立结构-活性关系和筛选候选催化剂。 摘要要点：The highly active and selective electrochemical CO2 reduction reaction (CO2RR) can be exploited to produce valuable chemicals and fuels and is also crucial for achieving clean energy goals and environmental remediation. Decorated single-atom catalysts (D-SACs),题名/摘要明确显示 DFT、第一性原理、理论洞察或计算筛选为主，按纯理论计算归类。
T0139,Theoretical,Ni,graphene,CO2 reduction/conversion,Enhancing d Electrons’ Delocalization of the Single-Atom Ni–N 4 Site to Boost Electrochemical CO 2 Reduction to CO by Axial d–d Orbital Coupling,The Journal of Physical Chemistry C,2024,American Chemical Society,10.1021/acs.jpcc.4c00493,https://doi.org/10.1021/acs.jpcc.4c00493,,no_open_pdf_in_metadata,,"本文关注 Ni 单原子位点在 graphene 等载体上的催化行为，主要应用于CO2 reduction/conversion。 文章以理论计算、稳定性分析或反应路径筛选为主，可用于建立结构-活性关系和筛选候选催化剂。 摘要要点：Atomically dispersed nitrogen-coordinated transition metal (TM) anchored on graphene (TM–Nx–C) provides a promising potential for an electrochemical CO2 reduction reaction (CO2RR). However, it is still a challenge to precisely control the electronic structures",题名/摘要明确显示 DFT、第一性原理、理论洞察或计算筛选为主，按纯理论计算归类。
T0140,Theoretical,Co,graphene,oxygen reduction reaction,Exceptionally Stable Cobalt Nanoclusters on Functionalized Graphene,Small Structures,2024,Wiley,10.1002/sstr.202400055,https://doi.org/10.1002/sstr.202400055,https://onlinelibrary.wiley.com/doi/pdfdirect/10.1002/sstr.202400055,download_failed: HTTPError,,"本文关注 Co 单原子位点在 graphene 等载体上的催化行为，主要应用于oxygen reduction reaction。 文章以理论计算、稳定性分析或反应路径筛选为主，可用于建立结构-活性关系和筛选候选催化剂。 摘要要点：To improve reactivity and achieve a higher material efficiency, catalysts are often used in the form of clusters with nanometer dimensions, down to single atoms. Since the corresponding properties are highly structure‐dependent, a suitable support is thus requ",题名/摘要明确显示 DFT、第一性原理、理论洞察或计算筛选为主，按纯理论计算归类。
T0141,Theoretical,Fe,graphene,CO2 reduction/conversion,FeN 4 -Embedded Graphene as a Highly Sensitive and Selective Single-Atom Sensor for Reaction Intermediates of Electrochemical CO 2 Reduction,ACS Omega,2024,American Chemical Society,10.1021/acsomega.4c04465,https://doi.org/10.1021/acsomega.4c04465,https://pubs.acs.org/doi/pdf/10.1021/acsomega.4c04465,download_failed: HTTPError,,"本文关注 Fe 单原子位点在 graphene 等载体上的催化行为，主要应用于CO2 reduction/conversion。 文章以理论计算、稳定性分析或反应路径筛选为主，可用于建立结构-活性关系和筛选候选催化剂。 摘要要点：Exploring effective ways to detect intermediates during the electrochemical CO2 reduction reaction (CO2RR) process is pivotal for understanding reaction pathways and underlying mechanisms. Recently, two-dimensional FeN4-embedded graphene has received increasin",题名/摘要明确显示 DFT、第一性原理、理论洞察或计算筛选为主，按纯理论计算归类。
T0142,Theoretical,Fe,graphene,oxygen reduction reaction,Graphene-based iron single-atom catalysts for electrocatalytic nitric oxide reduction: a first-principles study,Nanoscale,2024,Royal Society of Chemistry,10.1039/d4nr00028e,https://doi.org/10.1039/d4nr00028e,,no_open_pdf_in_metadata,,本文关注 Fe 单原子位点在 graphene 等载体上的催化行为，主要应用于oxygen reduction reaction。 文章以理论计算、稳定性分析或反应路径筛选为主，可用于建立结构-活性关系和筛选候选催化剂。 摘要要点：The electrocatalytic NO reduction reaction (NORR) emerges as an intriguing strategy to convert harmful NO into valuable NH 3 .,题名明确包含 computational、DFT、screening、theoretical 或 first-principles 等词，按纯理论计算归类。
T0143,Theoretical,Co; Ni,carbon nitride,catalysis,Graphitic carbon nitride supported Ni–Co dual-atom catalysts beyond Ni 1 (Co 1 ) single-atom catalysts for hydrogen production: a density functional theory study,Physical Chemistry Chemical Physics,2024,Royal Society of Chemistry,10.1039/d4cp00616j,https://doi.org/10.1039/d4cp00616j,,no_open_pdf_in_metadata,,"本文关注 Co, Ni 单原子位点在 carbon nitride 等载体上的催化行为，主要应用于catalysis。 文章以理论计算、稳定性分析或反应路径筛选为主，可用于建立结构-活性关系和筛选候选催化剂。 摘要要点：at an appropriate H coverage, which is comparable to Pt under analogous conditions. This strategy, derived from the inverted mold assumption, is deemed to be a simple and easy-to-operate method for designing and building metal aggregates confined inside the po",题名/摘要明确显示 DFT、第一性原理、理论洞察或计算筛选为主，按纯理论计算归类。
T0144,Theoretical,Mixed_or_unclear,carbon nitride,nitrogen reduction/ammonia synthesis,High-throughput screening of carbon nitride single-atom catalysts for nitrogen fixation based on machine learning,Journal of Materials Chemistry A,2024,Royal Society of Chemistry,10.1039/d4ta04370g,https://doi.org/10.1039/d4ta04370g,,no_open_pdf_in_metadata,,"本文关注 Mixed_or_unclear 单原子位点在 carbon nitride 等载体上的催化行为，主要应用于nitrogen reduction/ammonia synthesis。 文章以理论计算、稳定性分析或反应路径筛选为主，可用于建立结构-活性关系和筛选候选催化剂。 摘要要点：Compared with the traditional electrocatalyst screening of the nitrogen reduction reaction (NRR), machine learning (ML) has achieved high-throughput screening with less computational cost.",题名明确包含 computational、DFT、screening、theoretical 或 first-principles 等词，按纯理论计算归类。
T0145,Theoretical,Fe,graphene,oxygen reduction reaction,Influence of graphene on the electronic and magnetic properties of an iron( iii ) porphyrin chloride complex,Physical Chemistry Chemical Physics,2024,Royal Society of Chemistry,10.1039/d4cp01551g,https://doi.org/10.1039/d4cp01551g,,no_open_pdf_in_metadata,,"本文关注 Fe 单原子位点在 graphene 等载体上的催化行为，主要应用于oxygen reduction reaction。 文章以理论计算、稳定性分析或反应路径筛选为主，可用于建立结构-活性关系和筛选候选催化剂。 摘要要点：Although iron-based single atom catalysts are regarded as a promising alternative to precious metal catalysts, their precise electronic structures during catalysis still pose challenges for computational descriptions. A particularly urgent issue to be addresse",题名/摘要明确显示 DFT、第一性原理、理论洞察或计算筛选为主，按纯理论计算归类。
T0146,Theoretical,Fe; Ni; Cu,N-doped graphene,oxygen reduction reaction,Influence of the Atomic Local Environment on the ORR Activity of Single-Atom Catalysts in N-Doped Graphene,ACS Applied Energy Materials,2024,American Chemical Society,10.1021/acsaem.4c00518,https://doi.org/10.1021/acsaem.4c00518,,no_open_pdf_in_metadata,,"本文关注 Fe, Ni, Cu 单原子位点在 N-doped graphene 等载体上的催化行为，主要应用于oxygen reduction reaction。 文章以理论计算、稳定性分析或反应路径筛选为主，可用于建立结构-活性关系和筛选候选催化剂。 摘要要点：Using density functional theory, we have studied a graphene structure with a single C vacancy, doped with three pyridinic N atoms and a single metallic adatom (Fe, Ni, and Cu) as a catalyst for the oxygen reduction reaction (ORR), one of the most critical reac",题名/摘要明确显示 DFT、第一性原理、理论洞察或计算筛选为主，按纯理论计算归类。
T0147,Theoretical,Ti,carbon/other support,oxygen reduction reaction,Key Ingredients for the Screening of Single Atom Catalysts for the Hydrogen Evolution Reaction: The Case of Titanium Nitride,Small,2024,Wiley,10.1002/smll.202401058,https://doi.org/10.1002/smll.202401058,https://onlinelibrary.wiley.com/doi/pdfdirect/10.1002/smll.202401058,download_failed: HTTPError,,"本文关注 Ti 单原子位点在 carbon/other support 等载体上的催化行为，主要应用于oxygen reduction reaction。 文章以理论计算、稳定性分析或反应路径筛选为主，可用于建立结构-活性关系和筛选候选催化剂。 摘要要点：Abstract A computational screening of Single Atom Catalysts (SACs) bound to titanium nitride (TiN) is presented, for the Hydrogen Evolution Reaction (HER), based on density functional theory. The role of fundamental ingredients is explored to account for a rel",题名明确包含 computational、DFT、screening、theoretical 或 first-principles 等词，按纯理论计算归类。
T0148,Theoretical,Fe,carbon/other support,hydrogen evolution reaction,Long-range interactions driving neighboring Fe–N4 sites in Fenton-like reactions for sustainable water decontamination,Nature Communications,2024,Nature Portfolio,10.1038/s41467-024-52074-2,https://doi.org/10.1038/s41467-024-52074-2,https://www.nature.com/articles/s41467-024-52074-2.pdf,open_url_not_pdf,,"本文关注 Fe 单原子位点在 carbon/other support 等载体上的催化行为，主要应用于hydrogen evolution reaction。 文章以理论计算、稳定性分析或反应路径筛选为主，可用于建立结构-活性关系和筛选候选催化剂。 摘要要点：Actualizing efficient and sustainable environmental catalysis is essential in global water pollution control. The single-atom Fenton-like process, as a promising technique, suffers from reducing potential environmental impacts of single-atom catalysts (SACs) s",题名/摘要明确显示 DFT、第一性原理、理论洞察或计算筛选为主，按纯理论计算归类。
T0149,Theoretical,Mixed_or_unclear,MXene,oxygen evolution reaction,MXenes Spontaneously Form Active and Selective Single-Atom Centers under Anodic Polarization Conditions,Journal of the American Chemical Society,2024,American Chemical Society,10.1021/jacs.4c08518,https://doi.org/10.1021/jacs.4c08518,https://pmc.ncbi.nlm.nih.gov/articles/PMC11726547/pdf/ja4c08518.pdf,open_url_not_pdf,,"本文关注 Mixed_or_unclear 单原子位点在 MXene 等载体上的催化行为，主要应用于oxygen evolution reaction。 文章以理论计算、稳定性分析或反应路径筛选为主，可用于建立结构-活性关系和筛选候选催化剂。 摘要要点：Single-atom catalysts (SACs) have emerged as a new class of materials for the development of active and selective catalysts. These materials are commonly based on anchoring a noble transition metal to some kind of carrier. In the present work, we demonstrate t",题名/摘要明确显示 DFT、第一性原理、理论洞察或计算筛选为主，按纯理论计算归类。
T0150,Theoretical,Ni,carbon nitride,CO2 reduction/conversion,Mechanistic study of the competition between carbon dioxide reduction and hydrogen evolution reaction and selectivity tuning via loading single-atom catalysts on graphitic carbon nitride,Nanoscale,2024,Royal Society of Chemistry,10.1039/d4nr01932f,https://doi.org/10.1039/d4nr01932f,https://pubs.rsc.org/en/content/articlepdf/2024/nr/d4nr01932f,downloaded_open_access_pdf,Theoretical/Ni/pdfs/T0150_Mechanistic_study_of_the_competition_between_carbon_dioxide_reduction_and_hydrogen_evoluti.pdf,本文关注 Ni 单原子位点在 carbon nitride 等载体上的催化行为，主要应用于CO2 reduction/conversion。 文章以理论计算、稳定性分析或反应路径筛选为主，可用于建立结构-活性关系和筛选候选催化剂。 摘要要点：We computationally screened metal-single-atom catalysts (M-SAC) on carbon nitride for selective CO 2 reduction. NiCN significantly lowered the rate-determining potential for CO 2 conversion to formic acid via the *OCHO key intermediate.,题名/摘要显示以 DFT、第一性原理或计算筛选为主，未识别到实验合成/表征关键词。
T0151,Theoretical,Mn; Fe; Co; Rh,graphene,oxygen reduction reaction,Single Transition Metal Atom Catalyst for a High-Performance Li–S Battery with a Graphdiyne–Graphene Heterostructure Host: A DFT Investigation + ML Predictions,ACS Catalysis,2024,American Chemical Society,10.1021/acscatal.4c02066,https://doi.org/10.1021/acscatal.4c02066,,no_open_pdf_in_metadata,,"本文关注 Mn, Fe, Co, Rh 单原子位点在 graphene 等载体上的催化行为，主要应用于oxygen reduction reaction。 文章以理论计算、稳定性分析或反应路径筛选为主，可用于建立结构-活性关系和筛选候选催化剂。 摘要要点：Shuttling of lithium polysulfides (LiPSs) and slow kinetics of the sulfur reduction reaction (SRR) are considered as the major roadblocks for achieving high-performance lithium–sulfur batteries (LSBs). The solution lies in optimizing the binding strength of Li",题名明确包含 computational、DFT、screening、theoretical 或 first-principles 等词，按纯理论计算归类。
T0152,Theoretical,Ni,graphene,hydrogen evolution reaction,Single‐Atom Catalyst Induced Amorphous Li 2 O 2 Layer Enduring Lithium–Oxygen Batteries with High Capacity,Advanced Functional Materials,2024,Wiley,10.1002/adfm.202410091,https://doi.org/10.1002/adfm.202410091,https://onlinelibrary.wiley.com/doi/pdfdirect/10.1002/adfm.202410091,download_failed: HTTPError,,"本文关注 Ni 单原子位点在 graphene 等载体上的催化行为，主要应用于hydrogen evolution reaction。 文章以理论计算、稳定性分析或反应路径筛选为主，可用于建立结构-活性关系和筛选候选催化剂。 摘要要点：Abstract Aprotic lithium–oxygen batteries (LOBs) may deliver exceptionally high energy density but struggle to attain rapid reversibility and substantial capacity simultaneously, due to typical surface or solution‐formed insulating solid Li 2 O 2 . Tuning the",题名/摘要显示以 DFT、第一性原理或计算筛选为主，未识别到实验合成/表征关键词。
T0153,Theoretical,Fe; Co; Ni; Cu,carbon/other support,hydrogen evolution reaction,Tailoring d-band center of high-valent metal-oxo species for pollutant removal via complete polymerization,Nature Communications,2024,Nature Portfolio,10.1038/s41467-024-46739-1,https://doi.org/10.1038/s41467-024-46739-1,https://www.nature.com/articles/s41467-024-46739-1.pdf,open_url_not_pdf,,"本文关注 Fe, Co, Ni, Cu 单原子位点在 carbon/other support 等载体上的催化行为，主要应用于hydrogen evolution reaction。 文章以理论计算、稳定性分析或反应路径筛选为主，可用于建立结构-活性关系和筛选候选催化剂。 摘要要点：Polymerization-driven removal of pollutants in advanced oxidation processes (AOPs) offers a sustainable way for the simultaneous achievement of contamination abatement and resource recovery, supporting a low-carbon water purification approach. However, regulat",题名/摘要显示以 DFT、第一性原理或计算筛选为主，未识别到实验合成/表征关键词。
T0154,Theoretical,Ni,graphene,hydrogen evolution reaction,The Role of Frustrated Lewis Pair in Catalytic Transfer Hydrogenation of Furfural using Nickel Single‐Atom Catalysts: A Theoretical Study,ChemPhysChem,2024,Wiley,10.1002/cphc.202400628,https://doi.org/10.1002/cphc.202400628,,no_open_pdf_in_metadata,,"本文关注 Ni 单原子位点在 graphene 等载体上的催化行为，主要应用于hydrogen evolution reaction。 文章以理论计算、稳定性分析或反应路径筛选为主，可用于建立结构-活性关系和筛选候选催化剂。 摘要要点：Abstract The burgeoning field of frustrated Lewis pair (FLP) heterogeneous catalysts has garnered significant interest in recent years, primarily due to their inherent ability to activate H‐source molecules, thereby facilitating hydrogenation reactions. In thi",题名明确包含 computational、DFT、screening、theoretical 或 first-principles 等词，按纯理论计算归类。
T0155,Theoretical,Fe,graphene,hydrogen evolution reaction,Theoretical Design and Study of a Single-Atom Catalyst in Lithium–Sulfur Batteries: Edge-Type FeN 4 Active Site Electron Density Redistribution Driven by Heteroatoms,ACS Applied Materials & Interfaces,2024,American Chemical Society,10.1021/acsami.4c09435,https://doi.org/10.1021/acsami.4c09435,,no_open_pdf_in_metadata,,"本文关注 Fe 单原子位点在 graphene 等载体上的催化行为，主要应用于hydrogen evolution reaction。 文章以理论计算、稳定性分析或反应路径筛选为主，可用于建立结构-活性关系和筛选候选催化剂。 摘要要点：Lithium–sulfur (Li–S) batteries are considered to be the most promising next-generation high energy density storage systems. However, they still face challenges, such as the shuttle effect of lithium polysulfides (LiPSs) and slow sulfur oxidation–reduction kin",题名明确包含 computational、DFT、screening、theoretical 或 first-principles 等词，按纯理论计算归类。
T0156,Theoretical,Co,N-doped graphene,CO2 reduction/conversion,Theoretical Study on the Electrocatalytic CO 2 Reduction Mechanism of Single-Atom Co Complexed Carbon-Based (Co–N χ @C) Catalysts Supported on Carbon Nanotubes,ACS Applied Materials & Interfaces,2024,American Chemical Society,10.1021/acsami.4c08246,https://doi.org/10.1021/acsami.4c08246,,no_open_pdf_in_metadata,,"本文关注 Co 单原子位点在 N-doped graphene 等载体上的催化行为，主要应用于CO2 reduction/conversion。 文章以理论计算、稳定性分析或反应路径筛选为主，可用于建立结构-活性关系和筛选候选催化剂。 摘要要点：Electrocatalytic CO2 reduction serves as an effective strategy to tackle energy crises and mitigate greenhouse gas effects. The development of efficient and cost-effective electrocatalysts has been a research hotspot in the field. In this study, we designed fo",题名明确包含 computational、DFT、screening、theoretical 或 first-principles 等词，按纯理论计算归类。
T0157,Theoretical,Co,graphene,oxygen reduction reaction,Theoretically Insight into Co and S Pairs Dispersed on N‐Doped Graphene: Promising Bifunctional Electrocatalysts for Oxygen Reduction/Evolution Reactions,Advanced Theory and Simulations,2024,Wiley,10.1002/adts.202400076,https://doi.org/10.1002/adts.202400076,https://onlinelibrary.wiley.com/doi/pdfdirect/10.1002/adts.202400076,download_failed: HTTPError,,本文关注 Co 单原子位点在 graphene 等载体上的催化行为，主要应用于oxygen reduction reaction。 文章以理论计算、稳定性分析或反应路径筛选为主，可用于建立结构-活性关系和筛选候选催化剂。 摘要要点：Abstract Single atom catalysts (SACs) are considered as efficient catalysts for hydrogen‐based energy conversion and storage because of their excellent catalytic performance for oxygen evolution reactions (OER) and oxygen reduction reactions (ORR). In the pres,题名明确包含 computational、DFT、screening、theoretical 或 first-principles 等词，按纯理论计算归类。
T0158,Theoretical,Fe,graphene,hydrogen evolution reaction,Transient co-tuning of atomic Fe and nanoparticle facets for self-relaying Fenton-like catalysis,Communications Materials,2024,Nature Portfolio,10.1038/s43246-024-00446-y,https://doi.org/10.1038/s43246-024-00446-y,https://www.nature.com/articles/s43246-024-00446-y.pdf,open_url_not_pdf,,"本文关注 Fe 单原子位点在 graphene 等载体上的催化行为，主要应用于hydrogen evolution reaction。 文章以理论计算、稳定性分析或反应路径筛选为主，可用于建立结构-活性关系和筛选候选催化剂。 摘要要点：Abstract Fenton-like catalysts are important materials for degrading refractory organic pollutants, however, they still suffer from limited oxidizing ability. Although single atoms and nanoparticles with high-index facets are commonly used in catalysis, their",题名/摘要明确显示 DFT、第一性原理、理论洞察或计算筛选为主，按纯理论计算归类。
T0159,Theoretical,V,graphene,oxygen reduction reaction,Yb-Modified Carbon-Based Bifunctional Oxygen Electrode Catalyst: A Density Functional Theory Study,The Journal of Physical Chemistry C,2024,American Chemical Society,10.1021/acs.jpcc.4c03420,https://doi.org/10.1021/acs.jpcc.4c03420,,no_open_pdf_in_metadata,,"本文关注 V 单原子位点在 graphene 等载体上的催化行为，主要应用于oxygen reduction reaction。 文章以理论计算、稳定性分析或反应路径筛选为主，可用于建立结构-活性关系和筛选候选催化剂。 摘要要点：The oxidation reduction reactions (ORR) and oxygen evolution reactions (OER) are crucial for the research of electrocatalysts. In this study, the single-atom catalysts (SACs) of Yb-doped graphene (YbNxC3–x) are extensively discussed using density functional th",题名/摘要明确显示 DFT、第一性原理、理论洞察或计算筛选为主，按纯理论计算归类。
T0160,Theoretical,V; Fe; Co; Ni; Ru; Pt,graphene,oxygen reduction reaction,Accurate Performance Assessment of Lithium–Oxygen Batteries by Obtaining the Globally Stable Structures of Reaction Intermediates,The Journal of Physical Chemistry Letters,2025,American Chemical Society,10.1021/acs.jpclett.5c01648,https://doi.org/10.1021/acs.jpclett.5c01648,,no_open_pdf_in_metadata,,"本文关注 V, Fe, Co, Ni, Ru, Pt 单原子位点在 graphene 等载体上的催化行为，主要应用于oxygen reduction reaction。 文章以理论计算、稳定性分析或反应路径筛选为主，可用于建立结构-活性关系和筛选候选催化剂。 摘要要点：Single-atom catalysts hold great promise for enhancing redox efficiency in nonaqueous lithium–oxygen batteries, but inconsistent performance evaluations persist due to the vast configurational space of LixOy discharge products. Here, we address this challenge",题名/摘要明确显示 DFT、第一性原理、理论洞察或计算筛选为主，按纯理论计算归类。
T0161,Theoretical,Mixed_or_unclear,MXene,hydrogen evolution reaction,Accurate Prediction of Adsorption and Diffusion Energies of Single Metal Atoms Supported on MXenes from Machine Learning,npj 2D Materials and Applications,2025,Nature Portfolio,10.1038/s41699-025-00638-1,https://doi.org/10.1038/s41699-025-00638-1,https://www.nature.com/articles/s41699-025-00638-1_reference.pdf,open_url_not_pdf,,"本文关注 Mixed_or_unclear 单原子位点在 MXene 等载体上的催化行为，主要应用于hydrogen evolution reaction。 文章以理论计算、稳定性分析或反应路径筛选为主，可用于建立结构-活性关系和筛选候选催化剂。 摘要要点：Single atom catalysts (SACs) are frontier composites maximizing the active phase activity, but require stabilization. This study conducted a high-throughput analysis of 54 pristine MXenes as supports for the 30 3d, 4d, and 5d transition metals (TMs), exploring",题名/摘要明确显示 DFT、第一性原理、理论洞察或计算筛选为主，按纯理论计算归类。
T0162,Theoretical,Ni; Cu; Pd; Ag; Pt; Au,carbon nitride,hydrogen evolution reaction,"Acetylene Semihydrogenation over the Flexible Heptazine-Based g-C 3 N 4 Monolayer with Embedded Single Atoms (SA = Cu, Ag, Au, Ni, Pd, Pt)",The Journal of Physical Chemistry C,2025,American Chemical Society,10.1021/acs.jpcc.5c02690,https://doi.org/10.1021/acs.jpcc.5c02690,,no_open_pdf_in_metadata,,"本文关注 Ni, Cu, Pd, Ag, Pt, Au 单原子位点在 carbon nitride 等载体上的催化行为，主要应用于hydrogen evolution reaction。 文章以理论计算、稳定性分析或反应路径筛选为主，可用于建立结构-活性关系和筛选候选催化剂。 摘要要点：Graphitic carbon nitride (g-C3N4) is a highly effective support for single-atom catalysts in semihydrogenation of alkynes, an important industrial reaction. However, the understanding of the synergistic effects between the transition metal single atoms (TM-SAs",题名/摘要明确显示 DFT、第一性原理、理论洞察或计算筛选为主，按纯理论计算归类。
T0163,Theoretical,Fe; Co; Ni,N-doped carbon,oxygen evolution reaction,Active Site Evolution of the TM-N 4 -C Single-Atom Catalyst during the Oxygen Evolution Reaction,The Journal of Physical Chemistry Letters,2025,American Chemical Society,10.1021/acs.jpclett.5c01900,https://doi.org/10.1021/acs.jpclett.5c01900,,no_open_pdf_in_metadata,,"本文关注 Fe, Co, Ni 单原子位点在 N-doped carbon 等载体上的催化行为，主要应用于oxygen evolution reaction。 文章以理论计算、稳定性分析或反应路径筛选为主，可用于建立结构-活性关系和筛选候选催化剂。 摘要要点：It has been well documented that single-atom catalysts (SACs) with transition-metal atoms embedded in a N-doped carbon matrix (TM-N4-C) exhibit great potential for the oxygen evolution reaction (OER). However, the nature of their active centers remains a long-",题名/摘要明确显示 DFT、第一性原理、理论洞察或计算筛选为主，按纯理论计算归类。
T0164,Theoretical,Co,carbon nitride,hydrogen evolution reaction,Amorphous Engineering Driving d‐Orbital High Spin Configuration for Almost 100% 1 O 2 ‐Mediated Fenton‐Like Reactions,Advanced Science,2025,Wiley,10.1002/advs.202503665,https://doi.org/10.1002/advs.202503665,https://onlinelibrary.wiley.com/doi/pdfdirect/10.1002/advs.202503665,download_failed: HTTPError,,"本文关注 Co 单原子位点在 carbon nitride 等载体上的催化行为，主要应用于hydrogen evolution reaction。 文章以理论计算、稳定性分析或反应路径筛选为主，可用于建立结构-活性关系和筛选候选催化剂。 摘要要点：Abstract The inherent atomic disorder in amorphous materials leads to unsaturated atomic sites or dangling bonds, effectively modulating the material's electronic states and rendering it an ideal platform for the growth of single atoms. Herein, the electronic",题名/摘要显示以 DFT、第一性原理或计算筛选为主，未识别到实验合成/表征关键词。
T0165,Theoretical,Fe,graphene,hydrogen evolution reaction,Axial Coordination of Iron Single-Atom Catalysts on Defective Graphene for Electrocatalytic Conversion of Nitric Oxide to Hydroxylamine: A Theoretical Investigation,Langmuir,2025,American Chemical Society,10.1021/acs.langmuir.5c03697,https://doi.org/10.1021/acs.langmuir.5c03697,,no_open_pdf_in_metadata,,"本文关注 Fe 单原子位点在 graphene 等载体上的催化行为，主要应用于hydrogen evolution reaction。 文章以理论计算、稳定性分析或反应路径筛选为主，可用于建立结构-活性关系和筛选候选催化剂。 摘要要点：With the rapid development of modern society and the chemical industry, the demand for hydroxylamine (NH2OH) has expanded significantly across diverse fields. However, its conventional synthesis remains challenged by severe pollution and intensive resource con",题名明确包含 computational、DFT、screening、theoretical 或 first-principles 等词，按纯理论计算归类。
T0166,Theoretical,Cu,graphene,CO2 reduction/conversion,CO 2 Reduction Mechanism Based on a Partially Reduced Cu Single-Atom Catalyst: A First-Principles Study,The Journal of Physical Chemistry C,2025,American Chemical Society,10.1021/acs.jpcc.4c08400,https://doi.org/10.1021/acs.jpcc.4c08400,,no_open_pdf_in_metadata,,"本文关注 Cu 单原子位点在 graphene 等载体上的催化行为，主要应用于CO2 reduction/conversion。 文章以理论计算、稳定性分析或反应路径筛选为主，可用于建立结构-活性关系和筛选候选催化剂。 摘要要点：Experimentally, CO can be generated as the main product at a lower negative potential. Since CO is the key intermediate of methanol synthesis and C–C coupling reactions, the catalyst should have a strong adsorption capacity for CO molecules. Theoretical comput",题名明确包含 computational、DFT、screening、theoretical 或 first-principles 等词，按纯理论计算归类。
T0167,Theoretical,Ti; Ni; Ru; Pt,graphene,hydrogen evolution reaction,"DFT Insights into Hydrogen Spillover Mechanisms: Effects of Metal Species, Size, and Support",The Journal of Physical Chemistry C,2025,American Chemical Society,10.1021/acs.jpcc.4c08097,https://doi.org/10.1021/acs.jpcc.4c08097,https://pubs.acs.org/doi/pdf/10.1021/acs.jpcc.4c08097?ref=article_openPDF,download_failed: HTTPError,,"本文关注 Ti, Ni, Ru, Pt 单原子位点在 graphene 等载体上的催化行为，主要应用于hydrogen evolution reaction。 文章以理论计算、稳定性分析或反应路径筛选为主，可用于建立结构-活性关系和筛选候选催化剂。 摘要要点：Hydrogen spillover is a crucial mechanism in heterogeneous catalysis. Herein, density functional theory calculations were conducted to study the metal–support interactions (MSI) and the hydrogen spillover mechanisms in terms of metal size, metal species, and s",题名明确包含 computational、DFT、screening、theoretical 或 first-principles 等词，按纯理论计算归类。
T0168,Theoretical,Cr; Mn; Ni; Cu,N-doped graphene,oxygen reduction reaction,DFT Study of Oxygen Adsorption by Single-Atom Catalysts on N-Doped Graphene: Implications for Oxygen Reduction Reactions,ACS Applied Nano Materials,2025,American Chemical Society,10.1021/acsanm.5c01990,https://doi.org/10.1021/acsanm.5c01990,,no_open_pdf_in_metadata,,"本文关注 Cr, Mn, Ni, Cu 单原子位点在 N-doped graphene 等载体上的催化行为，主要应用于oxygen reduction reaction。 文章以理论计算、稳定性分析或反应路径筛选为主，可用于建立结构-活性关系和筛选候选催化剂。 摘要要点：This study investigates the influence of transition metal magnetic moments on the adsorption and reactivity of molecular oxygen (O2) in nitrogen-doped graphene-supported single-atom catalyst systems using density functional theory calculations. We demonstrate",题名明确包含 computational、DFT、screening、theoretical 或 first-principles 等词，按纯理论计算归类。
T0169,Theoretical,V,graphene,oxygen reduction reaction,Density Functional Theory and Machine Learning Study of Zirconium-Based Single-Atom Catalysts on Graphene and Graphene Nanoribbons for Oxygen Reduction and Evolution,ACS Applied Nano Materials,2025,American Chemical Society,10.1021/acsanm.5c04485,https://doi.org/10.1021/acsanm.5c04485,,no_open_pdf_in_metadata,,"本文关注 V 单原子位点在 graphene 等载体上的催化行为，主要应用于oxygen reduction reaction。 文章以理论计算、稳定性分析或反应路径筛选为主，可用于建立结构-活性关系和筛选候选催化剂。 摘要要点：This work establishes a design principle for zirconium-based single-atom catalysts by linking their ORR/OER activity to specific atomic-scale descriptors. Singly boron-doped O–Zr–N4-graphene is identified as the optimal bifunctional catalyst (ηORR = 0.23 V, ηO",题名/摘要明确显示 DFT、第一性原理、理论洞察或计算筛选为主，按纯理论计算归类。
T0170,Theoretical,Ni; Cu,carbon nitride,hydrogen evolution reaction,Density functional theory study of nickel and copper single-atom catalysts on graphitic carbon nitride for benzene to phenol oxidation,Scientific Reports,2025,Nature Portfolio,10.1038/s41598-025-95763-8,https://doi.org/10.1038/s41598-025-95763-8,https://www.nature.com/articles/s41598-025-95763-8.pdf,open_url_not_pdf,,"本文关注 Ni, Cu 单原子位点在 carbon nitride 等载体上的催化行为，主要应用于hydrogen evolution reaction。 文章以理论计算、稳定性分析或反应路径筛选为主，可用于建立结构-活性关系和筛选候选催化剂。 摘要要点：During the present study, single-atom catalysts (SACs) were designed by decorating graphitic carbon nitride with copper (I) and nickel (I) ions. The designed catalysts were employed for studying the possible reaction pathways for benzene to phenol oxidation. T",题名/摘要明确显示 DFT、第一性原理、理论洞察或计算筛选为主，按纯理论计算归类。
T0171,Theoretical,V; Fe; Mo; Pt; Ga,graphene,CO2 reduction/conversion,Design of Single Atom Transition Metal‐Doped and N/P/S‐Modified Graphene TM ‐ N 3 S ‐ PC Catalysts for Efficient CO 2 Electrocatalytic Reduction: A DFT Study,International Journal of Quantum Chemistry,2025,Wiley,10.1002/qua.70137,https://doi.org/10.1002/qua.70137,,no_open_pdf_in_metadata,,"本文关注 V, Fe, Mo, Pt, Ga 单原子位点在 graphene 等载体上的催化行为，主要应用于CO2 reduction/conversion。 文章以理论计算、稳定性分析或反应路径筛选为主，可用于建立结构-活性关系和筛选候选催化剂。 摘要要点：ABSTRACT The catalytic reduction of CO 2 into high‐value carbon‐based compounds presents a promising strategy for sustainable energy supply and industrial applications. In this work, inspired by the experimentally synthesized Ga‐N 3 S‐PC catalyst, a catalyst f",题名明确包含 computational、DFT、screening、theoretical 或 first-principles 等词，按纯理论计算归类。
T0172,Theoretical,Fe,graphene oxide,hydrogen evolution reaction,Dual‐Functional Phosphorus‐Doped Iron Single‐Atom Catalyst on Reduced Graphene Oxide for Efficient Lithium–Sulfur Batteries: Simultaneous Polysulfides Trapping/Catalysis and Lithium Deposition Regulation,Small,2025,Wiley,10.1002/smll.202503596,https://doi.org/10.1002/smll.202503596,https://onlinelibrary.wiley.com/doi/pdfdirect/10.1002/smll.202503596,download_failed: HTTPError,,"本文关注 Fe 单原子位点在 graphene oxide 等载体上的催化行为，主要应用于hydrogen evolution reaction。 文章以理论计算、稳定性分析或反应路径筛选为主，可用于建立结构-活性关系和筛选候选催化剂。 摘要要点：The development of high-performance lithium-sulfur (Li-S) batteries is hindered by the complex interplay of lithium polysulfides (LiPSs) shuttle effects and uncontrolled lithium dendrite growth. Herein, we introduce a dual-functional-phosphorus-doped iron sing",题名/摘要明确显示 DFT、第一性原理、理论洞察或计算筛选为主，按纯理论计算归类。
T0173,Theoretical,V,graphene,CO2 reduction/conversion,Enhancing CO 2 RR Catalytic Activity of Graphene-Boron Nitride Heterostructures Based Single Atom Catalysts through Theoretical Design of Intrinsic Descriptor,ACS Applied Materials & Interfaces,2025,American Chemical Society,10.1021/acsami.5c16405,https://doi.org/10.1021/acsami.5c16405,,no_open_pdf_in_metadata,,"本文关注 V 单原子位点在 graphene 等载体上的催化行为，主要应用于CO2 reduction/conversion。 文章以理论计算、稳定性分析或反应路径筛选为主，可用于建立结构-活性关系和筛选候选催化剂。 摘要要点：Designing the efficient single atom catalysts (SACs) remains a hot topic in the research area of the electrochemical CO2 reduction reaction (CO2RR). In this study, 23 transition metals (TM) supported either on mono- or di-vacant sites of graphene-boron nitride",题名明确包含 computational、DFT、screening、theoretical 或 first-principles 等词，按纯理论计算归类。
T0174,Theoretical,Fe; Ru,N-doped graphene,hydrogen evolution reaction,Enhancing HER performance via nitrogen defects: a comparative DFT study of Fe and Ru single-atom catalysts on graphene,RSC Advances,2025,Royal Society of Chemistry,10.1039/d4ra09113b,https://doi.org/10.1039/d4ra09113b,https://pubs.rsc.org/en/content/articlepdf/2025/ra/d4ra09113b,downloaded_open_access_pdf,Theoretical/Fe/pdfs/T0174_Enhancing_HER_performance_via_nitrogen_defects_a_comparative_DFT_study_of_Fe_and_Ru_single.pdf,"本文关注 Fe, Ru 单原子位点在 N-doped graphene 等载体上的催化行为，主要应用于hydrogen evolution reaction。 文章以理论计算、稳定性分析或反应路径筛选为主，可用于建立结构-活性关系和筛选候选催化剂。 摘要要点：Exploring high-performance catalysts for the hydrogen evolution reaction (HER) is essential for the development of clean hydrogen energy. Single atom catalysts (SACs) have garnered significant attention due to their maximum atomic efficiency, high catalytic pe",题名明确包含 computational、DFT、screening、theoretical 或 first-principles 等词，按纯理论计算归类。
T0175,Theoretical,Fe; Ni; Cu; Pd; Ag; Sn,graphene,CO2 reduction/conversion,First-Principles Study of Bonding-Driven Selectivity in CO 2 Electroreduction on Metal–Nitrogen–Carbon Catalysts,The Journal of Physical Chemistry C,2025,American Chemical Society,10.1021/acs.jpcc.5c07261,https://doi.org/10.1021/acs.jpcc.5c07261,,no_open_pdf_in_metadata,,"本文关注 Fe, Ni, Cu, Pd, Ag, Sn 单原子位点在 graphene 等载体上的催化行为，主要应用于CO2 reduction/conversion。 文章以理论计算、稳定性分析或反应路径筛选为主，可用于建立结构-活性关系和筛选候选催化剂。 摘要要点：Single-atom catalysts (SACs) have emerged as promising candidates for the carbon dioxide reduction reaction (CO2RR), and the design of new SACs is of great significance. This study introduces a series of transition metal SACs anchored on nitrogen-doped single-",题名明确包含 computational、DFT、screening、theoretical 或 first-principles 等词，按纯理论计算归类。
T0176,Theoretical,Mixed_or_unclear,graphene,CO2 reduction/conversion,Graphene-based single-atom catalysts for electrochemical CO 2 reduction: unraveling the roles of metals and dopants in tuning activity,Physical Chemistry Chemical Physics,2025,Royal Society of Chemistry,10.1039/d4cp04212c,https://doi.org/10.1039/d4cp04212c,https://pubs.rsc.org/en/content/articlepdf/2025/cp/d4cp04212c,downloaded_open_access_pdf,Theoretical/Mixed_or_unclear/pdfs/T0176_Graphene-based_single-atom_catalysts_for_electrochemical_CO_2_reduction_unraveling_the_rol.pdf,本文关注 Mixed_or_unclear 单原子位点在 graphene 等载体上的催化行为，主要应用于CO2 reduction/conversion。 文章以理论计算、稳定性分析或反应路径筛选为主，可用于建立结构-活性关系和筛选候选催化剂。 摘要要点：This first-principles study discovers efficient single-atom catalysts (SACs) that can convert carbon dioxide to C 1 hydrocarbons and reveals the role of metal-coordination environment in tuning SAC reactivity.,题名/摘要明确显示 DFT、第一性原理、理论洞察或计算筛选为主，按纯理论计算归类。
T0177,Theoretical,V; Co,graphene,oxygen reduction reaction,Identification of Topological Metal g-C 2 N with High Activity and Selectivity for Versatile Oxygen Electrocatalysis,Langmuir,2025,American Chemical Society,10.1021/acs.langmuir.4c05171,https://doi.org/10.1021/acs.langmuir.4c05171,,no_open_pdf_in_metadata,,"本文关注 V, Co 单原子位点在 graphene 等载体上的催化行为，主要应用于oxygen reduction reaction。 文章以理论计算、稳定性分析或反应路径筛选为主，可用于建立结构-活性关系和筛选候选催化剂。 摘要要点：Two-dimensional (2D) carbon nitride materials are emerging as ideal supports for single-atom catalysts (SACs) due to their excellent physicochemical stability, abundant active sites, and ample capacity for metal loading. However, their intrinsic semiconducting",题名/摘要明确显示 DFT、第一性原理、理论洞察或计算筛选为主，按纯理论计算归类。
T0178,Theoretical,Fe,N-doped graphene,CO2 reduction/conversion,Iron Single-Atom Catalysts Anchored on Defect-Engineered N-Doped Graphene Reveal an Interplay between CO 2 Reduction Activity and Stability,ACS Sustainable Chemistry & Engineering,2025,American Chemical Society,10.1021/acssuschemeng.5c01417,https://doi.org/10.1021/acssuschemeng.5c01417,,no_open_pdf_in_metadata,,本文关注 Fe 单原子位点在 N-doped graphene 等载体上的催化行为，主要应用于CO2 reduction/conversion。 文章以理论计算、稳定性分析或反应路径筛选为主，可用于建立结构-活性关系和筛选候选催化剂。 摘要要点：The precise engineering of vacancies in nitrogen-doped graphene (NG) presents a promising strategy for stabilizing metal single-atom catalysts (SACs) and tuning their catalytic performance. We explore the role of vacancies in NG for stabilizing iron-based SACs,题名/摘要明确显示 DFT、第一性原理、理论洞察或计算筛选为主，按纯理论计算归类。
T0179,Theoretical,V; Ni,graphene,CO2 reduction/conversion,Machine Learning-Assisted Screening and Performance Prediction of Single-Atom Catalysts for Electrocatalytic CO 2 Conversion to CO,Energy & Fuels,2025,American Chemical Society,10.1021/acs.energyfuels.5c03078,https://doi.org/10.1021/acs.energyfuels.5c03078,,no_open_pdf_in_metadata,,"本文关注 V, Ni 单原子位点在 graphene 等载体上的催化行为，主要应用于CO2 reduction/conversion。 文章以理论计算、稳定性分析或反应路径筛选为主，可用于建立结构-活性关系和筛选候选催化剂。 摘要要点：To study the single-atom catalysts (SACs) for CO2 electrocatalytic reduction (CO2RR) to CO, three machine learning models [decision regression tree (DRT), random forest (RF), and gradient boosting decision tree (GBDT)] were trained and evaluated based on the d",题名明确包含 computational、DFT、screening、theoretical 或 first-principles 等词，按纯理论计算归类。
T0180,Theoretical,Fe,graphene,hydrogen evolution reaction,Manipulating the Second Coordination Shell of Single-Atom Fe for Enhanced Fenton Reaction,ACS Nano,2025,American Chemical Society,10.1021/acsnano.5c13343,https://doi.org/10.1021/acsnano.5c13343,,no_open_pdf_in_metadata,,"本文关注 Fe 单原子位点在 graphene 等载体上的催化行为，主要应用于hydrogen evolution reaction。 文章以理论计算、稳定性分析或反应路径筛选为主，可用于建立结构-活性关系和筛选候选催化剂。 摘要要点：While current methods use oxidizable metals as electron donors to effectively reduce Fe3+, they suffer from the irreversible oxidation of these metals, ultimately compromising the catalyst’s longevity. To address this challenge, we engineered the second coordi",题名/摘要显示以 DFT、第一性原理或计算筛选为主，未识别到实验合成/表征关键词。
T0181,Theoretical,Sc; V; Cr; Mn; Fe; Co; Zn; Ru,N-doped graphene,oxygen evolution reaction,"Nitrogen-doped graphene supported single-atom catalysts for efficient electrocatalytic oxidation of 5-hydroxymethylfurfural to 2,5-furandicarboxylic acid: a density functional theory study",Physical Chemistry Chemical Physics,2025,Royal Society of Chemistry,10.1039/d4cp04568h,https://doi.org/10.1039/d4cp04568h,,no_open_pdf_in_metadata,,"本文关注 Sc, V, Cr, Mn, Fe, Co, Zn, Ru 单原子位点在 N-doped graphene 等载体上的催化行为，主要应用于oxygen evolution reaction。 文章以理论计算、稳定性分析或反应路径筛选为主，可用于建立结构-活性关系和筛选候选催化剂。 摘要要点：Electrocatalytic oxidation of 5-hydroxymethylfurfural (HMF) to 2,5-furandicarboxylic acid (FDCA) is a promising alternative for oxygen evolution reactions. The search for efficient catalysts has been attracting increasing scientific attention. This work explor",题名/摘要明确显示 DFT、第一性原理、理论洞察或计算筛选为主，按纯理论计算归类。
T0182,Theoretical,V; Fe; Co; Ni; Cu,N-doped carbon,CO2 reduction/conversion,Nonprecious Triple-Atom Catalysts with Ultrahigh Activity for Electrochemical Reduction of Nitrate to Ammonia: A DFT Screening,ACS Applied Materials & Interfaces,2025,American Chemical Society,10.1021/acsami.4c17726,https://doi.org/10.1021/acsami.4c17726,https://pmc.ncbi.nlm.nih.gov/articles/PMC11803552/pdf/am4c17726.pdf,open_url_not_pdf,,"本文关注 V, Fe, Co, Ni, Cu 单原子位点在 N-doped carbon 等载体上的催化行为，主要应用于CO2 reduction/conversion。 文章以理论计算、稳定性分析或反应路径筛选为主，可用于建立结构-活性关系和筛选候选催化剂。 摘要要点：Electrochemical nitrate reduction to ammonia (NO3RR) is promising to not only tackle environmental issues caused by nitrate but also produce ammonia at room temperatures. However, two critical challenges are the lack of effective electrocatalysts and the under",题名明确包含 computational、DFT、screening、theoretical 或 first-principles 等词，按纯理论计算归类。
T0183,Theoretical,Pt; Sn,carbon nitride,hydrogen evolution reaction,Propane Dehydrogenation on Pt Single-Atom and Pt 4 and Pt 3 Sn Single-Cluster Supported on g-C 3 N 4 : A Theoretical Study,The Journal of Physical Chemistry C,2025,American Chemical Society,10.1021/acs.jpcc.4c07686,https://doi.org/10.1021/acs.jpcc.4c07686,,no_open_pdf_in_metadata,,"本文关注 Pt, Sn 单原子位点在 carbon nitride 等载体上的催化行为，主要应用于hydrogen evolution reaction。 文章以理论计算、稳定性分析或反应路径筛选为主，可用于建立结构-活性关系和筛选候选催化剂。 摘要要点：Propane dehydrogenation (PDH) is one of the most widely used processes to produce propylene. Platinum is an effective catalyst for PDH. However, metallic Pt facilitates deep dehydrogenation and coke formation. In contrast, small subnanoparticles and, at the li",题名明确包含 computational、DFT、screening、theoretical 或 first-principles 等词，按纯理论计算归类。
T0184,Theoretical,Fe; Pt,N-doped graphene,oxygen reduction reaction,Revealing the Potential-Dependent Rate-Determining Step of Oxygen Reduction Reaction on Single-Atom Catalysts,Journal of the American Chemical Society,2025,American Chemical Society,10.1021/jacs.4c16098,https://doi.org/10.1021/jacs.4c16098,,no_open_pdf_in_metadata,,"本文关注 Fe, Pt 单原子位点在 N-doped graphene 等载体上的催化行为，主要应用于oxygen reduction reaction。 文章以理论计算、稳定性分析或反应路径筛选为主，可用于建立结构-活性关系和筛选候选催化剂。 摘要要点：Single-atom catalysts (SACs) have attracted widespread attention due to their potential to replace platinum-based catalysts in achieving efficient oxygen reduction reaction (ORR), yet the rational optimization of SACs remains challenging due to their elusive r",题名/摘要显示以 DFT、第一性原理或计算筛选为主，未识别到实验合成/表征关键词。
T0185,Theoretical,V; Cr; Co; Ni; Zn,N-doped graphene,hydrogen evolution reaction,"Selective Remediation and Reduction of Cr(VI) to Cr(II) Using Carbon-Supported Co, Ni, and Zn Single-Atom Catalysts: A First-Principles Investigation",ACS Omega,2025,American Chemical Society,10.1021/acsomega.5c03892,https://doi.org/10.1021/acsomega.5c03892,,no_open_pdf_in_metadata,,"本文关注 V, Cr, Co, Ni, Zn 单原子位点在 N-doped graphene 等载体上的催化行为，主要应用于hydrogen evolution reaction。 文章以理论计算、稳定性分析或反应路径筛选为主，可用于建立结构-活性关系和筛选候选催化剂。 摘要要点：Hexavalent chromium (Cr(VI)) is a prevalent heavy metal contaminant in soil, exhibiting high biotoxicity and posing significant threats to both ecosystems and public health. Reducing Cr(VI) to lower oxidation states without introducing an additional reducing a",题名明确包含 computational、DFT、screening、theoretical 或 first-principles 等词，按纯理论计算归类。
T0186,Theoretical,Ti; Ni; Pd; W; Pt,graphene,oxygen reduction reaction,Single-atom vs. single-superatom as catalysts for ammonia production,Chemical Communications,2025,Royal Society of Chemistry,10.1039/d4cc04862h,https://doi.org/10.1039/d4cc04862h,https://pubs.rsc.org/en/content/articlepdf/2025/cc/d4cc04862h,downloaded_open_access_pdf,Theoretical/Ti/pdfs/T0186_Single-atom_vs._single-superatom_as_catalysts_for_ammonia_production.pdf,"本文关注 Ti, Ni, Pd, W, Pt 单原子位点在 graphene 等载体上的催化行为，主要应用于oxygen reduction reaction。 文章以理论计算、稳定性分析或反应路径筛选为主，可用于建立结构-活性关系和筛选候选催化剂。 摘要要点：A new class of single-superatom catalyst (TiO, ZrO, and WC) supported on graphene is shown to outperform the stability and activity of their corresponding single-atom catalysts (Ni, Pd and Pt) for the electrochemical nitrogen reduction reaction. The results ba",题名/摘要明确显示 DFT、第一性原理、理论洞察或计算筛选为主，按纯理论计算归类。
T0187,Theoretical,Ru,carbon/other support,hydrogen evolution reaction,Synergizing Mg Single Atoms and Ru Nanoclusters for Boosting the Ammonia Borane Hydrolysis to Produce Hydrogen,Angewandte Chemie International Edition,2025,Wiley,10.1002/anie.202424316,https://doi.org/10.1002/anie.202424316,https://onlinelibrary.wiley.com/doi/pdfdirect/10.1002/anie.202424316,download_failed: HTTPError,,"本文关注 Ru 单原子位点在 carbon/other support 等载体上的催化行为，主要应用于hydrogen evolution reaction。 文章以理论计算、稳定性分析或反应路径筛选为主，可用于建立结构-活性关系和筛选候选催化剂。 摘要要点：Abstract Development of efficient catalysts with high H 2 O molecule activation ability holds great importance for H 2 production. Herein, enzyme‐mimic Mg single atoms catalysts (SACs) coordinated by B/N‐doped carbon nanotube (BNC), was constructed as a high‐p",题名/摘要明确显示 DFT、第一性原理、理论洞察或计算筛选为主，按纯理论计算归类。
T0188,Theoretical,Ru,carbon/other support,hydrogen evolution reaction,Synergizing Mg Single Atoms and Ru Nanoclusters for Boosting the Ammonia Borane Hydrolysis to Produce Hydrogen,Angewandte Chemie,2025,Wiley,10.1002/ange.202424316,https://doi.org/10.1002/ange.202424316,,no_open_pdf_in_metadata,,"本文关注 Ru 单原子位点在 carbon/other support 等载体上的催化行为，主要应用于hydrogen evolution reaction。 文章以理论计算、稳定性分析或反应路径筛选为主，可用于建立结构-活性关系和筛选候选催化剂。 摘要要点：Abstract Development of efficient catalysts with high H 2 O molecule activation ability holds great importance for H 2 production. Herein, enzyme‐mimic Mg single atoms catalysts (SACs) coordinated by B/N‐doped carbon nanotube (BNC), was constructed as a high‐p",题名/摘要明确显示 DFT、第一性原理、理论洞察或计算筛选为主，按纯理论计算归类。
T0189,Theoretical,V; Mo; Ru,N-doped graphene,oxygen reduction reaction,Theoretical Insight into the Transition-Metal-Embedded Boron Nitride-Doped Graphene Single-Atom Catalysts for Electrochemical Nitrogen Reduction Reaction,The Journal of Physical Chemistry C,2025,American Chemical Society,10.1021/acs.jpcc.4c04481,https://doi.org/10.1021/acs.jpcc.4c04481,,no_open_pdf_in_metadata,,"本文关注 V, Mo, Ru 单原子位点在 N-doped graphene 等载体上的催化行为，主要应用于oxygen reduction reaction。 文章以理论计算、稳定性分析或反应路径筛选为主，可用于建立结构-活性关系和筛选候选催化剂。 摘要要点：Single-atom catalysts (SACs) have become attractive options for the efficient nitrogen reduction reaction (NRR) because of their unique properties in the activation of nitrogen molecules. As a novel two-dimensional material, boron nitride (BN)-doped graphene h",题名明确包含 computational、DFT、screening、theoretical 或 first-principles 等词，按纯理论计算归类。
T0190,Theoretical,Fe; Co; Ni; Cu,carbon/other support,oxygen reduction reaction,Why Do Weak-Binding M–N–C Single-Atom Catalysts Possess Anomalously High Oxygen Reduction Activity?,Journal of the American Chemical Society,2025,American Chemical Society,10.1021/jacs.4c16733,https://doi.org/10.1021/jacs.4c16733,https://pmc.ncbi.nlm.nih.gov/articles/PMC11848820/pdf/ja4c16733.pdf,open_url_not_pdf,,"本文关注 Fe, Co, Ni, Cu 单原子位点在 carbon/other support 等载体上的催化行为，主要应用于oxygen reduction reaction。 文章以理论计算、稳定性分析或反应路径筛选为主，可用于建立结构-活性关系和筛选候选催化剂。 摘要要点：Single-atom catalysts (SACs) with metal–nitrogen–carbon (M–N–C) structures are widely recognized as promising candidates in oxygen reduction reactions (ORR). According to the classical Sabatier principle, optimal 3d metal catalysts, such as Fe/Co–N–C, achieve",计算关键词占主导，按纯理论计算归类。
T0191,Theoretical,Ti,carbon/other support,CO2 reduction/conversion,Atomic Tuning of Metal‐Support Interactions for Pathway‐Selective CO 2 Photoreduction on TiO 2,Advanced Science,2026,Wiley,10.1002/advs.202521625,https://doi.org/10.1002/advs.202521625,https://onlinelibrary.wiley.com/doi/pdfdirect/10.1002/advs.202521625,download_failed: HTTPError,,本文关注 Ti 单原子位点在 carbon/other support 等载体上的催化行为，主要应用于CO2 reduction/conversion。 文章以理论计算、稳定性分析或反应路径筛选为主，可用于建立结构-活性关系和筛选候选催化剂。 摘要要点：ABSTRACT Photocatalytic CO 2 conversion demands precise control over multielectron reaction pathways to achieve selective solar fuel production. Atomically dispersed Fe and Cu catalysts on TiO 2 direct divergent photoreduction outcomes—CO via Fe and CH 4 /C 2,题名/摘要明确显示 DFT、第一性原理、理论洞察或计算筛选为主，按纯理论计算归类。
T0192,Theoretical,Co,graphene,CO2 reduction/conversion,B/N Co‐Doped Graphene for CO 2 Reduction to CH 4 : Role of Co‐Doping and Varied Coordination,Advanced Theory and Simulations,2026,Wiley,10.1002/adts.70382,https://doi.org/10.1002/adts.70382,,no_open_pdf_in_metadata,,"本文关注 Co 单原子位点在 graphene 等载体上的催化行为，主要应用于CO2 reduction/conversion。 文章以理论计算、稳定性分析或反应路径筛选为主，可用于建立结构-活性关系和筛选候选催化剂。 摘要要点：ABSTRACT Local coordination plays a crucial role in determining the activity and selectivity of transition‐metal single‐atom catalysts (TM SACs) for the CO 2 reduction reaction (CO 2 RR). Using density functional theory (DFT), we investigate the influence of B",题名/摘要明确显示 DFT、第一性原理、理论洞察或计算筛选为主，按纯理论计算归类。
T0193,Theoretical,Cu,N-doped graphene,oxygen reduction reaction,Decoding the electronic and structural fingerprints of single-atom catalysts via DFT-assisted XANES analysis,Nanoscale,2026,Royal Society of Chemistry,10.1039/d6nr00665e,https://doi.org/10.1039/d6nr00665e,https://pubs.rsc.org/en/content/articlepdf/2026/nr/d6nr00665e,downloaded_open_access_pdf,Theoretical/Cu/pdfs/T0193_Decoding_the_electronic_and_structural_fingerprints_of_single-atom_catalysts_via_DFT-assis.pdf,"本文关注 Cu 单原子位点在 N-doped graphene 等载体上的催化行为，主要应用于oxygen reduction reaction。 文章以理论计算、稳定性分析或反应路径筛选为主，可用于建立结构-活性关系和筛选候选催化剂。 摘要要点：O. We then employ this framework to reveal the oxidation state, coordination geometry, and hydration environment of Cu single atoms supported on cyanographene and N-doped graphene, demonstrating direct correspondence between spectral signatures and atomic-scal",题名明确包含 computational、DFT、screening、theoretical 或 first-principles 等词，按纯理论计算归类。
T0194,Theoretical,Sc; Ti; V; Cr; Mn; Fe; Co; Ni; Cu; Zn; Mo; Ru; Rh; W; Ir; Pt,graphene,oxygen reduction reaction,Designing Nonheme Single Atom Catalysts for Oxygen Reduction Reaction by High-Throughput Screening,ACS Applied Materials & Interfaces,2026,American Chemical Society,10.1021/acsami.6c02738,https://doi.org/10.1021/acsami.6c02738,,no_open_pdf_in_metadata,,"本文关注 Sc, Ti, V, Cr, Mn, Fe, Co, Ni, Cu, Zn, Mo, Ru, Rh, W, Ir, Pt 单原子位点在 graphene 等载体上的催化行为，主要应用于oxygen reduction reaction。 文章以理论计算、稳定性分析或反应路径筛选为主，可用于建立结构-活性关系和筛选候选催化剂。 摘要要点：Heme-based single-atom catalysts (SACs) have attracted significant interest for the oxygen reduction reaction (ORR). However, their poor electrochemical stability limits catalytic performance. Inspired by reports of nonheme-based SACs in electrocatalysis, we p",题名明确包含 computational、DFT、screening、theoretical 或 first-principles 等词，按纯理论计算归类。
T0195,Theoretical,Mixed_or_unclear,N-doped graphene,oxygen reduction reaction,Electronic Properties of Metal-/Nitrogen-Doped Graphene Single Atom Catalysts from First Principles,Energy & Fuels,2026,American Chemical Society,10.1021/acs.energyfuels.5c05539,https://doi.org/10.1021/acs.energyfuels.5c05539,,no_open_pdf_in_metadata,,"本文关注 Mixed_or_unclear 单原子位点在 N-doped graphene 等载体上的催化行为，主要应用于oxygen reduction reaction。 文章以理论计算、稳定性分析或反应路径筛选为主，可用于建立结构-活性关系和筛选候选催化剂。 摘要要点：Metal-/nitrogen-doped graphene catalysts (MNCs) are a promising class of materials for electrochemical energy conversion, owing to their ability to drive HER and ORR, though their rational design is hindered by the structural heterogeneity produced during synt",题名明确包含 computational、DFT、screening、theoretical 或 first-principles 等词，按纯理论计算归类。
T0196,Theoretical,Mn; Fe; Co; Ru,N-doped graphene,hydrogenation,Impact of metal and active site configurations in hydrogenation reactions with N-doped graphene single atom catalysts,Journal of Materials Chemistry A,2026,Royal Society of Chemistry,10.1039/d5ta08094k,https://doi.org/10.1039/d5ta08094k,https://pubs.rsc.org/en/content/articlepdf/2026/ta/d5ta08094k,downloaded_open_access_pdf,Theoretical/Mn/pdfs/T0196_Impact_of_metal_and_active_site_configurations_in_hydrogenation_reactions_with_N-doped_gra.pdf,"本文关注 Mn, Fe, Co, Ru 单原子位点在 N-doped graphene 等载体上的催化行为，主要应用于hydrogenation。 文章以理论计算、稳定性分析或反应路径筛选为主，可用于建立结构-活性关系和筛选候选催化剂。 摘要要点：A computational study of graphene SACs (Fe, Co, Mn, Ru) shows that the active-site configuration dictates hydrogenation: pyrrolic NHNH is the most preferred, except for Ru. NBO/NEDA rationalize trends, guiding design beyond metal choice.",题名/摘要显示以 DFT、第一性原理或计算筛选为主，未识别到实验合成/表征关键词。
T0197,Theoretical,Cu,N-doped carbon,hydrogen evolution reaction,Potential-Driven Evolution of Coordination and Oxidation State in Cu–N–C Delivers Efficient and Selective Acetylene Semihydrogenation,Journal of the American Chemical Society,2026,American Chemical Society,10.1021/jacs.6c01236,https://doi.org/10.1021/jacs.6c01236,,no_open_pdf_in_metadata,,"本文关注 Cu 单原子位点在 N-doped carbon 等载体上的催化行为，主要应用于hydrogen evolution reaction。 文章以理论计算、稳定性分析或反应路径筛选为主，可用于建立结构-活性关系和筛选候选催化剂。 摘要要点：Electrocatalytic acetylene semihydrogenation (eASH) offers a sustainable route for ethylene purification, and the Cu single-atom catalyst (SAC) anchored on N-doped carbon (Cu–N–C) delivers exceptional performance in catalyzing eASH. However, identifying its tr",题名/摘要明确显示 DFT、第一性原理、理论洞察或计算筛选为主，按纯理论计算归类。
T0198,Theoretical,Cu,carbon/other support,oxygen reduction reaction,Regulating Cu Atom Dispersity on Nitrogen‐Doped Carbon for Boosting Electrocatalytic Nitrate Reduction in Strongly Acidic Media,Small,2026,Wiley,10.1002/smll.202513666,https://doi.org/10.1002/smll.202513666,https://onlinelibrary.wiley.com/doi/pdfdirect/10.1002/smll.202513666,download_failed: HTTPError,,"本文关注 Cu 单原子位点在 carbon/other support 等载体上的催化行为，主要应用于oxygen reduction reaction。 文章以理论计算、稳定性分析或反应路径筛选为主，可用于建立结构-活性关系和筛选候选催化剂。 摘要要点：ABSTRACT Producing ammonia (NH 3 ) by nitrate reduction reaction (NO 3 RR) under acidic conditions has considerable economic value, but there is still a lack of stable and efficient catalysts, due to the complex NO 3 RR process, strongly competing hydrogen evo",题名/摘要显示以 DFT、第一性原理或计算筛选为主，未识别到实验合成/表征关键词。
T0199,Theoretical,Zn,carbon/other support,hydrogen evolution reaction,Synergistic Anion-Mediated Conversion and Single-Atom Catalysis Enable Fast and Reversible Iodine Redox Kinetics,ACS electrochemistry.,2026,American Chemical Society,10.1021/acselectrochem.6c00132,https://doi.org/10.1021/acselectrochem.6c00132,https://pubs.acs.org/doi/pdf/10.1021/acselectrochem.6c00132?ref=article_openPDF,download_failed: HTTPError,,"本文关注 Zn 单原子位点在 carbon/other support 等载体上的催化行为，主要应用于hydrogen evolution reaction。 文章以理论计算、稳定性分析或反应路径筛选为主，可用于建立结构-活性关系和筛选候选催化剂。 摘要要点：Aqueous Zinc–iodine (Zn–I2) battery represents a promising candidate for large-scale energy storage due to its inherent safety and high theoretical capacity. Its deployment, however, is hampered by the sluggish multi-step iodine conversion kinetics and polyiod",题名/摘要显示以 DFT、第一性原理或计算筛选为主，未识别到实验合成/表征关键词。
